Div,Date,Time,HomeTeam,AwayTeam,FTHG,FTAG,FTR,HTHG,HTAG,HTR,HS,AS,HST,AST,HF,AF,HC,AC,HY,AY,HR,AR,B365H,B365D,B365A,BWH,BWD,BWA,IWH,IWD,IWA,PSH,PSD,PSA,WHH,WHD,WHA,VCH,VCD,VCA,MaxH,MaxD,MaxA,AvgH,AvgD,AvgA,B365>2.5,B365<2.5,P>2.5,P<2.5,Max>2.5,Max<2.5,Avg>2.5,Avg<2.5,AHh,B365AHH,B365AHA,PAHH,PAHA,MaxAHH,MaxAHA,AvgAHH,AvgAHA,B365CH,B365CD,B365CA,BWCH,BWCD,BWCA,IWCH,IWCD,IWCA,PSCH,PSCD,PSCA,WHCH,WHCD,WHCA,VCCH,VCCD,VCCA,MaxCH,MaxCD,MaxCA,AvgCH,AvgCD,AvgCA,B365C>2.5,B365C<2.5,PC>2.5,PC<2.5,MaxC>2.5,MaxC<2.5,AvgC>2.5,AvgC<2.5,AHCh,B365CAHH,B365CAHA,PCAHH,PCAHA,MaxCAHH,MaxCAHA,AvgCAHH,AvgCAHA,Referee,home_cards,away_cards,total_cards,BFH,BFD,BFA,1XBH,1XBD,1XBA,BFEH,BFED,BFEA,BFE>2.5,BFE<2.5,BFEAHH,BFEAHA,BFCH,BFCD,BFCA,1XBCH,1XBCD,1XBCA,BFECH,BFECD,BFECA,BFEC>2.5,BFEC<2.5,BFECAHH,BFECAHA,BFDH,BFDD,BFDA,BMGMH,BMGMD,BMGMA,BVH,BVD,BVA,CLH,CLD,CLA,LBH,LBD,LBA,BFDCH,BFDCD,BFDCA,BMGMCH,BMGMCD,BMGMCA,BVCH,BVCD,BVCA,CLCH,CLCD,CLCA,LBCH,LBCD,LBCA,HxG,AxG,PPH,PPD,PPA,SKBH,SKBD,SKBA,PPCH,PPCD,PPCA,SKBCH,SKBCD,SKBCA,HomeClean,AwayClean
F1,11/08/2023,20:00,Nice,Lille,1,1,D,1,0,H,8,12,3,5,13,9,3,3,3,2,0,0,2.6,3.5,2.7,2.6,3.4,2.65,2.55,3.4,2.75,2.63,3.47,2.83,2.38,3.1,2.6,2.55,3.3,2.75,2.7,3.62,2.86,2.57,3.42,2.76,1.92,1.98,1.93,1.97,1.98,2.05,1.88,1.94,0.0,1.88,2.05,1.89,2.04,1.94,2.06,1.87,2.01,2.45,3.5,2.9,2.45,3.3,2.85,2.55,3.35,2.75,2.5,3.48,2.99,2.38,3.1,2.6,2.45,3.3,2.88,2.62,3.56,2.99,2.49,3.4,2.86,1.92,1.98,1.92,1.99,1.98,2.06,1.89,1.93,0.0,1.81,2.13,1.79,2.14,1.86,2.15,1.81,2.07,Unknown,3,2,5,,,,,,,,,,,,,,,,,,,,,,,,,,,,,,,,,,,,,,,,,,,,,,,,,,,,,,,,,,,,,,,,,,,,,,,nice,lille
F1,12/08/2023,16:00,Marseille,Reims,2,1,H,1,1,D,14,11,4,4,7,16,10,10,1,3,0,0,1.7,4.0,4.75,1.65,4.1,4.8,1.7,3.95,4.8,1.73,4.04,4.89,1.6,3.6,4.5,1.67,3.8,5.0,1.75,4.2,5.0,1.7,3.98,4.82,1.8,2.0,1.81,2.08,1.85,2.13,1.78,2.05,-0.75,1.92,1.98,1.93,1.97,1.94,2.01,1.88,1.96,1.95,3.75,3.8,1.95,3.6,3.7,1.9,3.6,4.0,2.01,3.72,3.91,1.75,3.4,3.9,1.91,3.5,4.0,2.01,3.94,4.7,1.9,3.69,4.03,1.85,2.05,1.86,2.05,1.99,2.07,1.85,1.97,-0.5,2.03,1.9,2.01,1.92,2.03,2.11,1.9,1.96,Unknown,1,3,4,,,,,,,,,,,,,,,,,,,,,,,,,,,,,,,,,,,,,,,,,,,,,,,,,,,,,,,,,,,,,,,,,,,,,,,marseille,reims
F1,12/08/2023,20:00,Paris SG,Lorient,0,0,D,0,0,D,20,4,4,0,8,6,9,2,0,0,0,0,1.33,5.5,7.5,1.32,5.5,9.0,1.37,5.5,7.5,1.35,5.73,8.38,1.25,5.0,7.5,1.3,5.5,9.5,1.4,6.2,9.5,1.33,5.56,8.53,1.5,2.63,1.53,2.64,1.53,2.7,1.5,2.6,-1.5,1.99,1.91,1.99,1.92,2.0,1.98,1.94,1.91,1.4,4.75,7.0,1.4,4.8,7.75,1.4,4.8,7.5,1.44,4.81,7.83,1.3,4.4,7.5,1.36,4.75,8.5,1.44,5.1,8.5,1.4,4.77,7.89,1.8,2.0,1.83,2.08,1.83,2.2,1.78,2.06,-1.25,2.0,1.93,1.99,1.93,2.0,1.98,1.92,1.93,Unknown,0,0,0,,,,,,,,,,,,,,,,,,,,,,,,,,,,,,,,,,,,,,,,,,,,,,,,,,,,,,,,,,,,,,,,,,,,,,,paris sg,lorient
F1,13/08/2023,12:00,Brest,Lens,3,2,H,1,2,A,15,10,8,2,13,15,6,8,2,3,0,1,4.0,3.5,1.91,3.9,3.5,1.93,3.9,3.5,1.95,4.01,3.62,1.99,3.4,3.25,1.91,3.8,3.3,1.9,4.1,3.75,2.05,3.88,3.53,1.96,2.05,1.85,2.05,1.85,2.08,1.88,2.01,1.82,0.5,1.91,1.99,1.92,1.99,1.94,2.0,1.89,1.96,3.5,3.2,2.15,3.5,3.25,2.15,3.55,3.25,2.15,3.72,3.33,2.2,3.2,3.0,2.1,3.6,3.2,2.15,3.92,3.4,2.24,3.59,3.26,2.15,2.2,1.67,2.34,1.66,2.44,1.75,2.25,1.65,0.25,2.02,1.88,2.05,1.88,2.11,1.9,2.0,1.84,Unknown,2,5,7,,,,,,,,,,,,,,,,,,,,,,,,,,,,,,,,,,,,,,,,,,,,,,,,,,,,,,,,,,,,,,,,,,,,,,,brest,lens
F1,13/08/2023,14:00,Clermont,Monaco,2,4,A,1,2,A,15,14,7,8,7,16,6,2,0,4,0,0,3.6,3.6,2.0,3.5,3.7,2.0,3.4,3.6,2.1,3.69,3.8,2.02,3.1,3.3,2.0,3.4,3.4,2.0,3.74,4.0,2.12,3.48,3.7,2.04,1.73,2.1,1.75,2.17,1.79,2.25,1.72,2.13,0.5,1.85,2.05,1.88,2.02,1.88,2.1,1.83,2.04,3.0,3.4,2.38,2.9,3.4,2.35,2.95,3.45,2.4,3.06,3.53,2.43,2.7,3.2,2.25,2.9,3.4,2.38,3.28,3.62,2.47,2.96,3.48,2.36,1.8,2.0,1.83,2.08,1.85,2.13,1.8,2.03,0.25,1.82,2.08,1.85,2.09,1.89,2.12,1.82,2.04,Unknown,0,4,4,,,,,,,,,,,,,,,,,,,,,,,,,,,,,,,,,,,,,,,,,,,,,,,,,,,,,,,,,,,,,,,,,,,,,,,clermont,monaco
F1,13/08/2023,14:00,Montpellier,Le Havre,2,2,D,0,1,A,15,12,5,4,8,12,5,2,1,2,0,0,1.91,3.6,4.0,1.88,3.5,4.2,1.9,3.55,4.2,2.04,3.47,3.99,1.8,3.2,3.9,1.87,3.25,4.0,2.04,3.65,4.3,1.95,3.49,4.02,2.1,1.73,2.15,1.76,2.21,1.8,2.1,1.74,-0.5,1.98,1.92,2.04,1.87,2.04,1.96,1.96,1.9,1.7,3.8,5.0,1.72,3.6,5.0,1.7,3.7,5.25,1.73,3.82,5.41,1.62,3.3,4.75,1.67,3.6,5.5,1.82,4.0,5.5,1.72,3.67,5.11,2.1,1.73,2.15,1.78,2.17,1.81,2.11,1.74,-0.75,1.93,1.97,1.95,1.97,2.04,1.99,1.93,1.92,Unknown,1,2,3,,,,,,,,,,,,,,,,,,,,,,,,,,,,,,,,,,,,,,,,,,,,,,,,,,,,,,,,,,,,,,,,,,,,,,,montpellier,le havre
F1,13/08/2023,14:00,Nantes,Toulouse,1,2,A,1,0,H,9,9,4,5,14,14,7,5,2,2,0,0,2.5,3.4,2.75,2.5,3.4,2.75,2.6,3.4,2.7,2.66,3.36,2.82,2.3,3.1,2.7,2.55,3.2,2.63,2.7,3.54,2.86,2.57,3.38,2.74,2.03,1.87,2.05,1.85,2.06,1.91,1.98,1.85,0.0,1.88,2.02,1.89,2.01,1.95,2.07,1.87,1.99,3.0,3.4,2.3,3.0,3.4,2.35,2.95,3.4,2.4,3.09,3.48,2.43,2.8,3.1,2.25,3.1,3.3,2.3,3.14,3.52,2.44,2.96,3.41,2.37,1.92,1.98,1.94,1.96,1.95,2.03,1.89,1.91,0.25,1.83,2.07,1.85,2.09,1.89,2.1,1.81,2.04,Unknown,2,2,4,,,,,,,,,,,,,,,,,,,,,,,,,,,,,,,,,,,,,,,,,,,,,,,,,,,,,,,,,,,,,,,,,,,,,,,nantes,toulouse
F1,13/08/2023,16:05,Rennes,Metz,5,1,H,1,1,D,29,9,14,3,7,10,5,4,0,2,0,0,1.4,4.75,7.5,1.41,4.75,7.5,1.43,4.7,7.0,1.42,5.07,7.64,1.36,4.2,6.5,1.36,4.4,7.5,1.46,5.2,8.0,1.41,4.75,7.59,1.73,2.1,1.75,2.16,1.81,2.17,1.75,2.1,-1.25,1.96,1.94,1.94,1.96,2.0,1.96,1.93,1.91,1.62,4.2,4.75,1.63,4.1,5.0,1.67,4.1,4.8,1.69,4.21,5.13,1.53,3.75,4.8,1.62,4.0,5.25,1.7,4.33,5.6,1.63,4.09,5.09,1.73,2.1,1.75,2.19,1.82,2.21,1.71,2.12,-0.75,1.87,2.03,1.88,2.05,1.89,2.15,1.81,2.04,Unknown,0,2,2,,,,,,,,,,,,,,,,,,,,,,,,,,,,,,,,,,,,,,,,,,,,,,,,,,,,,,,,,,,,,,,,,,,,,,,rennes,metz
F1,13/08/2023,19:45,Strasbourg,Lyon,2,1,H,0,0,D,8,23,2,7,8,11,1,6,2,2,0,0,2.55,3.6,2.55,2.6,3.6,2.5,2.6,3.6,2.6,2.61,3.55,2.76,2.6,3.3,2.3,2.5,3.4,2.55,2.67,3.85,2.76,2.57,3.62,2.61,1.73,2.1,1.74,2.17,1.79,2.21,1.71,2.15,0.0,1.91,1.99,1.9,2.01,1.95,2.02,1.9,1.95,2.45,3.6,2.7,2.4,3.5,2.8,2.45,3.55,2.75,2.55,3.6,2.83,2.25,3.25,2.7,2.5,3.5,2.7,2.68,3.75,2.83,2.49,3.57,2.73,1.73,2.1,1.71,2.24,1.73,2.3,1.68,2.19,0.0,1.84,2.06,1.87,2.07,1.91,2.08,1.85,2.01,Unknown,2,2,4,,,,,,,,,,,,,,,,,,,,,,,,,,,,,,,,,,,,,,,,,,,,,,,,,,,,,,,,,,,,,,,,,,,,,,,strasbourg,lyon
F1,18/08/2023,20:00,Metz,Marseille,2,2,D,0,1,A,10,22,5,5,15,9,4,9,3,2,1,0,5.0,4.0,1.67,4.75,3.9,1.7,4.6,3.85,1.73,4.96,4.13,1.72,4.0,3.6,1.67,4.8,3.9,1.67,5.0,4.24,1.75,4.76,4.01,1.71,1.73,2.1,1.71,2.25,1.74,2.28,1.69,2.2,0.75,2.0,1.93,2.01,1.92,2.01,1.94,1.96,1.88,4.75,4.0,1.7,4.5,3.9,1.73,4.4,3.8,1.77,4.86,4.0,1.76,4.0,3.6,1.67,4.75,3.8,1.7,5.14,4.2,1.77,4.65,3.93,1.73,1.73,2.1,1.78,2.15,1.82,2.17,1.74,2.1,0.75,1.95,1.98,1.95,1.97,2.01,2.0,1.91,1.93,Unknown,5,2,7,,,,,,,,,,,,,,,,,,,,,,,,,,,,,,,,,,,,,,,,,,,,,,,,,,,,,,,,,,,,,,,,,,,,,,,metz,marseille
F1,19/08/2023,18:00,Lyon,Montpellier,1,4,A,0,2,A,7,14,3,8,20,10,6,2,4,1,1,0,1.7,4.2,4.33,1.7,4.1,4.5,1.73,4.1,4.4,1.72,4.25,4.67,1.57,3.9,4.33,1.7,4.0,4.6,1.77,4.35,4.75,1.71,4.16,4.53,1.57,2.38,1.6,2.44,1.64,2.47,1.58,2.38,-0.75,1.9,2.0,1.91,2.0,1.95,2.02,1.87,1.97,1.85,4.0,3.6,1.87,3.9,3.7,1.9,4.1,3.65,1.93,4.08,3.84,1.8,3.6,3.4,1.87,3.9,3.7,1.94,4.25,4.0,1.88,4.02,3.76,1.5,2.63,1.53,2.64,1.53,2.7,1.5,2.58,-0.5,1.94,1.99,1.93,1.99,1.95,2.06,1.89,1.97,Unknown,6,1,7,,,,,,,,,,,,,,,,,,,,,,,,,,,,,,,,,,,,,,,,,,,,,,,,,,,,,,,,,,,,,,,,,,,,,,,lyon,montpellier
F1,19/08/2023,20:00,Toulouse,Paris SG,1,1,D,0,0,D,8,16,2,3,8,11,5,5,0,3,0,0,4.75,4.2,1.65,4.75,4.1,1.66,4.9,4.2,1.65,5.01,4.25,1.68,4.2,4.0,1.57,5.0,4.1,1.62,5.25,4.45,1.72,4.87,4.2,1.67,1.57,2.38,1.62,2.4,1.62,2.45,1.58,2.37,0.75,2.08,1.82,2.06,1.85,2.16,1.89,2.01,1.82,4.5,4.0,1.73,4.4,4.0,1.73,4.6,4.1,1.7,4.82,4.07,1.74,4.4,3.6,1.62,4.75,4.0,1.67,5.0,4.3,1.78,4.63,4.04,1.73,1.67,2.2,1.67,2.32,1.7,2.4,1.63,2.28,0.75,1.97,1.96,1.98,1.94,2.02,1.99,1.95,1.9,Unknown,0,3,3,,,,,,,,,,,,,,,,,,,,,,,,,,,,,,,,,,,,,,,,,,,,,,,,,,,,,,,,,,,,,,,,,,,,,,,toulouse,paris sg
F1,20/08/2023,12:00,Lille,Nantes,2,0,H,0,0,D,18,14,8,4,8,15,7,5,0,2,1,0,1.4,5.0,7.0,1.41,4.8,7.25,1.43,4.8,7.0,1.43,4.96,7.54,1.36,4.2,6.5,1.36,4.5,7.5,1.47,5.1,8.0,1.42,4.81,7.45,1.67,2.2,1.7,2.22,1.76,2.28,1.69,2.18,-1.25,1.94,1.96,1.94,1.96,1.98,1.98,1.92,1.92,1.44,4.75,6.5,1.44,4.6,6.75,1.45,4.7,6.75,1.47,4.9,7.07,1.33,4.4,7.0,1.4,4.75,7.5,1.48,5.25,8.5,1.43,4.81,7.25,1.67,2.2,1.66,2.32,1.7,2.35,1.65,2.26,-1.25,2.04,1.89,2.02,1.9,2.04,2.0,1.95,1.89,Unknown,2,2,4,,,,,,,,,,,,,,,,,,,,,,,,,,,,,,,,,,,,,,,,,,,,,,,,,,,,,,,,,,,,,,,,,,,,,,,lille,nantes
F1,20/08/2023,14:00,Le Havre,Brest,1,2,A,0,1,A,18,10,7,5,18,15,5,3,0,2,0,0,2.7,3.2,2.7,2.6,3.2,2.75,2.65,3.2,2.75,2.82,3.22,2.76,2.45,3.0,2.6,2.55,3.1,2.7,2.84,3.39,2.81,2.72,3.2,2.74,2.2,1.67,2.27,1.68,2.3,1.73,2.22,1.67,0.0,1.95,1.95,1.97,1.93,1.97,2.0,1.93,1.94,2.8,3.1,2.75,2.85,3.0,2.7,2.8,3.05,2.75,2.95,3.04,2.83,2.7,2.9,2.45,2.8,3.0,2.7,3.02,3.14,2.83,2.88,3.02,2.73,2.63,1.5,2.65,1.53,2.67,1.56,2.53,1.52,0.0,2.0,1.93,2.01,1.92,2.06,1.95,1.98,1.89,Unknown,0,2,2,,,,,,,,,,,,,,,,,,,,,,,,,,,,,,,,,,,,,,,,,,,,,,,,,,,,,,,,,,,,,,,,,,,,,,,le havre,brest
F1,20/08/2023,14:00,Lorient,Nice,1,1,D,0,0,D,9,21,2,8,8,10,0,9,1,1,0,0,3.4,3.4,2.15,3.2,3.5,2.2,3.3,3.45,2.2,3.49,3.52,2.19,3.0,3.2,2.1,3.25,3.25,2.1,3.58,3.62,2.25,3.35,3.46,2.18,2.0,1.9,1.99,1.9,2.01,1.93,1.95,1.87,0.25,2.01,1.89,2.02,1.88,2.03,1.92,1.97,1.87,3.3,3.25,2.25,3.2,3.25,2.25,3.25,3.3,2.3,3.4,3.35,2.33,3.0,3.2,2.1,3.3,3.25,2.25,3.59,3.5,2.35,3.3,3.29,2.28,2.1,1.73,2.17,1.76,2.25,1.81,2.11,1.74,0.25,1.93,2.0,1.93,1.98,1.96,2.02,1.9,1.95,Unknown,1,1,2,,,,,,,,,,,,,,,,,,,,,,,,,,,,,,,,,,,,,,,,,,,,,,,,,,,,,,,,,,,,,,,,,,,,,,,lorient,nice
F1,20/08/2023,14:00,Reims,Clermont,2,0,H,1,0,H,8,11,4,4,9,6,3,10,0,0,0,0,1.85,3.75,4.0,1.82,3.8,4.1,1.9,3.75,3.95,1.93,3.72,4.1,1.7,3.6,3.9,1.83,3.5,3.9,1.96,4.0,4.2,1.89,3.71,4.04,1.86,2.04,1.8,2.09,1.88,2.1,1.8,2.02,-0.5,1.91,1.99,1.93,1.97,1.93,2.0,1.89,1.96,1.83,3.75,4.0,1.87,3.6,4.0,1.9,3.7,4.0,1.88,3.74,4.46,1.8,3.3,3.75,1.85,3.6,4.2,1.95,3.86,4.46,1.88,3.67,4.16,1.89,2.01,1.91,2.0,1.92,2.03,1.87,1.95,-0.5,1.87,2.06,1.88,2.05,1.93,2.07,1.88,1.97,Unknown,0,0,0,,,,,,,,,,,,,,,,,,,,,,,,,,,,,,,,,,,,,,,,,,,,,,,,,,,,,,,,,,,,,,,,,,,,,,,reims,clermont
F1,20/08/2023,16:05,Monaco,Strasbourg,3,0,H,2,0,H,9,4,4,1,19,16,4,3,2,1,0,0,1.8,4.0,4.0,1.78,4.0,4.1,1.83,3.9,4.0,1.84,4.1,4.13,1.73,3.5,3.8,1.73,3.7,4.2,1.87,4.2,4.33,1.81,3.96,4.13,1.67,2.2,1.68,2.28,1.71,2.32,1.67,2.22,-0.75,2.05,1.85,2.07,1.84,2.07,1.91,2.01,1.83,1.75,4.2,4.0,1.82,3.9,3.9,1.8,4.0,3.95,1.8,4.24,4.32,1.73,3.5,3.8,1.75,3.9,4.33,1.85,4.33,4.4,1.78,4.08,4.17,1.57,2.38,1.6,2.47,1.62,2.53,1.58,2.39,-0.75,2.03,1.9,2.01,1.91,2.07,1.93,1.98,1.87,Unknown,2,1,3,,,,,,,,,,,,,,,,,,,,,,,,,,,,,,,,,,,,,,,,,,,,,,,,,,,,,,,,,,,,,,,,,,,,,,,monaco,strasbourg
F1,20/08/2023,19:45,Lens,Rennes,1,1,D,1,0,H,15,10,4,5,15,10,11,0,2,1,0,0,2.4,3.6,2.75,2.4,3.6,2.75,2.45,3.6,2.75,2.42,3.78,2.86,2.25,3.3,2.62,2.38,3.3,2.7,2.5,3.81,2.91,2.42,3.63,2.78,1.73,2.1,1.72,2.21,1.78,2.26,1.71,2.15,-0.25,2.08,1.73,2.11,1.81,2.16,1.84,2.09,1.77,2.3,3.5,3.0,2.4,3.4,2.87,2.45,3.5,2.85,2.45,3.53,3.02,2.25,3.3,2.62,2.38,3.4,2.9,2.45,3.6,3.11,2.37,3.46,2.97,1.94,1.96,1.93,1.97,1.99,2.0,1.88,1.93,-0.25,2.07,1.86,2.11,1.83,2.11,1.9,2.04,1.82,Unknown,2,1,3,,,,,,,,,,,,,,,,,,,,,,,,,,,,,,,,,,,,,,,,,,,,,,,,,,,,,,,,,,,,,,,,,,,,,,,lens,rennes
F1,25/08/2023,20:00,Nantes,Monaco,3,3,D,2,1,H,3,27,3,10,8,7,1,10,2,2,0,0,4.75,3.8,1.73,,,,4.6,3.85,1.73,4.87,3.81,1.79,4.0,3.6,1.67,4.1,3.7,1.83,4.9,4.02,1.83,4.59,3.82,1.77,1.73,2.1,1.75,2.18,1.82,2.18,1.76,2.11,0.75,1.92,2.01,1.93,2.0,1.95,2.03,1.87,1.98,4.2,3.8,1.83,,,,4.1,3.85,1.83,4.38,3.78,1.88,4.0,3.6,1.67,3.75,3.7,1.91,5.0,4.1,1.91,4.27,3.85,1.81,1.67,2.2,1.69,2.29,1.7,2.43,1.64,2.28,0.75,1.75,2.05,1.81,2.13,1.95,2.16,1.82,2.03,Unknown,2,2,4,,,,,,,,,,,,,,,,,,,,,,,,,,,,,,,,,,,,,,,,,,,,,,,,,,,,,,,,,,,,,,,,,,,,,,,nantes,monaco
F1,26/08/2023,18:00,Marseille,Brest,2,0,H,1,0,H,15,18,6,7,4,8,3,10,0,1,0,0,1.5,4.0,6.0,,,,1.53,4.4,6.0,1.53,4.48,6.43,1.36,4.2,6.5,1.5,4.0,5.75,1.57,4.6,6.7,1.52,4.41,6.2,1.73,2.1,1.75,2.15,1.79,2.21,1.72,2.15,-1.0,1.87,2.03,1.89,2.01,1.89,2.06,1.85,2.0,1.5,4.2,6.5,,,,1.53,4.4,6.0,1.52,4.57,6.61,1.36,4.2,6.5,1.5,4.2,6.5,1.54,4.6,7.0,1.5,4.39,6.49,1.73,2.1,1.72,2.24,1.74,2.27,1.7,2.18,-1.0,1.85,2.08,1.85,2.09,1.85,2.09,1.82,2.03,Unknown,0,1,1,,,,,,,,,,,,,,,,,,,,,,,,,,,,,,,,,,,,,,,,,,,,,,,,,,,,,,,,,,,,,,,,,,,,,,,marseille,brest
F1,26/08/2023,20:00,Paris SG,Lens,3,1,H,1,0,H,17,12,7,4,8,16,5,5,0,5,0,0,1.6,4.2,5.5,,,,1.6,4.2,5.5,1.63,4.27,5.45,1.5,3.9,5.0,1.55,4.2,5.75,1.67,4.45,5.75,1.61,4.27,5.32,1.67,2.2,1.69,2.25,1.71,2.3,1.66,2.23,-1.0,2.05,1.85,2.08,1.84,2.1,1.9,2.02,1.84,1.65,4.2,5.0,,,,1.6,4.3,5.25,1.67,4.32,5.3,1.5,3.9,5.0,1.57,4.2,5.5,1.68,4.66,5.75,1.61,4.24,5.18,1.62,2.3,1.65,2.37,1.65,2.42,1.6,2.32,-1.0,2.05,1.75,2.12,1.81,2.16,1.91,2.03,1.82,Unknown,0,5,5,,,,,,,,,,,,,,,,,,,,,,,,,,,,,,,,,,,,,,,,,,,,,,,,,,,,,,,,,,,,,,,,,,,,,,,paris sg,lens
F1,27/08/2023,12:00,Rennes,Le Havre,2,2,D,2,1,H,22,7,8,3,5,7,5,2,1,2,0,1,1.4,4.5,7.5,,,,1.43,4.6,7.25,1.44,4.76,7.86,1.36,4.2,6.5,1.36,4.33,7.5,1.49,4.9,8.1,1.43,4.63,7.49,1.8,2.0,1.83,2.06,1.88,2.07,1.81,2.02,-1.25,2.0,1.9,2.01,1.89,2.05,1.92,1.98,1.86,1.53,4.2,6.0,,,,1.5,4.4,6.25,1.55,4.37,6.68,1.36,4.2,6.5,1.5,4.1,6.5,1.57,4.75,7.5,1.51,4.35,6.42,1.92,1.98,1.9,2.0,1.94,2.2,1.83,2.01,-1.0,1.93,2.0,1.92,2.01,1.96,2.23,1.85,2.0,Unknown,1,4,5,,,,,,,,,,,,,,,,,,,,,,,,,,,,,,,,,,,,,,,,,,,,,,,,,,,,,,,,,,,,,,,,,,,,,,,rennes,le havre
F1,27/08/2023,14:00,Clermont,Metz,0,1,A,0,0,D,16,10,4,5,8,10,10,2,1,1,0,0,1.85,3.6,4.0,,,,1.9,3.7,3.95,1.93,3.83,3.99,1.75,3.4,3.8,1.83,3.5,3.9,1.95,3.95,4.14,1.89,3.74,3.96,1.85,2.05,1.85,2.05,1.88,2.08,1.82,2.02,-0.5,1.92,1.98,1.93,1.97,1.94,2.0,1.89,1.96,1.91,3.6,4.0,,,,1.95,3.6,3.9,1.94,3.71,4.17,1.8,3.4,3.6,1.87,3.5,4.2,2.06,3.71,4.2,1.94,3.61,3.94,1.97,1.93,1.96,1.94,2.02,1.96,1.94,1.89,-0.5,1.93,2.0,1.94,1.98,2.03,2.0,1.94,1.91,Unknown,1,1,2,,,,,,,,,,,,,,,,,,,,,,,,,,,,,,,,,,,,,,,,,,,,,,,,,,,,,,,,,,,,,,,,,,,,,,,clermont,metz
F1,27/08/2023,14:00,Montpellier,Reims,1,3,A,1,2,A,19,12,3,6,9,19,5,3,1,1,0,0,2.4,3.4,2.9,,,,2.4,3.5,2.85,2.41,3.54,3.02,2.25,3.3,2.62,2.3,3.4,2.75,2.44,3.71,3.06,2.38,3.51,2.91,1.73,2.1,1.75,2.16,1.79,2.23,1.73,2.14,-0.25,2.08,1.82,2.09,1.83,2.11,1.87,2.05,1.8,2.2,3.5,3.2,,,,2.25,3.55,3.1,2.29,3.62,3.23,2.15,3.25,2.8,2.25,3.5,3.0,2.35,3.65,3.48,2.26,3.54,3.12,1.73,2.1,1.72,2.22,1.82,2.25,1.71,2.17,-0.25,1.97,1.96,1.98,1.94,2.0,1.98,1.95,1.89,Unknown,1,1,2,,,,,,,,,,,,,,,,,,,,,,,,,,,,,,,,,,,,,,,,,,,,,,,,,,,,,,,,,,,,,,,,,,,,,,,montpellier,reims
F1,27/08/2023,14:00,Strasbourg,Toulouse,2,0,H,0,0,D,11,7,3,1,16,17,3,3,1,3,0,0,2.15,3.5,3.3,,,,2.15,3.55,3.25,2.17,3.75,3.32,1.95,3.3,3.2,2.05,3.4,3.3,2.21,3.83,3.44,2.13,3.65,3.28,1.8,2.0,1.83,2.06,1.86,2.12,1.79,2.05,-0.25,1.9,2.0,1.89,2.02,1.91,2.06,1.86,1.98,2.15,3.3,3.4,,,,2.15,3.4,3.4,2.17,3.5,3.62,1.95,3.3,3.2,2.05,3.4,3.6,2.22,3.5,3.62,2.13,3.41,3.44,2.07,1.83,2.06,1.85,2.09,1.95,1.99,1.83,-0.25,1.86,2.07,1.87,2.06,1.91,2.07,1.84,2.01,Unknown,1,3,4,,,,,,,,,,,,,,,,,,,,,,,,,,,,,,,,,,,,,,,,,,,,,,,,,,,,,,,,,,,,,,,,,,,,,,,strasbourg,toulouse
F1,27/08/2023,16:05,Lorient,Lille,4,1,H,2,0,H,9,18,6,7,22,12,5,8,2,4,0,0,4.0,3.6,1.91,,,,3.75,3.65,1.95,3.83,3.75,1.99,3.7,3.5,1.75,3.7,3.4,1.9,4.0,3.85,2.01,3.77,3.69,1.95,1.87,2.03,1.87,2.02,1.9,2.07,1.83,2.01,0.5,1.91,1.99,1.91,1.99,1.94,2.0,1.9,1.96,4.0,3.6,1.91,,,,3.9,3.6,1.95,4.09,3.7,1.97,3.7,3.5,1.75,4.0,3.5,1.91,4.1,3.72,2.0,3.95,3.6,1.94,1.97,1.93,1.98,1.93,1.98,2.03,1.92,1.91,0.5,1.95,1.98,1.95,1.97,1.95,2.0,1.91,1.95,Unknown,2,4,6,,,,,,,,,,,,,,,,,,,,,,,,,,,,,,,,,,,,,,,,,,,,,,,,,,,,,,,,,,,,,,,,,,,,,,,lorient,lille
F1,27/08/2023,19:45,Nice,Lyon,0,0,D,0,0,D,21,6,4,1,8,14,7,2,1,4,0,0,2.1,3.6,3.4,,,,2.15,3.65,3.25,2.11,3.79,3.44,2.0,3.4,3.0,2.1,3.5,3.0,2.17,3.85,3.52,2.11,3.7,3.29,1.67,2.2,1.68,2.28,1.7,2.35,1.65,2.27,-0.25,1.84,2.06,1.84,2.08,1.88,2.09,1.84,2.01,1.95,3.6,3.6,,,,1.95,3.75,3.7,2.05,3.71,3.76,1.91,3.4,3.25,2.1,3.6,3.25,2.1,3.87,3.9,1.99,3.68,3.62,1.67,2.2,1.71,2.25,1.76,2.33,1.68,2.2,-0.5,2.03,1.9,2.05,1.88,2.08,1.91,2.0,1.85,Unknown,1,4,5,,,,,,,,,,,,,,,,,,,,,,,,,,,,,,,,,,,,,,,,,,,,,,,,,,,,,,,,,,,,,,,,,,,,,,,nice,lyon
F1,01/09/2023,20:00,Nantes,Marseille,1,1,D,1,1,D,10,26,2,9,7,13,2,7,0,2,1,0,5.0,3.8,1.7,4.6,3.9,1.71,4.9,3.65,1.73,4.97,4.02,1.73,3.8,3.5,1.73,5.0,3.9,1.67,5.0,4.2,1.77,4.76,3.94,1.72,1.73,2.1,1.77,2.15,1.79,2.2,1.74,2.13,0.75,2.0,1.93,1.99,1.93,2.01,1.99,1.93,1.9,5.5,4.33,1.55,5.25,4.2,1.58,5.5,3.9,1.63,5.81,4.26,1.61,4.8,3.75,1.53,5.75,4.2,1.55,5.81,4.45,1.65,5.5,4.21,1.59,1.73,2.1,1.74,2.2,1.76,2.35,1.68,2.22,1.0,1.9,2.03,1.9,2.02,1.93,2.05,1.86,2.0,Unknown,2,2,4,,,,,,,,,,,,,,,,,,,,,,,,,,,,,,,,,,,,,,,,,,,,,,,,,,,,,,,,,,,,,,,,,,,,,,,nantes,marseille
F1,02/09/2023,16:00,Brest,Rennes,0,0,D,0,0,D,13,6,2,3,12,12,7,5,3,1,0,0,3.3,3.5,2.15,3.3,3.7,2.05,3.3,3.6,2.15,3.37,3.68,2.18,3.1,3.5,1.95,3.2,3.4,2.05,3.45,3.81,2.22,3.32,3.64,2.13,1.73,2.1,1.75,2.17,1.79,2.2,1.74,2.11,0.25,2.04,1.89,2.02,1.89,2.04,1.89,1.99,1.85,3.6,3.5,2.1,3.5,3.5,2.05,3.45,3.55,2.1,3.65,3.56,2.14,3.4,3.3,1.91,3.4,3.5,2.1,3.86,3.65,2.14,3.54,3.53,2.08,1.9,2.0,1.91,2.0,1.93,2.05,1.84,1.99,0.25,2.08,1.85,2.09,1.85,2.15,1.85,2.05,1.8,Unknown,3,1,4,,,,,,,,,,,,,,,,,,,,,,,,,,,,,,,,,,,,,,,,,,,,,,,,,,,,,,,,,,,,,,,,,,,,,,,brest,rennes
F1,02/09/2023,20:00,Monaco,Lens,3,0,H,2,0,H,11,12,6,1,21,16,5,2,4,2,0,0,2.05,3.8,3.2,2.05,3.75,3.25,2.1,3.8,3.2,2.11,3.93,3.33,2.1,3.5,2.75,2.05,3.7,3.3,2.16,3.99,3.4,2.09,3.84,3.25,1.57,2.38,1.61,2.42,1.65,2.45,1.59,2.38,-0.25,1.85,2.08,1.85,2.06,1.92,2.11,1.83,2.02,1.91,4.0,3.5,1.98,3.75,3.5,1.97,3.85,3.5,2.03,3.94,3.61,1.85,3.4,3.4,1.95,3.75,3.6,2.08,4.0,3.79,1.99,3.82,3.53,1.62,2.3,1.64,2.38,1.67,2.55,1.6,2.35,-0.5,2.03,1.9,2.03,1.89,2.1,1.97,2.01,1.86,Unknown,4,2,6,,,,,,,,,,,,,,,,,,,,,,,,,,,,,,,,,,,,,,,,,,,,,,,,,,,,,,,,,,,,,,,,,,,,,,,monaco,lens
F1,03/09/2023,12:00,Toulouse,Clermont,2,2,D,2,1,H,9,15,5,3,19,17,0,8,1,3,0,0,2.0,3.6,3.75,1.98,3.7,3.6,2.0,3.6,3.65,2.02,3.69,3.82,1.75,3.6,3.6,1.95,3.4,3.6,2.05,3.81,3.95,1.99,3.65,3.69,1.89,2.01,1.89,2.0,1.92,2.03,1.86,1.97,-0.5,2.04,1.89,2.02,1.89,2.06,1.92,2.0,1.86,2.2,3.5,3.2,2.2,3.4,3.25,2.25,3.45,3.2,2.29,3.54,3.31,1.95,3.4,3.1,2.2,3.3,3.3,2.29,3.57,3.51,2.21,3.44,3.25,2.0,1.9,2.01,1.9,2.02,1.92,1.95,1.87,-0.25,1.98,1.95,1.97,1.95,1.98,2.02,1.91,1.93,Unknown,1,3,4,,,,,,,,,,,,,,,,,,,,,,,,,,,,,,,,,,,,,,,,,,,,,,,,,,,,,,,,,,,,,,,,,,,,,,,toulouse,clermont
F1,03/09/2023,14:00,Le Havre,Lorient,3,0,H,0,0,D,17,9,6,2,10,7,5,4,0,0,0,0,2.7,3.25,2.7,2.7,3.2,2.65,2.75,3.2,2.7,2.87,3.12,2.79,2.62,3.0,2.45,2.7,3.0,2.6,2.94,3.36,2.81,2.78,3.15,2.7,2.2,1.67,2.3,1.67,2.33,1.71,2.24,1.66,0.0,1.99,1.94,1.98,1.93,2.0,1.98,1.95,1.9,2.6,3.2,2.88,2.55,3.1,2.9,2.55,3.2,2.9,2.68,3.09,3.08,2.4,3.1,2.62,2.55,3.1,2.9,2.7,3.4,3.25,2.58,3.14,2.95,2.3,1.62,2.42,1.62,2.47,1.7,2.28,1.64,-0.25,2.1,1.7,2.24,1.72,2.25,1.9,2.16,1.73,Unknown,0,0,0,,,,,,,,,,,,,,,,,,,,,,,,,,,,,,,,,,,,,,,,,,,,,,,,,,,,,,,,,,,,,,,,,,,,,,,le havre,lorient
F1,03/09/2023,14:00,Lille,Montpellier,1,0,H,1,0,H,15,9,6,5,15,14,5,5,2,1,0,0,1.75,4.0,4.2,1.73,4.0,4.33,1.8,4.0,4.1,1.83,4.25,4.05,1.67,3.7,3.9,1.73,3.75,4.1,1.85,4.33,4.33,1.78,4.11,4.1,1.62,2.3,1.61,2.42,1.65,2.45,1.6,2.36,-0.75,2.04,1.89,2.05,1.86,2.05,1.91,1.99,1.85,1.91,3.75,3.8,1.9,3.75,3.8,1.95,3.75,3.65,1.92,3.92,4.07,1.75,3.8,3.4,1.9,3.7,3.8,2.08,3.92,4.07,1.93,3.79,3.81,1.67,2.2,1.7,2.27,1.74,2.28,1.68,2.22,-0.5,1.92,2.01,1.92,2.01,1.98,2.04,1.92,1.94,Unknown,2,1,3,,,,,,,,,,,,,,,,,,,,,,,,,,,,,,,,,,,,,,,,,,,,,,,,,,,,,,,,,,,,,,,,,,,,,,,lille,montpellier
F1,03/09/2023,14:00,Metz,Reims,2,2,D,1,1,D,12,12,4,2,10,17,4,1,0,4,0,0,4.2,3.5,1.91,3.75,3.7,1.93,3.95,3.65,1.9,4.09,3.72,1.93,3.8,3.4,1.75,3.9,3.5,1.83,4.2,3.87,1.98,3.95,3.67,1.91,1.87,2.03,1.88,2.02,1.9,2.05,1.85,1.98,0.5,2.0,1.93,1.97,1.93,2.0,1.93,1.94,1.91,4.5,3.8,1.75,4.33,3.75,1.78,4.5,3.7,1.8,4.82,3.92,1.78,4.0,3.4,1.73,4.6,3.8,1.73,4.82,4.0,1.9,4.5,3.82,1.78,1.73,2.1,1.81,2.1,1.92,2.12,1.79,2.06,0.75,1.92,2.01,1.92,2.01,1.94,2.04,1.87,1.97,Unknown,0,4,4,,,,,,,,,,,,,,,,,,,,,,,,,,,,,,,,,,,,,,,,,,,,,,,,,,,,,,,,,,,,,,,,,,,,,,,metz,reims
F1,03/09/2023,16:05,Nice,Strasbourg,2,0,H,1,0,H,16,4,6,0,7,12,5,2,2,1,0,0,1.91,3.5,4.0,1.95,3.6,3.75,1.95,3.6,3.85,1.98,3.58,4.06,1.75,3.4,3.8,1.9,3.3,3.8,2.01,3.77,4.2,1.95,3.56,3.91,1.99,1.91,2.0,1.89,2.01,1.98,1.93,1.89,-0.5,2.0,1.93,1.98,1.92,2.0,1.93,1.96,1.89,1.83,3.4,4.5,1.85,3.5,4.4,1.85,3.5,4.5,1.85,3.49,5.03,1.75,3.4,3.8,1.83,3.4,4.5,1.97,3.55,5.03,1.86,3.46,4.52,2.1,1.73,2.21,1.74,2.21,1.81,2.13,1.73,-0.5,1.87,2.06,1.85,2.08,1.91,2.08,1.86,2.0,Unknown,2,1,3,,,,,,,,,,,,,,,,,,,,,,,,,,,,,,,,,,,,,,,,,,,,,,,,,,,,,,,,,,,,,,,,,,,,,,,nice,strasbourg
F1,03/09/2023,19:45,Lyon,Paris SG,1,4,A,0,4,A,19,22,8,8,9,5,5,2,2,2,0,0,6.0,4.75,1.5,5.75,4.8,1.49,6.0,4.7,1.5,5.79,5.01,1.52,6.0,4.6,1.35,5.75,4.5,1.44,6.0,5.25,1.56,5.78,4.85,1.5,1.44,2.75,1.43,2.9,1.45,2.98,1.42,2.85,1.25,1.88,2.05,1.86,2.05,1.92,2.06,1.84,2.01,5.0,4.2,1.65,4.8,4.2,1.63,4.6,4.3,1.65,4.96,4.38,1.67,4.75,4.0,1.5,5.0,4.2,1.62,5.9,4.7,1.69,5.02,4.33,1.62,1.57,2.38,1.6,2.49,1.62,2.66,1.55,2.47,1.0,1.75,2.05,1.81,2.12,1.9,2.16,1.83,2.03,Unknown,2,2,4,,,,,,,,,,,,,,,,,,,,,,,,,,,,,,,,,,,,,,,,,,,,,,,,,,,,,,,,,,,,,,,,,,,,,,,lyon,paris sg
F1,15/09/2023,20:00,Paris SG,Nice,2,3,A,1,1,D,12,14,3,8,8,17,4,3,2,5,0,0,1.55,4.5,5.5,1.53,4.4,5.5,1.55,4.5,5.5,1.56,4.6,5.86,1.4,4.33,5.5,1.5,4.33,6.0,1.59,4.75,6.25,1.54,4.49,5.81,1.62,2.3,1.63,2.4,1.64,2.46,1.6,2.35,-1.0,1.95,1.98,1.93,2.0,1.96,2.02,1.88,1.96,1.65,4.5,4.75,1.58,4.33,5.25,1.53,4.5,5.5,1.65,4.46,5.1,1.44,4.0,5.5,1.53,4.33,5.75,1.66,4.7,6.0,1.58,4.41,5.37,1.53,2.5,1.56,2.57,1.66,2.63,1.56,2.43,-1.0,2.08,1.85,2.08,1.85,2.11,2.0,1.97,1.88,Unknown,2,5,7,,,,,,,,,,,,,,,,,,,,,,,,,,,,,,,,,,,,,,,,,,,,,,,,,,,,,,,,,,,,,,,,,,,,,,,paris sg,nice
F1,16/09/2023,16:00,Rennes,Lille,2,2,D,0,1,A,7,10,4,6,11,16,5,2,1,4,0,0,2.1,3.6,3.3,2.1,3.7,3.2,2.15,3.65,3.2,2.17,3.69,3.37,2.0,3.4,3.0,2.1,3.6,3.3,2.18,3.81,3.47,2.13,3.66,3.3,1.73,2.1,1.77,2.14,1.79,2.2,1.74,2.12,-0.25,1.88,2.02,1.88,2.02,1.89,2.06,1.84,2.0,2.05,3.4,3.6,2.15,3.5,3.3,2.15,3.55,3.3,2.11,3.48,3.75,2.0,3.4,3.0,2.1,3.5,3.4,2.18,3.7,3.75,2.13,3.52,3.42,2.0,1.9,1.99,1.9,2.06,2.06,1.89,1.94,-0.25,1.78,2.03,1.81,2.1,1.88,2.1,1.83,2.01,Unknown,1,4,5,,,,,,,,,,,,,,,,,,,,,,,,,,,,,,,,,,,,,,,,,,,,,,,,,,,,,,,,,,,,,,,,,,,,,,,rennes,lille
F1,16/09/2023,20:00,Lens,Metz,0,1,A,0,1,A,31,2,10,2,12,12,9,1,1,2,0,0,1.5,4.33,6.5,1.49,4.5,6.0,1.5,4.5,6.25,1.52,4.62,6.36,1.4,4.0,6.0,1.45,4.4,7.0,1.54,4.75,7.0,1.5,4.51,6.29,1.67,2.2,1.7,2.25,1.74,2.29,1.67,2.23,-1.0,1.83,2.07,1.84,2.08,1.85,2.12,1.81,2.04,1.5,4.33,6.0,1.51,4.33,6.0,1.53,4.5,6.0,1.53,4.51,6.51,1.4,4.0,6.0,1.5,4.2,6.5,1.55,4.8,7.0,1.51,4.44,6.29,1.67,2.2,1.7,2.25,1.74,2.42,1.68,2.22,-1.0,1.87,2.06,1.87,2.06,1.89,2.2,1.82,2.03,Unknown,1,2,3,,,,,,,,,,,,,,,,,,,,,,,,,,,,,,,,,,,,,,,,,,,,,,,,,,,,,,,,,,,,,,,,,,,,,,,lens,metz
F1,17/09/2023,12:00,Lorient,Monaco,2,2,D,1,1,D,10,20,3,7,13,14,8,6,0,1,0,0,4.0,3.75,1.85,3.9,3.8,1.85,3.85,3.85,1.9,4.12,3.98,1.87,3.7,3.5,1.75,3.75,3.6,1.83,4.2,4.08,1.92,3.94,3.87,1.87,1.62,2.3,1.66,2.32,1.68,2.37,1.63,2.29,0.5,2.03,1.87,2.04,1.87,2.04,1.93,1.99,1.87,4.75,4.0,1.7,4.5,4.0,1.71,4.7,4.1,1.7,4.78,4.2,1.74,4.33,3.7,1.62,4.75,4.0,1.67,5.2,4.33,1.75,4.64,4.08,1.71,1.62,2.3,1.63,2.41,1.66,2.48,1.61,2.34,0.75,1.99,1.94,1.98,1.94,2.08,1.96,1.96,1.89,Unknown,0,1,1,,,,,,,,,,,,,,,,,,,,,,,,,,,,,,,,,,,,,,,,,,,,,,,,,,,,,,,,,,,,,,,,,,,,,,,lorient,monaco
F1,17/09/2023,14:00,Clermont,Nantes,0,1,A,0,0,D,16,8,3,5,16,16,6,3,2,2,0,0,2.0,3.6,3.6,1.95,3.6,3.7,2.0,3.55,3.7,2.04,3.6,3.85,1.95,3.2,3.4,1.93,3.3,3.75,2.06,3.69,3.95,2.0,3.54,3.75,2.02,1.88,2.03,1.86,2.06,1.89,1.99,1.84,-0.5,2.01,1.89,2.04,1.88,2.04,1.91,1.99,1.86,1.85,3.75,4.0,1.85,3.6,4.2,1.85,3.65,4.2,1.88,3.8,4.34,1.73,3.4,4.0,1.83,3.5,4.4,1.95,3.89,4.4,1.86,3.68,4.23,2.03,1.87,2.02,1.88,2.05,2.03,1.97,1.86,-0.5,1.88,2.05,1.88,2.04,1.89,2.09,1.86,2.01,Unknown,2,2,4,,,,,,,,,,,,,,,,,,,,,,,,,,,,,,,,,,,,,,,,,,,,,,,,,,,,,,,,,,,,,,,,,,,,,,,clermont,nantes
F1,17/09/2023,14:00,Reims,Brest,1,2,A,1,0,H,13,18,7,7,7,11,8,8,2,4,0,0,1.85,3.6,4.2,1.88,3.7,3.9,1.9,3.7,4.0,1.9,3.6,4.43,1.75,3.5,3.7,1.8,3.6,3.9,1.93,3.93,4.5,1.88,3.67,4.12,1.8,2.0,1.85,2.04,1.86,2.1,1.82,2.02,-0.5,1.9,2.0,1.9,2.01,1.93,2.01,1.88,1.97,1.95,3.5,4.0,2.0,3.5,3.7,1.97,3.55,3.75,2.03,3.6,3.96,1.85,3.3,3.5,1.93,3.6,3.8,2.06,3.75,4.4,1.97,3.57,3.89,1.85,2.05,1.85,2.06,1.9,2.06,1.84,1.99,-0.5,2.05,1.88,2.03,1.89,2.06,2.04,1.97,1.89,Unknown,2,4,6,,,,,,,,,,,,,,,,,,,,,,,,,,,,,,,,,,,,,,,,,,,,,,,,,,,,,,,,,,,,,,,,,,,,,,,reims,brest
F1,17/09/2023,14:00,Strasbourg,Montpellier,2,2,D,0,2,A,14,11,7,4,17,17,2,4,4,6,0,0,2.3,3.6,2.9,2.3,3.5,2.87,2.35,3.55,2.9,2.39,3.61,3.01,2.2,3.25,2.75,2.25,3.3,2.9,2.42,3.69,3.09,2.33,3.54,2.96,1.85,2.05,1.86,2.03,1.88,2.09,1.82,2.01,-0.25,2.05,1.85,2.07,1.85,2.07,1.9,2.01,1.83,3.0,3.5,2.3,2.85,3.3,2.45,2.9,3.4,2.45,3.1,3.37,2.44,2.62,3.2,2.3,2.9,3.3,2.4,3.1,3.53,2.6,2.93,3.38,2.44,1.93,1.97,2.03,1.88,2.03,2.0,1.95,1.88,0.25,1.86,2.07,1.84,2.1,1.87,2.2,1.78,2.09,Unknown,4,6,10,,,,,,,,,,,,,,,,,,,,,,,,,,,,,,,,,,,,,,,,,,,,,,,,,,,,,,,,,,,,,,,,,,,,,,,strasbourg,montpellier
F1,17/09/2023,16:05,Marseille,Toulouse,0,0,D,0,0,D,24,10,6,3,9,11,6,1,2,5,0,0,1.5,4.75,6.0,1.47,4.75,6.25,1.5,4.8,6.0,1.5,4.87,6.33,1.36,4.33,5.8,1.44,4.33,6.0,1.54,5.0,6.5,1.48,4.72,6.24,1.57,2.38,1.58,2.49,1.59,2.55,1.55,2.46,-1.25,2.04,1.86,2.06,1.85,2.1,1.88,2.02,1.83,1.44,5.0,6.5,1.44,4.75,6.75,1.43,4.9,6.75,1.44,5.06,7.23,1.36,4.2,6.5,1.4,4.75,7.5,1.48,5.2,7.5,1.44,4.84,6.83,1.57,2.38,1.62,2.44,1.62,2.53,1.57,2.42,-1.25,1.98,1.95,1.95,1.97,2.02,1.98,1.94,1.9,Unknown,2,5,7,,,,,,,,,,,,,,,,,,,,,,,,,,,,,,,,,,,,,,,,,,,,,,,,,,,,,,,,,,,,,,,,,,,,,,,marseille,toulouse
F1,17/09/2023,19:45,Lyon,Le Havre,0,0,D,0,0,D,23,7,7,0,13,12,6,1,3,2,0,0,1.67,4.0,4.75,1.72,4.0,4.4,1.7,4.1,4.6,1.7,4.23,4.82,1.6,3.7,4.4,1.62,3.8,4.75,1.74,4.33,5.0,1.69,4.12,4.68,1.67,2.2,1.69,2.26,1.74,2.29,1.68,2.21,-0.75,1.87,2.03,1.89,2.02,1.92,2.05,1.86,1.99,1.67,4.0,4.75,1.7,4.0,4.5,1.7,4.1,4.6,1.74,4.13,4.79,1.6,3.7,4.33,1.67,4.0,4.8,1.75,4.33,5.2,1.69,4.09,4.7,1.67,2.2,1.71,2.25,1.71,2.34,1.67,2.23,-0.75,1.93,2.0,1.93,1.99,1.95,2.05,1.87,1.97,Unknown,3,2,5,,,,,,,,,,,,,,,,,,,,,,,,,,,,,,,,,,,,,,,,,,,,,,,,,,,,,,,,,,,,,,,,,,,,,,,lyon,le havre
F1,22/09/2023,20:00,Monaco,Nice,0,1,A,0,0,D,9,13,3,7,13,15,5,2,1,1,0,0,2.15,3.6,3.2,2.2,3.5,3.1,2.2,3.55,3.15,2.25,3.61,3.27,2.05,3.4,2.9,2.15,3.5,3.2,2.26,3.8,3.37,2.19,3.56,3.22,1.73,2.1,1.76,2.16,1.78,2.38,1.72,2.14,-0.25,1.97,1.96,1.94,1.96,1.97,2.0,1.89,1.94,2.38,3.6,2.8,2.35,3.5,2.87,2.35,3.5,2.95,2.46,3.63,2.95,2.15,3.3,2.8,2.3,3.6,2.9,2.46,3.74,3.12,2.35,3.57,2.94,1.73,2.1,1.75,2.19,1.78,2.32,1.7,2.19,-0.25,2.13,1.81,2.13,1.82,2.13,1.91,2.02,1.82,Unknown,1,1,2,,,,,,,,,,,,,,,,,,,,,,,,,,,,,,,,,,,,,,,,,,,,,,,,,,,,,,,,,,,,,,,,,,,,,,,monaco,nice
F1,23/09/2023,16:00,Nantes,Lorient,5,3,H,1,1,D,19,10,9,7,8,17,4,2,1,3,0,0,2.38,3.4,3.0,2.37,3.4,2.9,2.4,3.4,2.95,2.46,3.45,3.02,2.25,3.2,2.7,2.4,3.3,2.9,2.48,3.5,3.09,2.41,3.39,2.94,2.0,1.9,1.98,1.9,2.02,1.92,1.95,1.88,-0.25,2.1,1.8,2.11,1.81,2.13,1.82,2.07,1.78,2.25,3.3,3.2,2.37,3.4,2.9,2.35,3.3,3.15,2.36,3.39,3.3,2.2,3.1,2.88,2.25,3.25,3.2,2.4,3.44,3.5,2.31,3.31,3.18,2.06,1.84,2.08,1.84,2.21,1.86,2.05,1.79,-0.25,2.01,1.92,2.02,1.91,2.05,1.96,1.98,1.87,Unknown,1,3,4,,,,,,,,,,,,,,,,,,,,,,,,,,,,,,,,,,,,,,,,,,,,,,,,,,,,,,,,,,,,,,,,,,,,,,,nantes,lorient
F1,23/09/2023,20:00,Brest,Lyon,1,0,H,0,0,D,27,6,11,3,17,16,10,1,3,1,0,0,2.6,3.5,2.63,2.5,3.6,2.65,2.55,3.6,2.65,2.57,3.67,2.73,2.5,3.4,2.3,2.5,3.6,2.63,2.61,3.75,2.77,2.53,3.61,2.65,1.67,2.2,1.68,2.27,1.69,2.31,1.66,2.25,0.0,1.89,2.01,1.89,2.01,1.91,2.02,1.88,1.98,2.63,3.3,2.63,2.6,3.3,2.65,2.65,3.4,2.65,2.73,3.43,2.75,2.4,3.25,2.5,2.55,3.4,2.7,2.89,3.58,2.75,2.64,3.42,2.64,1.88,2.02,1.88,2.03,1.92,2.13,1.83,1.98,0.0,1.95,1.98,1.95,1.97,2.01,1.98,1.92,1.92,Unknown,3,1,4,,,,,,,,,,,,,,,,,,,,,,,,,,,,,,,,,,,,,,,,,,,,,,,,,,,,,,,,,,,,,,,,,,,,,,,brest,lyon
F1,24/09/2023,12:00,Metz,Strasbourg,0,1,A,0,0,D,13,4,1,1,16,15,1,1,2,0,0,0,2.88,3.25,2.45,2.87,3.25,2.45,2.9,3.25,2.5,3.01,3.23,2.59,2.7,3.1,2.3,2.8,3.1,2.45,3.04,3.4,2.61,2.91,3.24,2.51,2.1,1.73,2.2,1.73,2.21,1.78,2.14,1.73,0.0,2.08,1.82,2.11,1.82,2.12,1.84,2.08,1.79,2.75,3.2,2.6,2.9,3.2,2.5,2.95,3.2,2.5,2.92,3.19,2.73,2.7,3.0,2.38,3.1,3.13,2.4,3.23,3.33,2.73,2.99,3.21,2.51,2.2,1.67,2.27,1.7,2.27,1.76,2.2,1.69,0.25,1.65,2.2,1.69,2.3,1.82,2.3,1.74,2.12,Unknown,2,0,2,,,,,,,,,,,,,,,,,,,,,,,,,,,,,,,,,,,,,,,,,,,,,,,,,,,,,,,,,,,,,,,,,,,,,,,metz,strasbourg
F1,24/09/2023,14:00,Le Havre,Clermont,2,1,H,2,1,H,9,11,3,4,15,17,1,3,2,3,0,0,2.4,3.3,2.88,2.4,3.25,2.95,2.45,3.3,2.95,2.48,3.26,3.15,2.2,3.0,3.0,2.38,3.2,2.8,2.51,3.35,3.19,2.43,3.27,3.0,2.1,1.73,2.2,1.72,2.21,1.8,2.13,1.73,-0.25,2.09,1.81,2.11,1.81,2.15,1.82,2.07,1.78,2.45,3.1,3.0,2.45,3.0,3.1,2.5,3.1,3.1,2.56,3.08,3.26,2.2,3.0,3.0,2.45,3.0,3.1,2.58,3.25,3.3,2.49,3.08,3.13,2.5,1.53,2.61,1.55,2.66,1.67,2.49,1.54,-0.25,2.14,1.8,2.15,1.8,2.19,1.85,2.1,1.77,Unknown,2,3,5,,,,,,,,,,,,,,,,,,,,,,,,,,,,,,,,,,,,,,,,,,,,,,,,,,,,,,,,,,,,,,,,,,,,,,,le havre,clermont
F1,24/09/2023,14:00,Lens,Toulouse,2,1,H,1,1,D,27,7,7,2,16,15,9,4,2,1,0,0,1.73,3.8,5.0,1.71,4.0,4.5,1.7,3.95,4.7,1.72,4.05,4.93,1.62,3.6,4.33,1.65,3.7,4.75,1.75,4.2,5.0,1.7,3.97,4.75,1.73,2.1,1.79,2.11,1.8,2.14,1.75,2.1,-0.75,1.92,1.98,1.92,1.99,1.95,1.99,1.88,1.95,1.4,4.33,7.5,1.44,4.5,7.0,1.45,4.6,7.0,1.45,4.73,8.07,1.36,4.2,6.5,1.44,4.33,7.5,1.52,4.73,8.07,1.46,4.52,7.14,1.8,2.0,1.82,2.08,1.9,2.18,1.77,2.07,-1.25,2.02,1.91,2.0,1.93,2.09,1.93,2.02,1.83,Unknown,2,1,3,,,,,,,,,,,,,,,,,,,,,,,,,,,,,,,,,,,,,,,,,,,,,,,,,,,,,,,,,,,,,,,,,,,,,,,lens,toulouse
F1,24/09/2023,16:05,Montpellier,Rennes,0,0,D,0,0,D,13,18,4,6,10,15,3,6,2,1,0,0,2.7,3.5,2.5,2.65,3.6,2.5,2.65,3.55,2.55,2.7,3.56,2.65,2.6,3.25,2.3,2.55,3.4,2.5,2.73,3.67,2.68,2.65,3.53,2.56,1.73,2.1,1.76,2.15,1.77,2.17,1.74,2.12,0.0,1.96,1.94,1.97,1.93,2.0,1.96,1.95,1.9,2.7,3.5,2.5,2.65,3.4,2.55,2.65,3.45,2.6,2.77,3.55,2.57,2.45,3.2,2.5,2.7,3.4,2.55,2.94,3.61,2.69,2.73,3.47,2.56,1.79,2.11,1.83,2.08,1.86,2.14,1.81,2.03,0.0,2.07,1.86,2.0,1.87,2.12,1.97,1.98,1.87,Unknown,2,1,3,,,,,,,,,,,,,,,,,,,,,,,,,,,,,,,,,,,,,,,,,,,,,,,,,,,,,,,,,,,,,,,,,,,,,,,montpellier,rennes
F1,24/09/2023,19:45,Paris SG,Marseille,4,0,H,2,0,H,15,6,5,0,11,14,8,3,0,3,0,0,1.62,4.2,5.25,1.66,4.2,4.6,1.65,4.3,4.8,1.64,4.41,5.15,1.55,4.0,4.33,1.57,4.1,4.8,1.72,4.66,5.3,1.63,4.34,4.9,1.53,2.5,1.54,2.6,1.55,2.63,1.53,2.51,-1.0,2.06,1.84,2.07,1.85,2.18,1.88,2.04,1.81,1.5,4.5,6.5,1.5,4.5,6.0,1.5,4.3,6.5,1.56,4.57,6.11,1.5,3.9,5.0,1.5,4.4,6.0,1.58,4.95,6.8,1.52,4.53,6.08,1.57,2.38,1.6,2.49,1.6,2.6,1.55,2.46,-1.0,1.87,2.06,1.87,2.06,1.89,2.13,1.83,2.04,Unknown,0,3,3,,,,,,,,,,,,,,,,,,,,,,,,,,,,,,,,,,,,,,,,,,,,,,,,,,,,,,,,,,,,,,,,,,,,,,,paris sg,marseille
F1,26/09/2023,20:00,Lille,Reims,1,2,A,0,2,A,14,4,3,4,4,19,4,2,1,2,0,0,1.91,3.75,3.75,1.95,3.5,3.8,1.95,3.65,3.8,1.96,3.79,3.95,1.85,3.5,3.4,1.95,3.6,3.7,2.0,3.87,4.1,1.94,3.7,3.85,1.84,2.06,1.86,2.06,1.89,2.09,1.83,2.01,-0.5,1.95,1.95,1.97,1.95,1.98,1.97,1.95,1.92,1.85,3.8,4.0,1.9,3.6,3.8,1.9,3.75,3.85,1.9,3.93,4.13,1.91,3.7,3.8,1.95,3.6,3.7,2.0,3.93,4.15,1.91,3.76,3.93,1.73,2.1,1.76,2.17,1.8,2.18,1.74,2.11,-0.5,1.87,2.03,1.9,2.03,1.96,2.04,1.92,1.94,Unknown,1,2,3,,,,,,,,,,,,,,,,,,,,,,,,,,,,,,,,,,,,,,,,,,,,,,,,,,,,,,,,,,,,,,,,,,,,,,,lille,reims
F1,29/09/2023,20:00,Strasbourg,Lens,0,1,A,0,1,A,8,9,2,2,16,15,2,3,2,4,0,0,3.5,3.4,2.05,3.5,3.4,2.1,3.5,3.45,2.1,3.69,3.48,2.13,3.5,3.5,2.05,3.6,3.3,2.1,3.72,3.64,2.27,3.55,3.46,2.12,2.04,1.86,2.04,1.85,2.09,1.88,2.01,1.83,0.25,2.09,1.84,2.09,1.83,2.12,1.86,2.03,1.81,4.0,3.4,1.91,3.9,3.4,1.98,3.9,3.45,1.97,4.06,3.56,2.02,3.9,3.4,1.95,3.75,3.4,2.0,4.08,3.58,2.1,3.88,3.47,2.01,2.1,1.73,2.12,1.79,2.14,1.89,2.02,1.81,0.5,1.9,2.03,1.91,2.02,1.93,2.07,1.86,2.0,Unknown,2,4,6,,,,,,,,,,,,,,,,,,,,,,,,,,,,,,,,,,,,,,,,,,,,,,,,,,,,,,,,,,,,,,,,,,,,,,,strasbourg,lens
F1,30/09/2023,16:00,Clermont,Paris SG,0,0,D,0,0,D,12,21,3,10,11,16,6,9,2,3,0,0,7.5,4.5,1.44,6.5,4.75,1.44,7.0,4.7,1.45,7.03,4.81,1.47,7.0,4.8,1.4,7.0,4.6,1.44,7.5,5.0,1.51,6.78,4.77,1.45,1.62,2.3,1.63,2.38,1.66,2.45,1.6,2.36,1.25,1.88,2.02,1.87,2.05,1.93,2.06,1.86,1.99,7.5,5.0,1.4,7.75,5.0,1.38,8.0,4.9,1.4,8.76,5.34,1.37,8.5,5.5,1.33,8.5,4.8,1.36,9.0,5.5,1.48,8.08,5.06,1.39,1.57,2.38,1.62,2.42,1.66,2.47,1.61,2.33,1.25,2.05,1.88,2.09,1.82,2.13,1.94,2.02,1.83,Unknown,2,3,5,,,,,,,,,,,,,,,,,,,,,,,,,,,,,,,,,,,,,,,,,,,,,,,,,,,,,,,,,,,,,,,,,,,,,,,clermont,paris sg
F1,30/09/2023,20:00,Monaco,Marseille,3,2,H,2,2,D,10,8,7,4,17,15,2,6,4,4,0,0,2.15,3.8,3.1,2.2,3.7,2.95,2.15,3.8,3.05,2.21,3.88,3.14,2.15,3.8,3.0,2.15,3.7,3.1,2.28,4.0,3.18,2.2,3.82,3.06,1.53,2.5,1.58,2.5,1.58,2.55,1.55,2.47,-0.25,1.94,1.96,1.93,1.97,1.97,2.0,1.91,1.93,2.4,3.8,2.7,2.45,3.6,2.65,2.45,3.55,2.8,2.51,3.79,2.79,2.38,3.7,2.7,2.4,3.7,2.7,2.57,3.9,2.93,2.44,3.73,2.75,1.57,2.38,1.6,2.48,1.6,2.56,1.55,2.47,0.0,1.85,2.08,1.86,2.07,1.92,2.15,1.82,2.05,Unknown,4,4,8,,,,,,,,,,,,,,,,,,,,,,,,,,,,,,,,,,,,,,,,,,,,,,,,,,,,,,,,,,,,,,,,,,,,,,,monaco,marseille
F1,01/10/2023,12:00,Reims,Lyon,2,0,H,1,0,H,8,11,3,6,19,14,1,5,2,2,0,0,2.0,3.8,3.4,2.05,3.7,3.4,2.05,3.75,3.35,2.1,3.81,3.45,2.0,3.8,3.4,1.95,3.5,3.4,2.14,3.95,3.52,2.05,3.8,3.38,1.67,2.2,1.69,2.26,1.71,2.34,1.65,2.26,-0.25,1.75,2.05,1.83,2.09,1.85,2.14,1.79,2.06,1.91,3.8,3.75,1.87,3.75,3.9,1.95,3.75,3.75,1.93,3.88,4.05,1.85,3.8,3.9,1.87,3.7,3.9,2.07,3.94,4.05,1.92,3.8,3.84,1.67,2.2,1.7,2.26,1.72,2.35,1.67,2.22,-0.5,1.94,1.96,1.93,2.0,1.98,2.02,1.92,1.94,Unknown,2,2,4,,,,,,,,,,,,,,,,,,,,,,,,,,,,,,,,,,,,,,,,,,,,,,,,,,,,,,,,,,,,,,,,,,,,,,,reims,lyon
F1,01/10/2023,14:00,Le Havre,Lille,0,2,A,0,1,A,5,16,0,6,18,6,6,6,0,0,0,0,4.0,3.5,1.95,4.0,3.4,1.93,3.85,3.45,1.97,4.08,3.44,2.03,3.8,3.5,1.95,3.8,3.25,1.93,4.2,3.68,2.06,3.93,3.47,1.99,2.0,1.8,2.08,1.81,2.1,1.86,2.03,1.8,0.5,1.89,2.01,1.88,2.03,1.94,2.04,1.87,1.99,4.5,3.6,1.8,4.4,3.5,1.82,4.4,3.6,1.83,4.86,3.75,1.81,4.4,3.6,1.8,4.6,3.5,1.8,4.9,3.75,1.88,4.52,3.62,1.82,2.07,1.83,2.08,1.84,2.13,1.88,2.03,1.8,0.75,1.78,2.03,1.86,2.07,1.88,2.13,1.8,2.05,Unknown,0,0,0,,,,,,,,,,,,,,,,,,,,,,,,,,,,,,,,,,,,,,,,,,,,,,,,,,,,,,,,,,,,,,,,,,,,,,,le havre,lille
F1,01/10/2023,14:00,Nice,Brest,0,0,D,0,0,D,12,7,1,2,13,9,6,4,1,3,0,0,1.73,3.8,4.5,1.75,3.8,4.5,1.75,3.8,4.5,1.8,3.84,4.69,1.73,3.8,4.5,1.67,3.7,4.6,1.82,3.95,4.8,1.76,3.85,4.57,1.94,1.96,1.94,1.94,1.96,2.02,1.89,1.94,-0.75,1.99,1.91,2.03,1.88,2.03,1.93,1.96,1.88,1.75,3.8,4.2,1.78,3.6,4.5,1.77,3.75,4.5,1.85,3.66,4.75,1.8,3.7,4.4,1.75,3.7,4.6,1.85,3.95,5.1,1.8,3.72,4.6,2.05,1.85,2.09,1.83,2.13,1.98,1.98,1.85,-0.75,2.05,1.85,2.1,1.82,2.11,1.95,2.02,1.83,Unknown,1,3,4,,,,,,,,,,,,,,,,,,,,,,,,,,,,,,,,,,,,,,,,,,,,,,,,,,,,,,,,,,,,,,,,,,,,,,,nice,brest
F1,01/10/2023,14:00,Toulouse,Metz,3,0,H,2,0,H,15,8,10,3,10,7,4,6,3,0,0,0,2.1,3.6,3.4,2.15,3.4,3.4,2.15,3.45,3.35,2.13,3.47,3.7,2.15,3.5,3.25,2.05,3.25,3.4,2.22,3.64,3.75,2.14,3.47,3.47,2.01,1.89,1.99,1.9,2.06,1.93,1.96,1.86,-0.25,1.83,2.07,1.83,2.09,1.89,2.09,1.83,2.02,1.85,3.6,4.2,1.87,3.5,4.1,1.9,3.55,4.1,1.87,3.73,4.54,1.83,3.6,4.2,1.9,3.4,4.2,1.97,3.73,4.54,1.89,3.59,4.21,1.97,1.93,1.99,1.92,2.06,1.95,1.96,1.86,-0.5,1.88,2.02,1.87,2.06,1.93,2.06,1.89,1.97,Unknown,3,0,3,,,,,,,,,,,,,,,,,,,,,,,,,,,,,,,,,,,,,,,,,,,,,,,,,,,,,,,,,,,,,,,,,,,,,,,toulouse,metz
F1,01/10/2023,16:05,Lorient,Montpellier,0,3,A,0,1,A,14,14,3,8,13,6,8,3,2,1,0,0,3.0,3.5,2.38,2.9,3.6,2.3,2.95,3.5,2.35,2.95,3.59,2.44,2.88,3.6,2.3,2.88,3.3,2.3,3.0,3.72,2.47,2.92,3.54,2.38,1.8,2.0,1.81,2.07,1.85,2.13,1.78,2.04,0.25,1.81,2.09,1.81,2.11,1.83,2.11,1.8,2.04,3.2,3.4,2.25,3.1,3.4,2.25,3.15,3.45,2.25,3.24,3.54,2.32,3.0,3.5,2.25,3.13,3.4,2.25,3.24,3.63,2.4,3.14,3.47,2.29,1.91,1.99,1.92,1.99,1.98,2.1,1.89,1.94,0.25,1.93,1.97,1.93,2.0,1.94,2.04,1.88,1.96,Unknown,2,1,3,,,,,,,,,,,,,,,,,,,,,,,,,,,,,,,,,,,,,,,,,,,,,,,,,,,,,,,,,,,,,,,,,,,,,,,lorient,montpellier
F1,01/10/2023,19:45,Rennes,Nantes,3,1,H,1,1,D,16,10,5,3,11,17,6,4,3,6,0,1,1.53,4.5,5.75,1.51,4.5,5.75,1.53,4.5,5.75,1.53,4.58,6.18,1.5,4.5,6.0,1.45,4.2,6.0,1.56,4.7,6.5,1.52,4.53,5.99,1.67,2.2,1.68,2.29,1.72,2.31,1.66,2.25,-1.0,1.85,2.05,1.87,2.05,1.87,2.06,1.84,2.01,1.65,4.0,5.25,1.66,3.9,5.0,1.63,3.95,5.5,1.68,3.99,5.4,1.65,4.0,5.0,1.65,3.8,5.25,1.71,4.33,6.12,1.64,4.05,5.36,1.94,1.96,1.91,2.0,1.94,2.1,1.83,2.01,-1.0,2.1,1.7,2.2,1.78,2.25,1.97,2.09,1.78,Unknown,3,8,11,,,,,,,,,,,,,,,,,,,,,,,,,,,,,,,,,,,,,,,,,,,,,,,,,,,,,,,,,,,,,,,,,,,,,,,rennes,nantes
F1,06/10/2023,20:00,Strasbourg,Nantes,1,2,A,0,0,D,11,16,3,7,15,12,3,11,4,0,0,0,2.2,3.25,3.4,2.15,3.2,3.5,2.25,3.25,3.4,2.31,3.24,3.57,2.2,3.2,3.4,2.2,3.2,3.4,2.31,3.4,3.7,2.24,3.23,3.48,2.2,1.65,2.3,1.68,2.3,1.75,2.22,1.67,-0.25,1.94,1.96,1.96,1.96,1.96,2.03,1.89,1.94,2.25,3.25,3.25,2.37,3.1,3.1,2.3,3.25,3.25,2.37,3.15,3.54,2.3,3.25,3.1,2.3,3.2,3.2,2.4,3.36,3.62,2.34,3.19,3.24,2.2,1.65,2.32,1.68,2.32,1.74,2.2,1.67,-0.25,1.98,1.92,2.0,1.93,2.06,1.96,1.98,1.85,Unknown,4,0,4,,,,,,,,,,,,,,,,,,,,,,,,,,,,,,,,,,,,,,,,,,,,,,,,,,,,,,,,,,,,,,,,,,,,,,,strasbourg,nantes
F1,07/10/2023,16:00,Metz,Nice,0,1,A,0,1,A,10,7,3,4,9,10,1,4,0,1,0,0,4.75,3.8,1.73,4.1,3.9,1.8,4.6,3.75,1.75,5.12,3.91,1.72,4.8,3.75,1.7,5.0,3.7,1.7,5.2,4.0,1.78,4.88,3.81,1.73,1.98,1.92,1.98,1.91,2.0,1.94,1.94,1.89,0.75,1.95,1.95,1.97,1.93,1.97,1.97,1.91,1.91,6.0,4.0,1.57,4.1,3.9,1.8,5.75,3.9,1.63,6.41,4.13,1.59,6.5,3.9,1.55,6.5,3.9,1.53,6.5,4.2,1.68,6.04,4.01,1.59,2.03,1.87,2.03,1.88,2.05,1.9,1.98,1.85,1.0,1.87,2.03,1.9,2.03,1.9,2.14,1.83,2.03,Unknown,0,1,1,,,,,,,,,,,,,,,,,,,,,,,,,,,,,,,,,,,,,,,,,,,,,,,,,,,,,,,,,,,,,,,,,,,,,,,metz,nice
F1,07/10/2023,20:00,Reims,Monaco,1,3,A,0,1,A,11,11,4,4,10,14,10,5,0,3,0,0,2.6,3.6,2.55,2.65,3.7,2.45,2.6,3.65,2.55,2.68,3.62,2.64,2.62,3.75,2.4,2.6,3.6,2.5,2.8,3.91,2.66,2.64,3.66,2.55,1.6,2.3,1.64,2.36,1.65,2.45,1.59,2.37,0.0,1.96,1.94,1.97,1.93,2.05,1.94,1.95,1.89,2.63,3.75,2.45,2.65,3.6,2.45,2.65,3.7,2.5,2.73,3.76,2.56,2.62,3.7,2.45,2.63,3.7,2.45,2.92,3.84,2.71,2.65,3.71,2.52,1.53,2.4,1.58,2.53,1.58,2.66,1.52,2.53,0.0,2.02,1.88,2.03,1.9,2.11,1.98,1.97,1.88,Unknown,0,3,3,,,,,,,,,,,,,,,,,,,,,,,,,,,,,,,,,,,,,,,,,,,,,,,,,,,,,,,,,,,,,,,,,,,,,,,reims,monaco
F1,08/10/2023,12:00,Marseille,Le Havre,3,0,H,2,0,H,14,7,6,1,6,16,4,3,0,3,0,1,1.45,4.75,6.0,1.49,4.4,6.25,1.5,4.5,6.25,1.48,4.63,7.2,1.44,4.6,6.5,1.44,4.1,6.5,1.54,4.75,7.2,1.49,4.53,6.48,1.7,2.1,1.75,2.17,1.8,2.2,1.73,2.13,-1.0,1.73,2.08,1.76,2.17,1.85,2.17,1.79,2.05,1.45,4.5,6.5,1.46,4.6,6.75,1.5,4.5,6.25,1.48,4.61,7.28,1.44,4.5,7.0,1.44,4.5,7.0,1.54,4.9,7.5,1.47,4.55,6.84,1.7,2.1,1.75,2.18,1.77,2.28,1.71,2.16,-1.25,2.09,1.84,2.08,1.86,2.1,1.9,2.03,1.82,Unknown,0,5,5,,,,,,,,,,,,,,,,,,,,,,,,,,,,,,,,,,,,,,,,,,,,,,,,,,,,,,,,,,,,,,,,,,,,,,,marseille,le havre
F1,08/10/2023,14:00,Brest,Toulouse,1,1,D,0,1,A,13,9,2,3,18,18,3,5,2,2,0,0,1.8,3.8,4.33,1.8,3.75,4.33,1.83,3.7,4.3,1.85,3.74,4.54,1.8,3.7,4.33,1.75,3.4,4.4,1.87,3.85,4.7,1.82,3.71,4.39,2.01,1.89,1.99,1.89,2.01,1.98,1.94,1.87,-0.75,2.06,1.84,2.09,1.81,2.1,1.85,2.04,1.8,1.7,3.75,5.0,1.68,3.7,5.25,1.7,3.8,5.25,1.73,3.9,5.25,1.65,3.75,5.5,1.65,3.7,5.5,1.77,3.95,5.5,1.71,3.81,5.17,2.06,1.84,2.07,1.85,2.07,1.9,2.0,1.83,-0.75,1.94,1.99,1.94,1.98,2.0,2.04,1.89,1.95,Unknown,2,2,4,,,,,,,,,,,,,,,,,,,,,,,,,,,,,,,,,,,,,,,,,,,,,,,,,,,,,,,,,,,,,,,,,,,,,,,brest,toulouse
F1,08/10/2023,14:00,Lyon,Lorient,3,3,D,3,1,H,9,6,6,5,22,10,5,2,0,0,0,0,1.67,4.2,4.75,1.7,4.0,4.6,1.7,4.0,4.7,1.71,4.06,5.04,1.67,4.0,4.75,1.65,3.75,4.75,1.74,4.27,5.2,1.69,4.03,4.83,1.67,2.15,1.72,2.2,1.75,2.26,1.68,2.19,-0.75,1.9,2.0,1.89,2.01,1.92,2.05,1.85,1.98,1.73,3.8,4.5,1.77,3.9,4.2,1.75,3.95,4.4,1.79,3.93,4.66,1.7,4.0,4.5,1.7,3.9,4.6,1.81,4.2,4.9,1.75,3.94,4.54,1.67,2.15,1.72,2.23,1.75,2.28,1.68,2.2,-0.75,2.01,1.92,2.02,1.91,2.02,2.0,1.94,1.9,Unknown,0,0,0,,,,,,,,,,,,,,,,,,,,,,,,,,,,,,,,,,,,,,,,,,,,,,,,,,,,,,,,,,,,,,,,,,,,,,,lyon,lorient
F1,08/10/2023,16:05,Lens,Lille,1,1,D,0,1,A,14,8,5,3,14,16,8,5,2,4,0,0,2.25,3.6,3.0,2.2,3.5,3.1,2.25,3.5,3.1,2.27,3.48,3.34,2.2,3.5,3.1,2.15,3.25,3.13,2.29,3.64,3.41,2.23,3.49,3.22,1.96,1.94,1.97,1.92,1.98,1.96,1.91,1.9,-0.25,1.94,1.96,1.95,1.95,1.95,1.99,1.9,1.93,2.4,3.4,2.88,2.4,3.3,2.9,2.45,3.4,2.9,2.47,3.34,3.07,2.38,3.4,2.9,2.38,3.25,3.0,2.47,3.49,3.18,2.39,3.38,2.97,2.07,1.83,2.11,1.8,2.11,1.94,1.97,1.84,-0.25,2.13,1.81,2.12,1.82,2.13,1.89,2.04,1.8,Unknown,2,4,6,,,,,,,,,,,,,,,,,,,,,,,,,,,,,,,,,,,,,,,,,,,,,,,,,,,,,,,,,,,,,,,,,,,,,,,lens,lille
F1,08/10/2023,19:45,Rennes,Paris SG,1,3,A,0,2,A,14,17,4,7,12,15,1,7,1,0,0,0,3.4,3.6,2.05,3.5,3.6,2.05,3.45,3.65,2.05,3.61,3.59,2.11,3.3,3.7,2.05,3.4,3.4,2.0,3.8,3.8,2.16,3.48,3.61,2.08,1.73,2.08,1.79,2.11,1.83,2.19,1.75,2.1,0.25,2.07,1.83,2.09,1.83,2.13,1.84,2.04,1.79,4.0,3.8,1.85,3.9,3.9,1.83,4.0,3.8,1.85,4.21,4.0,1.86,3.9,3.9,1.83,4.1,3.8,1.8,4.59,4.05,1.98,4.09,3.88,1.85,1.6,2.3,1.65,2.38,1.66,2.5,1.62,2.33,0.75,1.78,2.03,1.82,2.1,1.93,2.13,1.8,2.04,Unknown,1,0,1,,,,,,,,,,,,,,,,,,,,,,,,,,,,,,,,,,,,,,,,,,,,,,,,,,,,,,,,,,,,,,,,,,,,,,,rennes,paris sg
F1,20/10/2023,20:00,Le Havre,Lens,0,0,D,0,0,D,14,13,5,7,16,9,3,3,2,3,0,0,4.5,3.5,1.83,4.5,3.5,1.83,4.3,3.4,1.9,4.66,3.6,1.88,4.6,3.5,1.8,4.5,3.4,1.83,4.85,3.66,1.9,4.53,3.52,1.85,2.1,1.7,2.17,1.76,2.2,1.8,2.11,1.74,0.5,2.05,1.88,2.05,1.88,2.07,1.9,2.0,1.85,4.33,3.5,1.85,4.4,3.4,1.85,4.1,3.4,1.95,4.72,3.65,1.86,4.4,3.5,1.83,4.5,3.4,1.83,4.8,3.65,1.95,4.52,3.5,1.86,2.15,1.67,2.16,1.77,2.25,1.81,2.15,1.72,0.5,2.06,1.87,2.07,1.86,2.07,1.95,1.99,1.87,Unknown,2,3,5,,,,,,,,,,,,,,,,,,,,,,,,,,,,,,,,,,,,,,,,,,,,,,,,,,,,,,,,,,,,,,,,,,,,,,,le havre,lens
F1,21/10/2023,16:00,Paris SG,Strasbourg,3,0,H,2,0,H,8,7,4,1,11,10,1,6,2,0,0,0,1.22,6.5,12.0,1.23,6.5,12.0,1.25,6.5,11.0,1.24,6.93,11.72,1.2,6.5,13.0,1.2,6.5,13.0,1.25,7.1,13.2,1.23,6.61,12.0,1.44,2.7,1.43,2.88,1.46,2.93,1.44,2.77,-1.75,1.87,2.03,1.84,2.06,1.88,2.07,1.83,2.01,1.2,7.0,12.0,1.21,7.0,13.0,1.22,6.5,13.0,1.22,7.5,13.0,1.15,7.5,17.0,1.18,7.0,15.0,1.22,8.2,17.0,1.2,7.33,14.03,1.44,2.7,1.48,2.75,1.51,3.07,1.45,2.74,-2.0,2.04,1.89,2.05,1.86,2.06,2.11,1.95,1.9,Unknown,2,0,2,,,,,,,,,,,,,,,,,,,,,,,,,,,,,,,,,,,,,,,,,,,,,,,,,,,,,,,,,,,,,,,,,,,,,,,paris sg,strasbourg
F1,21/10/2023,20:00,Nice,Marseille,1,0,H,0,0,D,10,9,2,1,13,6,4,2,4,3,0,1,2.4,3.3,3.0,2.4,3.4,2.9,2.4,3.35,2.95,2.51,3.22,3.14,2.45,3.3,2.88,2.38,3.25,3.0,2.53,3.4,3.23,2.44,3.29,3.04,2.06,1.84,2.08,1.83,2.11,1.89,2.0,1.82,-0.25,2.09,1.81,2.13,1.8,2.13,1.84,2.05,1.79,2.3,3.3,3.1,2.3,3.25,3.2,2.4,3.3,3.0,2.37,3.34,3.32,2.3,3.3,3.1,2.3,3.25,3.13,2.43,3.4,3.43,2.34,3.31,3.19,2.05,1.75,2.1,1.81,2.38,1.87,2.06,1.79,-0.25,2.03,1.9,2.03,1.9,2.04,1.94,1.99,1.86,Unknown,4,5,9,,,,,,,,,,,,,,,,,,,,,,,,,,,,,,,,,,,,,,,,,,,,,,,,,,,,,,,,,,,,,,,,,,,,,,,nice,marseille
F1,22/10/2023,12:00,Lorient,Rennes,2,1,H,2,1,H,5,20,4,6,5,14,6,16,0,2,0,0,3.8,3.8,1.85,3.9,3.7,1.88,3.9,3.75,1.9,4.02,3.79,1.93,3.9,3.75,1.85,3.9,3.5,1.83,4.11,3.93,1.95,3.95,3.74,1.89,1.75,2.05,1.82,2.07,1.85,2.11,1.79,2.04,0.5,1.99,1.91,1.97,1.93,2.0,1.93,1.94,1.89,4.0,3.75,1.8,4.2,3.6,1.85,4.0,3.7,1.9,4.29,3.84,1.88,4.2,3.7,1.8,4.2,3.6,1.83,4.33,3.9,1.98,4.16,3.69,1.87,1.92,1.98,1.93,1.98,1.95,2.03,1.89,1.93,0.5,2.05,1.88,2.04,1.88,2.06,1.91,1.99,1.88,Unknown,0,2,2,,,,,,,,,,,,,,,,,,,,,,,,,,,,,,,,,,,,,,,,,,,,,,,,,,,,,,,,,,,,,,,,,,,,,,,lorient,rennes
F1,22/10/2023,14:00,Lille,Brest,1,0,H,1,0,H,6,9,4,1,12,13,3,5,2,3,0,0,1.8,3.5,4.75,1.78,3.6,4.5,1.8,3.65,4.5,1.82,3.64,4.85,1.75,3.7,4.5,1.73,3.5,4.5,1.84,3.88,5.0,1.8,3.66,4.65,1.98,1.92,1.98,1.91,2.02,1.92,1.95,1.87,-0.75,2.05,1.85,2.06,1.85,2.06,1.89,2.01,1.83,1.85,3.4,4.5,1.87,3.5,4.2,1.9,3.55,4.3,1.91,3.55,4.61,1.83,3.6,4.2,1.85,3.5,4.33,1.91,3.7,5.0,1.85,3.57,4.54,2.02,1.88,2.04,1.87,2.05,1.9,1.99,1.85,-0.5,1.92,2.01,1.91,2.02,1.92,2.1,1.86,2.02,Unknown,2,3,5,,,,,,,,,,,,,,,,,,,,,,,,,,,,,,,,,,,,,,,,,,,,,,,,,,,,,,,,,,,,,,,,,,,,,,,lille,brest
F1,22/10/2023,14:00,Nantes,Montpellier,2,0,H,1,0,H,14,11,5,6,16,13,4,3,2,1,0,0,2.88,3.5,2.4,2.8,3.5,2.4,2.9,3.5,2.4,3.03,3.62,2.37,2.8,3.6,2.38,2.8,3.3,2.3,3.03,3.76,2.45,2.9,3.54,2.38,1.75,2.05,1.77,2.14,1.81,2.17,1.76,2.08,0.25,1.83,2.07,1.86,2.06,1.86,2.12,1.79,2.03,3.1,3.5,2.25,2.9,3.5,2.3,3.0,3.55,2.3,3.16,3.65,2.32,2.9,3.6,2.3,2.9,3.5,2.3,3.2,3.68,2.41,3.03,3.56,2.32,1.73,2.08,1.79,2.13,1.84,2.13,1.77,2.07,0.25,1.92,2.01,1.92,2.01,1.92,2.08,1.87,1.98,Unknown,2,1,3,,,,,,,,,,,,,,,,,,,,,,,,,,,,,,,,,,,,,,,,,,,,,,,,,,,,,,,,,,,,,,,,,,,,,,,nantes,montpellier
F1,22/10/2023,14:00,Toulouse,Reims,1,1,D,0,0,D,11,15,5,4,18,15,5,7,2,0,0,0,2.8,3.5,2.4,3.0,3.5,2.3,2.9,3.5,2.4,2.94,3.47,2.5,2.8,3.5,2.38,2.8,3.3,2.3,3.03,3.68,2.52,2.91,3.48,2.42,1.87,2.03,1.87,2.03,1.89,2.06,1.83,2.0,0.25,1.75,2.05,1.78,2.14,1.83,2.14,1.78,2.04,2.63,3.4,2.55,2.65,3.3,2.6,2.7,3.45,2.6,2.73,3.4,2.76,2.6,3.5,2.6,2.63,3.3,2.63,2.89,3.52,2.76,2.7,3.4,2.64,1.96,1.94,1.97,1.93,1.98,2.03,1.92,1.91,0.0,1.96,1.97,1.95,1.97,2.01,1.99,1.96,1.91,Unknown,2,0,2,,,,,,,,,,,,,,,,,,,,,,,,,,,,,,,,,,,,,,,,,,,,,,,,,,,,,,,,,,,,,,,,,,,,,,,toulouse,reims
F1,22/10/2023,16:05,Monaco,Metz,2,1,H,1,1,D,27,8,13,4,12,11,10,2,1,3,0,0,1.33,5.5,8.5,1.34,5.5,8.0,1.35,5.75,7.75,1.36,5.75,8.16,1.33,5.5,8.0,1.29,5.25,8.0,1.37,6.0,8.65,1.34,5.6,8.19,1.44,2.7,1.46,2.81,1.47,2.9,1.44,2.78,-1.5,1.94,1.96,1.95,1.95,1.97,1.97,1.91,1.93,1.33,5.5,9.0,1.32,5.75,8.25,1.3,5.75,9.5,1.32,6.04,9.27,1.29,5.8,9.5,1.29,5.75,9.0,1.35,6.1,9.9,1.31,5.81,8.95,1.4,2.88,1.43,2.95,1.46,3.17,1.41,2.91,-1.5,1.9,2.03,1.88,2.04,1.92,2.09,1.85,2.01,Unknown,1,3,4,,,,,,,,,,,,,,,,,,,,,,,,,,,,,,,,,,,,,,,,,,,,,,,,,,,,,,,,,,,,,,,,,,,,,,,monaco,metz
F1,22/10/2023,19:45,Lyon,Clermont,1,2,A,0,2,A,25,12,6,5,16,12,10,3,4,6,0,0,1.75,3.75,4.5,1.75,3.9,4.33,1.77,3.85,4.3,1.81,4.08,4.31,1.73,4.0,4.33,1.73,3.6,4.33,1.84,4.1,4.5,1.79,3.95,4.32,1.73,2.08,1.77,2.14,1.79,2.28,1.73,2.13,-0.75,2.04,1.86,2.05,1.86,2.05,1.9,2.0,1.84,1.91,3.5,4.0,1.87,3.6,4.1,1.83,3.65,4.3,1.94,3.64,4.28,1.83,3.6,4.2,1.9,3.5,4.1,1.96,3.78,4.47,1.89,3.64,4.15,1.92,1.98,1.93,1.97,1.95,2.03,1.89,1.94,-0.5,1.95,1.98,1.94,1.98,1.97,2.01,1.89,1.97,Unknown,4,6,10,,,,,,,,,,,,,,,,,,,,,,,,,,,,,,,,,,,,,,,,,,,,,,,,,,,,,,,,,,,,,,,,,,,,,,,lyon,clermont
F1,27/10/2023,20:00,Clermont,Nice,0,1,A,0,0,D,8,11,3,5,14,12,2,2,0,2,0,0,4.2,3.3,1.91,4.33,3.3,1.9,4.2,3.4,1.95,4.42,3.42,1.95,4.2,3.4,1.91,4.33,3.3,1.9,4.5,3.58,2.0,4.31,3.4,1.93,2.2,1.65,2.31,1.68,2.38,1.72,2.25,1.66,0.5,1.98,1.95,1.96,1.96,1.99,1.96,1.93,1.94,3.6,3.2,2.15,3.6,3.2,2.15,4.0,3.3,2.05,3.81,3.19,2.21,3.9,3.25,2.0,3.9,3.2,2.05,4.46,3.43,2.21,3.93,3.26,2.07,2.3,1.6,2.41,1.63,2.41,1.7,2.3,1.63,0.5,1.7,2.1,1.75,2.21,1.96,2.21,1.79,2.09,Unknown,0,2,2,,,,,,,,,,,,,,,,,,,,,,,,,,,,,,,,,,,,,,,,,,,,,,,,,,,,,,,,,,,,,,,,,,,,,,,clermont,nice
F1,28/10/2023,16:00,Reims,Lorient,1,0,H,0,0,D,12,9,5,1,16,7,4,4,1,3,0,0,1.67,4.0,5.0,1.63,4.2,4.8,1.65,4.1,4.9,1.67,4.24,5.13,1.62,4.2,5.0,1.62,4.0,5.25,1.7,4.33,5.3,1.66,4.16,5.01,1.7,2.1,1.73,2.18,1.77,2.22,1.71,2.16,-1.0,2.08,1.73,2.13,1.78,2.14,1.81,2.1,1.77,1.73,4.0,4.5,1.72,3.9,4.5,1.73,3.95,4.5,1.76,3.97,4.76,1.7,3.9,4.6,1.7,3.8,4.8,1.81,4.2,5.0,1.74,3.93,4.67,1.75,2.05,1.81,2.1,1.9,2.14,1.77,2.07,-0.75,1.99,1.94,1.98,1.94,2.04,2.0,1.93,1.91,Unknown,1,3,4,,,,,,,,,,,,,,,,,,,,,,,,,,,,,,,,,,,,,,,,,,,,,,,,,,,,,,,,,,,,,,,,,,,,,,,reims,lorient
F1,28/10/2023,20:00,Lens,Nantes,4,0,H,1,0,H,11,11,7,1,12,17,4,1,1,2,0,0,1.57,4.2,5.5,1.57,4.2,5.5,1.57,4.2,5.5,1.6,4.36,5.65,1.53,4.2,5.8,1.53,4.1,6.0,1.62,4.5,6.0,1.58,4.26,5.7,1.75,2.05,1.78,2.11,1.82,2.15,1.76,2.08,-1.0,2.01,1.92,2.01,1.89,2.04,1.94,1.98,1.88,1.57,4.2,5.5,1.6,4.1,5.25,1.6,4.2,5.25,1.63,4.23,5.54,1.57,4.2,5.5,1.57,4.0,5.75,1.69,4.33,6.0,1.61,4.18,5.47,1.7,2.1,1.77,2.17,1.82,2.23,1.74,2.12,-1.0,2.04,1.89,2.07,1.86,2.12,1.89,2.03,1.83,Unknown,1,2,3,,,,,,,,,,,,,,,,,,,,,,,,,,,,,,,,,,,,,,,,,,,,,,,,,,,,,,,,,,,,,,,,,,,,,,,lens,nantes
F1,29/10/2023,12:00,Brest,Paris SG,2,3,A,1,2,A,20,17,5,10,14,10,9,5,3,4,0,0,5.75,4.33,1.53,5.5,4.33,1.55,5.75,4.5,1.53,6.06,4.63,1.54,5.8,4.5,1.5,6.0,4.2,1.45,6.3,4.7,1.59,5.85,4.49,1.53,1.65,2.2,1.65,2.32,1.69,2.4,1.63,2.29,1.0,2.05,1.88,2.05,1.87,2.05,1.91,2.0,1.86,5.5,4.2,1.57,5.5,4.33,1.55,5.75,4.5,1.55,5.51,4.4,1.61,6.5,4.75,1.44,5.75,4.2,1.5,7.0,4.75,1.61,5.77,4.43,1.55,1.67,2.15,1.7,2.26,1.7,2.37,1.64,2.27,1.0,1.9,2.03,1.89,2.03,2.13,2.03,1.94,1.91,Unknown,3,4,7,,,,,,,,,,,,,,,,,,,,,,,,,,,,,,,,,,,,,,,,,,,,,,,,,,,,,,,,,,,,,,,,,,,,,,,brest,paris sg
F1,29/10/2023,14:00,Lille,Monaco,2,0,H,2,0,H,7,16,5,6,17,13,2,8,1,2,0,0,2.25,3.75,2.9,2.25,3.7,2.9,2.3,3.7,2.9,2.34,3.82,2.95,2.2,3.9,2.88,2.2,3.5,2.88,2.36,4.0,3.06,2.28,3.8,2.93,1.57,2.35,1.61,2.41,1.61,2.47,1.57,2.41,-0.25,2.04,1.89,2.05,1.86,2.05,1.93,1.98,1.86,2.38,3.6,2.75,2.4,3.6,2.75,2.45,3.65,2.75,2.5,3.7,2.79,2.4,3.6,2.7,2.45,3.6,2.7,2.58,3.85,2.95,2.45,3.66,2.76,1.6,2.3,1.65,2.36,1.65,2.47,1.61,2.34,-0.25,2.1,1.7,2.18,1.77,2.18,1.84,2.1,1.76,Unknown,1,2,3,,,,,,,,,,,,,,,,,,,,,,,,,,,,,,,,,,,,,,,,,,,,,,,,,,,,,,,,,,,,,,,,,,,,,,,lille,monaco
F1,29/10/2023,14:00,Metz,Le Havre,0,0,D,0,0,D,9,12,3,1,13,15,5,6,2,2,0,0,2.5,3.3,2.8,2.45,3.25,2.9,2.55,3.25,2.85,2.61,3.26,2.96,2.5,3.2,2.88,2.45,3.1,2.8,2.66,3.35,3.0,2.55,3.25,2.91,2.15,1.67,2.23,1.71,2.33,1.76,2.18,1.69,0.0,1.84,2.09,1.84,2.08,1.86,2.15,1.81,2.05,2.8,3.1,2.7,2.8,3.1,2.65,2.85,3.1,2.65,2.95,3.09,2.74,2.8,3.1,2.6,2.88,3.0,2.63,3.03,3.21,2.75,2.86,3.11,2.67,2.35,1.57,2.44,1.61,2.47,1.68,2.33,1.61,0.0,2.05,1.88,2.04,1.89,2.11,1.89,2.02,1.85,Unknown,2,2,4,,,,,,,,,,,,,,,,,,,,,,,,,,,,,,,,,,,,,,,,,,,,,,,,,,,,,,,,,,,,,,,,,,,,,,,metz,le havre
F1,29/10/2023,14:00,Montpellier,Toulouse,3,0,H,1,0,H,19,16,6,5,13,15,3,4,2,3,0,0,1.75,4.0,4.5,1.73,3.9,4.4,1.77,3.9,4.3,1.8,3.95,4.53,1.73,3.9,4.4,1.7,3.6,4.4,1.82,4.05,4.63,1.77,3.92,4.47,1.73,2.08,1.79,2.1,1.82,2.2,1.75,2.1,-0.75,2.02,1.91,2.03,1.88,2.03,1.93,1.97,1.88,1.83,3.8,4.2,1.85,3.7,4.1,1.83,3.8,4.2,1.88,3.82,4.24,1.8,3.8,4.2,1.83,3.6,4.2,1.9,4.0,4.5,1.84,3.79,4.24,1.84,2.06,1.85,2.06,1.9,2.12,1.8,2.04,-0.5,1.89,2.04,1.89,2.04,1.92,2.09,1.85,2.02,Unknown,2,3,5,,,,,,,,,,,,,,,,,,,,,,,,,,,,,,,,,,,,,,,,,,,,,,,,,,,,,,,,,,,,,,,,,,,,,,,montpellier,toulouse
F1,29/10/2023,16:05,Rennes,Strasbourg,1,1,D,1,0,H,20,11,3,3,14,16,7,5,2,2,0,0,1.57,4.0,6.0,1.58,4.1,5.5,1.6,4.1,5.75,1.6,4.19,5.92,1.57,4.0,5.8,1.53,3.8,5.75,1.65,4.3,6.0,1.6,4.11,5.69,1.9,2.0,1.9,1.99,1.94,2.02,1.87,1.96,-1.0,2.06,1.87,2.04,1.87,2.09,1.87,2.03,1.83,1.45,4.5,7.0,1.46,4.4,7.0,1.45,4.5,7.0,1.5,4.48,7.15,1.44,4.5,7.0,1.44,4.33,7.5,1.52,4.75,8.0,1.47,4.46,7.07,1.88,2.02,1.9,2.01,1.92,2.13,1.83,1.98,-1.25,2.08,1.73,2.12,1.8,2.12,1.87,2.05,1.78,Unknown,2,2,4,,,,,,,,,,,,,,,,,,,,,,,,,,,,,,,,,,,,,,,,,,,,,,,,,,,,,,,,,,,,,,,,,,,,,,,rennes,strasbourg
F1,03/11/2023,20:00,Paris SG,Montpellier,3,0,H,1,0,H,21,7,10,2,10,13,9,2,1,0,0,0,1.25,6.0,10.0,1.26,6.25,10.0,1.27,6.5,10.0,1.26,6.76,10.17,1.22,6.0,11.0,1.22,6.5,11.5,1.28,7.2,11.5,1.26,6.56,10.28,1.36,3.1,1.36,3.3,1.38,3.4,1.35,3.22,-1.75,1.91,2.02,1.91,1.99,1.92,2.05,1.86,1.98,1.25,6.0,10.0,1.27,6.25,9.5,1.27,6.5,9.5,1.26,6.79,10.44,1.22,6.0,11.0,1.22,6.5,11.5,1.28,7.22,11.6,1.25,6.63,10.48,1.3,3.5,1.33,3.46,1.36,3.5,1.32,3.36,-1.75,1.9,2.03,1.91,2.0,1.94,2.09,1.86,2.0,Unknown,1,0,1,,,,,,,,,,,,,,,,,,,,,,,,,,,,,,,,,,,,,,,,,,,,,,,,,,,,,,,,,,,,,,,,,,,,,,,paris sg,montpellier
F1,04/11/2023,16:00,Lorient,Lens,0,0,D,0,0,D,7,14,2,7,10,14,1,5,3,3,0,0,5.0,3.8,1.7,4.8,3.9,1.68,4.8,3.85,1.73,4.73,3.95,1.75,4.8,3.8,1.65,5.0,3.7,1.7,5.05,4.0,1.78,4.81,3.89,1.73,1.88,2.02,1.89,1.99,1.89,2.04,1.85,1.98,0.75,1.95,1.98,1.93,1.98,1.96,1.98,1.92,1.92,4.5,3.6,1.83,4.4,3.6,1.82,4.3,3.6,1.83,4.52,3.62,1.88,4.33,3.5,1.8,4.4,3.5,1.83,4.85,3.77,1.9,4.44,3.62,1.84,2.07,1.83,2.09,1.83,2.13,1.93,2.01,1.82,0.5,2.03,1.9,2.04,1.88,2.06,1.9,2.01,1.86,Unknown,3,3,6,,,,,,,,,,,,,,,,,,,,,,,,,,,,,,,,,,,,,,,,,,,,,,,,,,,,,,,,,,,,,,,,,,,,,,,lorient,lens
F1,04/11/2023,20:00,Marseille,Lille,0,0,D,0,0,D,8,10,3,1,10,12,2,8,2,3,0,0,2.25,3.5,3.1,2.25,3.5,3.1,2.25,3.5,3.15,2.21,3.59,3.31,2.15,3.6,3.0,2.2,3.4,3.25,2.28,3.72,3.44,2.23,3.54,3.22,1.89,2.01,1.88,2.01,1.94,2.05,1.86,1.97,-0.25,1.95,1.98,1.93,1.98,1.96,1.98,1.9,1.94,1.91,3.6,4.0,1.88,3.6,4.0,1.9,3.6,4.1,1.93,3.7,4.17,1.83,3.6,4.0,1.87,3.5,4.2,2.02,3.8,4.35,1.91,3.65,4.07,1.97,1.93,1.99,1.93,2.02,2.0,1.93,1.9,-0.5,1.93,2.0,1.93,1.99,1.94,2.0,1.91,1.95,Unknown,2,3,5,,,,,,,,,,,,,,,,,,,,,,,,,,,,,,,,,,,,,,,,,,,,,,,,,,,,,,,,,,,,,,,,,,,,,,,marseille,lille
F1,05/11/2023,12:00,Lyon,Metz,1,1,D,0,0,D,15,10,4,5,16,14,4,9,1,1,0,0,1.67,3.8,5.5,1.7,3.9,4.6,1.65,3.95,5.25,1.67,4.04,5.24,1.62,4.0,4.75,1.62,3.75,4.8,1.7,4.2,5.5,1.67,4.01,5.02,1.73,2.08,1.77,2.13,1.78,2.2,1.73,2.13,-0.75,1.86,2.07,1.86,2.05,1.86,2.07,1.83,2.01,1.65,3.8,5.75,1.63,3.9,5.25,1.63,3.95,5.5,1.67,3.94,5.61,1.57,4.0,5.5,1.62,3.9,5.5,1.69,4.2,5.82,1.64,3.98,5.44,1.88,2.02,1.9,2.01,1.9,2.16,1.81,2.02,-1.0,2.08,1.73,2.18,1.77,2.19,1.88,2.1,1.77,Unknown,1,1,2,,,,,,,,,,,,,,,,,,,,,,,,,,,,,,,,,,,,,,,,,,,,,,,,,,,,,,,,,,,,,,,,,,,,,,,lyon,metz
F1,05/11/2023,14:00,Nantes,Reims,0,1,A,0,0,D,17,7,4,4,5,11,10,6,1,2,0,0,2.88,3.2,2.55,2.8,3.2,2.55,2.85,3.25,2.55,2.99,3.2,2.59,2.75,3.25,2.45,2.8,3.1,2.45,3.05,3.4,2.64,2.92,3.24,2.53,2.08,1.73,2.14,1.76,2.19,1.94,2.11,1.74,0.0,2.09,1.84,2.11,1.82,2.11,1.84,2.06,1.81,2.8,3.25,2.55,2.85,3.25,2.5,2.8,3.3,2.55,2.93,3.3,2.61,2.7,3.3,2.5,2.8,3.25,2.55,2.97,3.42,2.65,2.86,3.3,2.56,2.05,1.85,2.08,1.84,2.13,1.89,2.02,1.82,0.0,2.08,1.85,2.09,1.85,2.12,1.88,2.04,1.84,Unknown,1,2,3,,,,,,,,,,,,,,,,,,,,,,,,,,,,,,,,,,,,,,,,,,,,,,,,,,,,,,,,,,,,,,,,,,,,,,,nantes,reims
F1,05/11/2023,14:00,Strasbourg,Clermont,0,0,D,0,0,D,18,10,5,2,11,5,4,6,2,0,1,0,2.38,3.2,3.1,2.37,3.2,3.1,2.4,3.2,3.15,2.42,3.23,3.22,2.3,3.2,3.1,2.3,3.0,3.1,2.46,3.35,3.3,2.37,3.24,3.17,2.2,1.65,2.27,1.68,2.34,1.7,2.23,1.67,-0.25,2.06,1.87,2.07,1.85,2.07,1.87,2.01,1.83,2.3,3.2,3.3,2.35,3.1,3.2,2.35,3.15,3.2,2.33,3.23,3.46,2.3,3.2,3.1,2.3,3.13,3.3,2.46,3.28,3.46,2.35,3.19,3.29,2.25,1.62,2.33,1.67,2.41,1.69,2.31,1.63,-0.25,2.0,1.93,1.99,1.93,2.03,1.95,1.98,1.87,Unknown,4,0,4,,,,,,,,,,,,,,,,,,,,,,,,,,,,,,,,,,,,,,,,,,,,,,,,,,,,,,,,,,,,,,,,,,,,,,,strasbourg,clermont
F1,05/11/2023,14:00,Toulouse,Le Havre,1,2,A,0,0,D,17,15,5,7,9,12,4,6,2,2,0,0,2.2,3.3,3.4,2.1,3.4,3.4,2.2,3.35,3.4,2.16,3.35,3.67,2.1,3.4,3.3,2.05,3.2,3.4,2.21,3.48,3.76,2.15,3.36,3.52,2.08,1.73,2.12,1.78,2.14,1.84,2.07,1.77,-0.25,1.87,2.06,1.86,2.06,1.88,2.06,1.83,2.01,1.95,3.4,4.0,2.05,3.3,3.75,2.0,3.4,3.85,2.04,3.44,4.05,1.95,3.4,3.8,1.95,3.3,4.0,2.13,3.52,4.1,2.01,3.39,3.95,2.1,1.7,2.18,1.75,2.25,1.78,2.15,1.72,-0.5,2.03,1.9,2.05,1.88,2.05,1.92,2.01,1.85,Unknown,2,2,4,,,,,,,,,,,,,,,,,,,,,,,,,,,,,,,,,,,,,,,,,,,,,,,,,,,,,,,,,,,,,,,,,,,,,,,toulouse,le havre
F1,05/11/2023,16:05,Monaco,Brest,2,0,H,1,0,H,12,15,6,1,15,11,6,4,2,4,0,1,1.7,4.0,4.75,1.7,4.1,4.5,1.7,4.2,4.6,1.76,4.14,4.44,1.67,4.0,4.4,1.67,3.8,4.4,1.79,4.3,4.75,1.73,4.08,4.49,1.62,2.25,1.67,2.3,1.68,2.38,1.64,2.28,-0.75,1.98,1.95,1.97,1.93,1.98,1.96,1.92,1.92,1.75,3.8,4.75,1.8,3.75,4.2,1.75,3.9,4.4,1.78,3.97,4.59,1.73,3.8,4.33,1.75,3.75,4.6,1.85,4.07,4.81,1.78,3.89,4.46,1.73,2.08,1.78,2.14,1.82,2.33,1.74,2.11,-0.75,2.0,1.93,2.02,1.91,2.06,1.99,1.98,1.87,Unknown,2,6,8,,,,,,,,,,,,,,,,,,,,,,,,,,,,,,,,,,,,,,,,,,,,,,,,,,,,,,,,,,,,,,,,,,,,,,,monaco,brest
F1,05/11/2023,19:45,Nice,Rennes,2,0,H,1,0,H,16,11,4,4,7,12,2,1,0,2,1,1,2.05,3.4,3.6,2.1,3.4,3.5,2.1,3.4,3.55,2.13,3.36,3.74,2.0,3.4,3.5,2.0,3.2,3.6,2.17,3.5,3.84,2.1,3.39,3.63,2.1,1.7,2.12,1.78,2.15,1.79,2.09,1.75,-0.25,1.75,2.05,1.83,2.09,1.83,2.13,1.8,2.04,2.1,3.2,3.6,2.1,3.2,3.7,2.1,3.3,3.75,2.15,3.34,3.78,2.05,3.3,3.5,2.05,3.25,3.75,2.17,3.48,3.88,2.11,3.32,3.7,2.2,1.65,2.26,1.71,2.32,1.75,2.21,1.68,-0.25,1.83,2.1,1.85,2.09,1.85,2.13,1.8,2.06,Unknown,2,4,6,,,,,,,,,,,,,,,,,,,,,,,,,,,,,,,,,,,,,,,,,,,,,,,,,,,,,,,,,,,,,,,,,,,,,,,nice,rennes
F1,10/11/2023,20:00,Montpellier,Nice,0,0,D,0,0,D,9,15,1,4,11,15,3,7,0,4,0,0,3.5,3.3,2.15,3.5,3.3,2.15,3.5,3.35,2.15,3.61,3.39,2.17,3.4,3.4,2.05,3.6,3.3,2.1,3.7,3.45,2.21,3.56,3.37,2.14,2.05,1.85,2.08,1.84,2.08,1.88,2.03,1.81,0.25,2.07,1.86,2.05,1.88,2.09,1.88,2.02,1.83,3.5,3.25,2.2,3.5,3.3,2.15,3.55,3.3,2.15,3.69,3.36,2.18,3.4,3.3,2.1,3.5,3.3,2.1,3.87,3.45,2.22,3.57,3.33,2.15,2.05,1.75,2.09,1.82,2.25,1.86,2.05,1.79,0.25,2.06,1.87,2.06,1.87,2.13,1.88,2.02,1.83,Unknown,0,4,4,,,,,,,,,,,,,,,,,,,,,,,,,,,,,,,,,,,,,,,,,,,,,,,,,,,,,,,,,,,,,,,,,,,,,,,montpellier,nice
F1,11/11/2023,16:00,Reims,Paris SG,0,3,A,0,1,A,19,14,6,6,14,6,8,4,1,0,0,0,5.0,4.33,1.6,5.0,4.33,1.58,5.0,4.4,1.6,5.46,4.35,1.6,5.5,4.2,1.55,5.5,4.2,1.57,5.7,4.5,1.64,5.21,4.35,1.6,1.6,2.3,1.63,2.38,1.64,2.48,1.59,2.36,1.0,1.89,2.01,1.89,2.02,1.9,2.03,1.87,1.99,4.75,4.2,1.65,4.8,4.2,1.63,4.9,4.3,1.63,4.98,4.35,1.67,5.0,4.2,1.57,5.25,4.1,1.6,5.5,4.4,1.67,5.02,4.27,1.62,1.57,2.35,1.6,2.47,1.61,2.49,1.57,2.38,1.0,1.81,2.13,1.85,2.11,1.91,2.13,1.82,2.04,Unknown,1,0,1,,,,,,,,,,,,,,,,,,,,,,,,,,,,,,,,,,,,,,,,,,,,,,,,,,,,,,,,,,,,,,,,,,,,,,,reims,paris sg
F1,11/11/2023,20:00,Le Havre,Monaco,0,0,D,0,0,D,9,10,5,4,10,18,2,4,2,3,0,0,4.5,4.0,1.73,4.4,3.9,1.73,4.4,3.95,1.75,4.5,3.95,1.78,4.4,3.8,1.7,4.6,3.8,1.73,4.6,4.1,1.82,4.45,3.93,1.77,1.73,2.08,1.78,2.12,1.79,2.14,1.75,2.09,0.75,1.9,2.0,1.88,2.02,1.93,2.03,1.87,1.97,4.5,4.0,1.73,4.4,3.9,1.75,4.6,3.95,1.73,4.8,4.04,1.74,4.6,4.0,1.65,5.0,3.9,1.65,5.0,4.22,1.76,4.69,4.0,1.72,1.7,2.1,1.76,2.17,1.79,2.21,1.73,2.14,0.75,1.97,1.96,1.97,1.95,2.0,1.98,1.94,1.9,Unknown,2,3,5,,,,,,,,,,,,,,,,,,,,,,,,,,,,,,,,,,,,,,,,,,,,,,,,,,,,,,,,,,,,,,,,,,,,,,,le havre,monaco
F1,12/11/2023,14:00,Clermont,Lorient,1,0,H,0,0,D,17,10,6,3,15,10,5,4,3,2,0,0,2.1,3.3,3.6,2.15,3.2,3.6,2.15,3.2,3.7,2.18,3.35,3.63,2.05,3.3,3.5,2.05,3.13,3.5,2.22,3.5,3.8,2.13,3.33,3.6,2.1,1.7,2.17,1.75,2.23,1.8,2.11,1.74,-0.25,1.85,2.05,1.87,2.04,1.87,2.06,1.82,2.02,2.2,3.3,3.4,2.2,3.25,3.3,2.25,3.3,3.35,2.31,3.3,3.42,2.15,3.3,3.25,2.25,3.25,3.3,2.31,3.4,3.63,2.24,3.29,3.41,2.1,1.7,2.18,1.75,2.24,1.78,2.14,1.72,-0.25,1.96,1.94,1.98,1.94,1.98,2.0,1.91,1.94,Unknown,3,2,5,,,,,,,,,,,,,,,,,,,,,,,,,,,,,,,,,,,,,,,,,,,,,,,,,,,,,,,,,,,,,,,,,,,,,,,clermont,lorient
F1,12/11/2023,14:00,Lille,Toulouse,1,1,D,1,0,H,13,2,6,1,12,16,11,1,3,4,0,0,1.55,4.2,6.0,1.55,4.4,5.5,1.57,4.3,5.5,1.59,4.33,5.62,1.53,4.2,5.5,1.5,3.9,5.75,1.62,4.5,6.0,1.57,4.31,5.67,1.75,2.05,1.81,2.07,1.83,2.19,1.76,2.08,-1.0,2.02,1.88,2.02,1.89,2.04,1.96,1.97,1.89,1.55,4.33,5.75,1.55,4.2,5.75,1.55,4.3,5.75,1.58,4.31,6.03,1.5,4.2,6.0,1.53,4.0,6.5,1.6,4.46,7.0,1.55,4.27,5.99,1.86,2.04,1.87,2.04,1.9,2.12,1.82,2.01,-1.0,2.0,1.9,2.0,1.93,2.0,2.1,1.93,1.92,Unknown,3,4,7,,,,,,,,,,,,,,,,,,,,,,,,,,,,,,,,,,,,,,,,,,,,,,,,,,,,,,,,,,,,,,,,,,,,,,,lille,toulouse
F1,12/11/2023,14:00,Metz,Nantes,3,1,H,2,1,H,9,16,4,3,7,9,2,5,0,0,0,0,2.9,3.25,2.5,2.8,3.4,2.45,2.85,3.35,2.5,3.04,3.24,2.53,2.8,3.4,2.38,2.88,3.13,2.38,3.06,3.45,2.6,2.93,3.31,2.49,2.05,1.85,2.06,1.83,2.06,1.89,1.99,1.83,0.0,2.13,1.78,2.15,1.79,2.15,1.81,2.11,1.78,3.3,3.2,2.3,3.25,3.2,2.3,3.25,3.25,2.3,3.47,3.24,2.32,3.2,3.25,2.2,3.3,3.2,2.25,3.52,3.4,2.43,3.32,3.24,2.3,2.1,1.7,2.17,1.76,2.33,1.78,2.15,1.72,0.25,1.94,1.96,1.94,1.98,1.97,2.0,1.9,1.94,Unknown,0,0,0,,,,,,,,,,,,,,,,,,,,,,,,,,,,,,,,,,,,,,,,,,,,,,,,,,,,,,,,,,,,,,,,,,,,,,,metz,nantes
F1,12/11/2023,16:05,Rennes,Lyon,0,1,A,0,0,D,8,12,2,5,5,18,6,9,3,1,1,0,1.73,4.2,4.33,1.71,4.0,4.4,1.73,4.1,4.4,1.75,4.12,4.48,1.65,4.0,4.5,1.67,3.75,4.5,1.78,4.2,4.71,1.73,4.06,4.48,1.67,2.15,1.69,2.26,1.72,2.33,1.67,2.22,-0.75,1.94,1.96,1.97,1.93,1.97,1.97,1.91,1.92,1.91,4.0,3.8,1.87,3.75,3.9,1.85,3.85,3.9,1.88,3.92,4.09,1.83,3.75,3.8,1.87,3.6,4.0,1.96,4.1,4.32,1.88,3.84,3.99,1.73,2.08,1.78,2.14,1.82,2.2,1.74,2.13,-0.5,1.92,1.98,1.92,2.03,1.96,2.04,1.88,1.98,Unknown,5,1,6,,,,,,,,,,,,,,,,,,,,,,,,,,,,,,,,,,,,,,,,,,,,,,,,,,,,,,,,,,,,,,,,,,,,,,,rennes,lyon
F1,12/11/2023,19:45,Lens,Marseille,1,0,H,0,0,D,14,8,3,2,19,15,4,5,2,2,0,0,2.25,3.4,3.2,2.25,3.4,3.1,2.3,3.4,3.15,2.27,3.54,3.22,2.2,3.5,3.0,2.15,3.3,3.1,2.36,3.65,3.32,2.26,3.48,3.16,1.89,2.01,1.88,2.01,1.93,2.06,1.84,1.99,-0.25,1.96,1.94,1.97,1.93,2.0,1.96,1.94,1.9,2.3,3.4,3.1,2.3,3.4,3.0,2.3,3.4,3.05,2.32,3.43,3.27,2.25,3.4,3.0,2.3,3.3,3.1,2.46,3.53,3.39,2.31,3.4,3.16,1.94,1.96,1.96,1.94,1.99,2.0,1.91,1.92,-0.25,1.99,1.91,2.0,1.93,2.06,1.94,1.97,1.88,Unknown,2,2,4,,,,,,,,,,,,,,,,,,,,,,,,,,,,,,,,,,,,,,,,,,,,,,,,,,,,,,,,,,,,,,,,,,,,,,,lens,marseille
F1,24/11/2023,20:00,Paris SG,Monaco,5,2,H,2,1,H,16,14,11,7,9,19,2,10,0,1,0,0,1.45,4.75,6.5,1.47,5.0,5.75,1.5,4.9,5.75,1.5,5.1,5.7,1.4,5.0,6.5,1.44,5.0,6.0,1.52,5.4,6.66,1.48,5.07,5.96,1.36,3.1,1.36,3.27,1.43,3.33,1.36,3.16,-1.25,2.02,1.91,2.02,1.89,2.04,1.96,1.96,1.89,1.45,5.0,5.75,1.47,5.0,5.75,1.5,4.9,5.75,1.48,5.17,6.11,1.4,5.0,6.5,1.44,5.0,6.0,1.5,5.4,6.66,1.47,4.99,5.96,1.33,3.4,1.34,3.47,1.37,3.47,1.34,3.23,-1.25,2.0,1.93,1.99,1.93,2.02,1.94,1.95,1.89,Unknown,0,1,1,,,,,,,,,,,,,,,,,,,,,,,,,,,,,,,,,,,,,,,,,,,,,,,,,,,,,,,,,,,,,,,,,,,,,,,paris sg,monaco
F1,25/11/2023,16:00,Clermont,Lens,0,3,A,0,1,A,13,16,4,10,16,17,2,4,2,3,1,1,3.75,3.5,2.0,3.7,3.4,2.0,3.8,3.45,2.0,3.89,3.52,2.03,3.6,3.5,1.95,3.9,3.4,1.95,3.97,3.66,2.06,3.81,3.5,2.01,2.05,1.75,2.09,1.81,2.14,1.86,2.05,1.79,0.5,1.9,2.03,1.87,2.04,1.91,2.04,1.85,2.01,3.75,3.5,2.0,3.7,3.4,2.05,3.75,3.45,2.0,4.03,3.51,2.02,3.6,3.5,1.95,3.9,3.4,1.95,4.1,3.58,2.07,3.84,3.46,2.02,2.09,1.81,2.07,1.85,2.13,1.85,2.05,1.79,0.5,1.88,2.05,1.9,2.03,1.9,2.07,1.85,2.03,Unknown,4,5,9,,,,,,,,,,,,,,,,,,,,,,,,,,,,,,,,,,,,,,,,,,,,,,,,,,,,,,,,,,,,,,,,,,,,,,,clermont,lens
F1,25/11/2023,20:00,Strasbourg,Marseille,1,1,D,1,1,D,15,16,7,3,14,16,7,11,1,2,0,0,3.8,3.6,1.91,3.9,3.6,1.9,3.85,3.55,1.95,3.94,3.58,1.99,3.75,3.7,1.85,4.0,3.4,1.95,4.1,3.7,2.03,3.9,3.56,1.97,2.08,1.82,2.08,1.81,2.11,1.85,2.04,1.8,0.5,1.94,1.99,1.9,2.0,1.94,2.0,1.89,1.97,4.0,3.6,1.91,4.1,3.6,1.88,4.0,3.6,1.95,4.28,3.67,1.91,3.9,3.6,1.85,4.1,3.5,1.9,4.34,3.72,1.97,4.09,3.58,1.92,2.02,1.88,1.99,1.92,2.05,1.92,1.97,1.86,0.5,1.98,1.95,2.01,1.92,2.01,1.98,1.93,1.93,Unknown,1,2,3,,,,,,,,,,,,,,,,,,,,,,,,,,,,,,,,,,,,,,,,,,,,,,,,,,,,,,,,,,,,,,,,,,,,,,,strasbourg,marseille
F1,26/11/2023,12:00,Nice,Toulouse,1,0,H,0,0,D,8,19,3,3,9,19,4,2,0,4,0,0,1.5,4.0,7.5,1.51,4.1,6.75,1.53,4.2,6.5,1.52,4.18,7.02,1.44,4.2,7.0,1.45,3.9,7.0,1.56,4.33,7.53,1.51,4.15,6.93,2.08,1.82,2.08,1.83,2.09,1.87,2.02,1.82,-1.0,1.92,2.01,1.91,2.0,1.94,2.02,1.89,1.96,1.5,4.2,6.5,1.53,4.1,6.5,1.5,4.2,6.75,1.53,4.29,6.95,1.5,4.2,6.5,1.45,4.2,7.0,1.58,4.4,7.53,1.52,4.22,6.74,1.96,1.94,1.99,1.92,2.04,1.96,1.94,1.88,-1.0,1.88,2.05,1.89,2.03,1.95,2.07,1.87,1.98,Unknown,0,4,4,,,,,,,,,,,,,,,,,,,,,,,,,,,,,,,,,,,,,,,,,,,,,,,,,,,,,,,,,,,,,,,,,,,,,,,nice,toulouse
F1,26/11/2023,14:00,Lorient,Metz,2,3,A,2,1,H,11,14,5,5,10,17,5,6,2,1,0,0,1.95,3.5,4.0,1.98,3.4,3.9,1.97,3.45,3.9,2.0,3.45,4.07,1.91,3.5,3.75,1.93,3.2,3.9,2.05,3.62,4.2,1.99,3.45,3.96,2.1,1.7,2.17,1.75,2.2,1.79,2.12,1.74,-0.5,2.01,1.92,2.01,1.89,2.02,1.94,1.98,1.88,2.05,3.4,3.8,2.05,3.2,3.8,2.1,3.3,3.7,2.1,3.35,3.94,1.95,3.3,3.8,2.05,3.25,3.8,2.15,3.45,4.0,2.05,3.34,3.87,2.2,1.65,2.29,1.69,2.33,1.74,2.25,1.66,-0.5,2.08,1.85,2.11,1.83,2.11,1.88,2.04,1.83,Unknown,2,1,3,,,,,,,,,,,,,,,,,,,,,,,,,,,,,,,,,,,,,,,,,,,,,,,,,,,,,,,,,,,,,,,,,,,,,,,lorient,metz
F1,26/11/2023,14:00,Montpellier,Brest,1,3,A,0,1,A,17,17,5,5,11,18,9,1,2,2,0,0,2.3,3.4,3.1,2.3,3.4,3.0,2.35,3.4,3.05,2.31,3.39,3.27,2.2,3.5,3.0,2.2,3.2,3.1,2.37,3.6,3.35,2.29,3.43,3.15,1.98,1.92,1.98,1.91,2.01,1.93,1.94,1.88,-0.25,2.01,1.92,1.99,1.92,2.01,1.96,1.96,1.89,2.25,3.4,3.2,2.25,3.3,3.2,2.25,3.4,3.25,2.34,3.44,3.23,2.2,3.3,3.2,2.25,3.3,3.2,2.35,3.47,3.54,2.27,3.36,3.26,1.98,1.92,2.0,1.91,2.03,1.93,1.98,1.85,-0.25,2.02,1.91,2.02,1.91,2.02,1.98,1.94,1.91,Unknown,2,2,4,,,,,,,,,,,,,,,,,,,,,,,,,,,,,,,,,,,,,,,,,,,,,,,,,,,,,,,,,,,,,,,,,,,,,,,montpellier,brest
F1,26/11/2023,14:00,Nantes,Le Havre,0,0,D,0,0,D,19,6,3,0,10,17,10,5,1,2,0,1,2.1,3.5,3.6,2.1,3.3,3.6,2.1,3.4,3.55,2.07,3.47,3.8,2.0,3.4,3.5,2.0,3.2,3.6,2.13,3.6,3.93,2.08,3.42,3.68,2.08,1.73,2.1,1.79,2.15,1.82,2.09,1.75,-0.25,1.83,2.1,1.78,2.13,1.83,2.16,1.78,2.09,1.95,3.25,4.33,2.0,3.2,4.0,2.05,3.4,3.75,2.0,3.36,4.35,1.95,3.4,3.8,1.95,3.2,4.2,2.07,3.47,4.7,2.0,3.33,4.12,2.35,1.57,2.44,1.61,2.5,1.72,2.3,1.63,-0.5,2.0,1.93,2.01,1.92,2.05,1.94,2.0,1.87,Unknown,1,4,5,,,,,,,,,,,,,,,,,,,,,,,,,,,,,,,,,,,,,,,,,,,,,,,,,,,,,,,,,,,,,,,,,,,,,,,nantes,le havre
F1,26/11/2023,16:05,Rennes,Reims,3,1,H,1,1,D,10,15,5,5,10,18,1,8,2,2,0,0,2.0,3.6,3.75,1.98,3.6,3.7,2.0,3.55,3.7,2.0,3.63,3.85,1.91,3.6,3.6,1.93,3.4,3.7,2.03,3.78,3.99,1.99,3.62,3.76,1.94,1.96,1.95,1.93,1.96,1.98,1.9,1.93,-0.5,2.02,1.91,2.01,1.89,2.02,1.93,1.99,1.87,2.1,3.6,3.3,2.05,3.6,3.4,2.1,3.6,3.4,2.13,3.62,3.54,2.05,3.5,3.3,2.1,3.5,3.4,2.18,3.7,3.6,2.11,3.56,3.4,1.75,2.05,1.81,2.09,1.92,2.14,1.79,2.03,-0.25,1.84,2.09,1.85,2.08,1.88,2.09,1.82,2.02,Unknown,2,2,4,,,,,,,,,,,,,,,,,,,,,,,,,,,,,,,,,,,,,,,,,,,,,,,,,,,,,,,,,,,,,,,,,,,,,,,rennes,reims
F1,26/11/2023,19:45,Lyon,Lille,0,2,A,0,2,A,11,15,5,8,17,5,3,5,2,2,0,0,3.0,3.3,2.38,2.9,3.5,2.35,2.95,3.35,2.4,3.1,3.28,2.47,2.75,3.6,2.3,2.88,3.25,2.3,3.13,3.6,2.5,2.99,3.4,2.4,1.98,1.92,1.96,1.93,2.0,2.02,1.91,1.92,0.25,1.84,2.09,1.81,2.12,1.85,2.12,1.8,2.04,2.9,3.5,2.38,2.87,3.4,2.4,2.85,3.45,2.45,3.02,3.58,2.4,2.8,3.5,2.3,2.9,3.4,2.38,3.11,3.58,2.48,2.94,3.45,2.41,1.75,2.05,1.78,2.14,1.88,2.23,1.77,2.07,0.25,1.84,2.09,1.85,2.08,1.89,2.14,1.8,2.06,Unknown,2,2,4,,,,,,,,,,,,,,,,,,,,,,,,,,,,,,,,,,,,,,,,,,,,,,,,,,,,,,,,,,,,,,,,,,,,,,,lyon,lille
F1,29/11/2023,18:00,Montpellier,Clermont,1,1,D,0,1,A,32,5,10,1,23,14,8,0,3,4,0,0,1.91,3.6,4.0,1.9,3.6,4.0,1.95,3.6,3.95,1.95,3.66,4.0,1.85,3.6,3.9,1.91,3.5,4.0,2.0,3.73,4.17,1.94,3.62,4.01,2.0,1.9,1.98,1.91,2.0,1.94,1.94,1.89,-0.5,1.96,1.94,1.96,1.94,1.99,1.96,1.94,1.92,1.85,3.6,4.2,1.9,3.5,4.0,1.9,3.6,4.1,1.94,3.59,4.24,1.85,3.5,4.0,1.9,3.5,4.1,1.96,3.8,4.58,1.9,3.59,4.19,2.04,1.86,2.03,1.88,2.06,2.04,1.95,1.88,-0.5,1.95,1.95,1.95,1.97,1.96,2.05,1.9,1.95,Unknown,3,4,7,,,,,,,,,,,,,,,,,,,,,,,,,,,,,,,,,,,,,,,,,,,,,,,,,,,,,,,,,,,,,,,,,,,,,,,montpellier,clermont
F1,01/12/2023,20:00,Reims,Strasbourg,2,1,H,2,0,H,13,10,4,3,7,7,4,5,1,1,0,0,1.73,3.75,4.75,1.72,3.8,4.75,1.75,3.85,4.5,1.76,3.87,4.93,1.67,3.8,4.75,1.7,3.75,4.8,1.79,4.05,5.1,1.74,3.87,4.78,1.9,2.0,1.88,2.03,1.91,2.07,1.85,1.99,-0.75,1.98,1.95,1.98,1.94,1.99,1.98,1.93,1.91,1.7,3.75,5.0,1.72,3.75,4.8,1.75,3.75,4.7,1.74,3.84,5.14,1.65,3.8,4.75,1.7,3.7,5.0,1.78,3.93,5.2,1.72,3.79,4.92,1.93,1.97,1.92,1.99,1.99,2.0,1.87,1.95,-0.75,1.95,1.98,1.95,1.97,1.99,2.0,1.91,1.92,Unknown,1,1,2,,,,,,,,,,,,,,,,,,,,,,,,,,,,,,,,,,,,,,,,,,,,,,,,,,,,,,,,,,,,,,,,,,,,,,,reims,strasbourg
F1,02/12/2023,16:00,Lens,Lyon,3,2,H,1,1,D,10,12,7,7,11,14,3,6,2,0,1,0,1.7,4.0,4.75,1.7,3.9,4.75,1.7,4.0,4.7,1.7,4.14,4.81,1.67,3.9,4.6,1.67,3.8,5.0,1.77,4.3,5.1,1.71,4.05,4.8,1.75,2.05,1.79,2.11,1.83,2.19,1.76,2.09,-0.75,1.91,2.02,1.91,2.0,1.96,2.02,1.89,1.95,1.73,3.8,5.0,1.72,3.75,4.75,1.73,3.85,4.7,1.76,3.92,5.08,1.67,3.9,4.6,1.67,3.8,5.0,1.8,4.1,5.4,1.73,3.92,4.84,1.92,1.98,1.86,2.05,1.99,2.09,1.84,1.99,-0.75,1.93,2.0,1.99,1.93,2.0,2.02,1.92,1.92,Unknown,4,0,4,,,,,,,,,,,,,,,,,,,,,,,,,,,,,,,,,,,,,,,,,,,,,,,,,,,,,,,,,,,,,,,,,,,,,,,lens,lyon
F1,02/12/2023,20:00,Nantes,Nice,1,0,H,1,0,H,13,13,4,6,15,18,5,6,3,0,0,0,3.75,3.5,2.0,3.8,3.3,2.05,3.85,3.4,2.0,4.03,3.38,2.04,3.7,3.4,1.95,4.0,3.25,2.0,4.1,3.52,2.08,3.87,3.42,2.03,2.15,1.67,2.23,1.71,2.3,1.73,2.19,1.69,0.5,1.87,2.06,1.86,2.05,1.88,2.06,1.84,2.03,3.75,3.2,2.15,3.7,3.2,2.1,3.75,3.25,2.1,3.81,3.25,2.18,3.6,3.25,2.05,3.7,3.2,2.1,4.08,3.37,2.24,3.74,3.25,2.13,2.25,1.62,2.33,1.67,2.45,1.74,2.3,1.63,0.25,2.07,1.86,2.07,1.87,2.15,1.87,2.03,1.83,Unknown,3,0,3,,,,,,,,,,,,,,,,,,,,,,,,,,,,,,,,,,,,,,,,,,,,,,,,,,,,,,,,,,,,,,,,,,,,,,,nantes,nice
F1,03/12/2023,12:00,Le Havre,Paris SG,0,2,A,0,1,A,22,9,7,5,11,9,9,2,2,1,0,1,11.0,5.25,1.3,9.0,5.75,1.3,11.0,5.5,1.3,9.54,5.88,1.31,10.0,5.5,1.25,10.0,5.25,1.25,11.0,6.2,1.34,9.68,5.69,1.31,1.53,2.4,1.56,2.55,1.57,2.57,1.53,2.49,1.5,2.03,1.9,2.04,1.88,2.04,1.92,1.99,1.87,8.5,5.0,1.36,7.75,5.25,1.36,8.25,5.25,1.35,8.76,5.58,1.35,8.0,5.5,1.3,8.5,5.25,1.33,10.29,6.07,1.4,8.5,5.35,1.35,1.57,2.35,1.54,2.62,1.61,2.62,1.54,2.48,1.5,1.78,2.03,1.89,2.03,2.08,2.11,1.85,2.0,Unknown,2,3,5,,,,,,,,,,,,,,,,,,,,,,,,,,,,,,,,,,,,,,,,,,,,,,,,,,,,,,,,,,,,,,,,,,,,,,,le havre,paris sg
F1,03/12/2023,14:00,Brest,Clermont,3,0,H,2,0,H,12,10,7,1,11,17,4,2,1,2,0,0,1.75,3.6,4.5,1.8,3.6,4.5,1.83,3.6,4.4,1.8,3.79,4.62,1.73,3.7,4.4,1.73,3.4,4.6,1.86,3.91,4.8,1.8,3.72,4.56,2.04,1.86,2.03,1.87,2.08,1.91,2.01,1.83,-0.75,2.05,1.88,2.05,1.86,2.09,1.88,2.01,1.83,1.7,3.75,5.0,1.71,3.7,5.0,1.77,3.65,4.6,1.72,3.83,5.31,1.7,3.7,4.75,1.7,3.6,5.25,1.79,3.92,5.4,1.74,3.75,4.93,2.07,1.83,2.05,1.86,2.13,1.88,2.01,1.82,-0.75,1.93,2.0,1.94,1.98,2.02,2.0,1.94,1.9,Unknown,1,2,3,,,,,,,,,,,,,,,,,,,,,,,,,,,,,,,,,,,,,,,,,,,,,,,,,,,,,,,,,,,,,,,,,,,,,,,brest,clermont
F1,03/12/2023,14:00,Monaco,Montpellier,2,0,H,1,0,H,27,9,9,4,15,13,8,2,2,3,0,1,1.62,4.2,5.0,1.66,4.4,4.4,1.65,4.3,4.7,1.66,4.47,4.74,1.57,4.33,4.75,1.6,4.0,4.6,1.7,4.6,5.0,1.65,4.37,4.78,1.5,2.5,1.54,2.6,1.55,2.63,1.51,2.56,-1.0,2.05,1.75,2.1,1.81,2.12,1.89,2.07,1.79,1.57,4.2,5.5,1.58,4.33,5.25,1.6,4.4,5.25,1.61,4.51,5.28,1.55,4.33,5.0,1.57,4.33,5.25,1.68,4.52,5.5,1.61,4.38,5.13,1.53,2.4,1.55,2.59,1.62,2.59,1.54,2.47,-1.0,1.99,1.94,2.03,1.9,2.13,1.94,2.01,1.86,Unknown,2,5,7,,,,,,,,,,,,,,,,,,,,,,,,,,,,,,,,,,,,,,,,,,,,,,,,,,,,,,,,,,,,,,,,,,,,,,,monaco,montpellier
F1,03/12/2023,14:00,Toulouse,Lorient,1,1,D,0,0,D,11,11,6,5,16,10,3,4,2,4,0,0,2.0,3.25,4.0,2.0,3.5,3.7,2.05,3.45,3.7,2.03,3.53,3.86,1.95,3.5,3.6,1.95,3.3,3.7,2.08,3.62,4.0,2.02,3.51,3.78,1.99,1.91,1.98,1.91,2.0,1.95,1.94,1.89,-0.5,2.05,1.88,2.04,1.87,2.05,1.9,2.02,1.84,1.91,3.3,4.33,2.0,3.4,3.75,1.97,3.45,3.9,2.01,3.48,4.1,1.91,3.5,3.75,1.95,3.4,3.9,2.08,3.57,4.44,1.99,3.46,3.96,2.01,1.89,1.99,1.92,2.07,1.94,1.97,1.86,-0.5,2.02,1.91,2.02,1.91,2.05,1.93,2.0,1.87,Unknown,2,4,6,,,,,,,,,,,,,,,,,,,,,,,,,,,,,,,,,,,,,,,,,,,,,,,,,,,,,,,,,,,,,,,,,,,,,,,toulouse,lorient
F1,03/12/2023,16:05,Lille,Metz,2,0,H,2,0,H,16,7,6,4,8,11,6,1,0,0,0,0,1.45,4.5,7.5,1.44,4.6,7.0,1.43,4.7,7.0,1.45,4.82,7.11,1.4,4.8,7.0,1.4,4.33,7.0,1.49,5.07,8.56,1.44,4.72,7.33,1.73,2.08,1.78,2.13,1.82,2.17,1.75,2.11,-1.25,2.04,1.89,2.01,1.9,2.05,2.0,1.97,1.87,1.4,4.5,8.5,1.42,4.5,7.75,1.45,4.6,7.25,1.44,4.78,7.79,1.35,4.8,8.0,1.4,4.5,8.0,1.48,5.0,9.0,1.42,4.65,7.92,1.86,2.04,1.85,2.06,1.9,2.1,1.79,2.04,-1.25,1.99,1.94,1.99,1.93,2.04,1.98,1.93,1.91,Unknown,0,0,0,,,,,,,,,,,,,,,,,,,,,,,,,,,,,,,,,,,,,,,,,,,,,,,,,,,,,,,,,,,,,,,,,,,,,,,lille,metz
F1,03/12/2023,19:45,Marseille,Rennes,2,0,H,1,0,H,5,10,2,0,9,15,1,6,1,3,1,1,1.91,3.8,3.8,1.93,3.6,3.8,1.9,3.7,3.85,1.92,3.84,3.95,1.83,3.7,3.8,1.83,3.5,3.9,2.03,3.93,4.1,1.92,3.75,3.9,1.84,2.06,1.85,2.04,1.89,2.08,1.82,2.02,-0.5,1.94,1.99,1.93,1.98,1.94,1.99,1.91,1.95,1.95,3.8,3.75,1.95,3.6,3.8,1.95,3.65,3.8,1.93,3.84,3.97,1.85,3.7,3.8,1.9,3.5,4.0,2.0,3.84,4.3,1.93,3.7,3.93,1.93,1.97,1.93,1.99,2.12,2.0,1.88,1.94,-0.5,1.94,1.99,1.94,1.98,1.96,2.0,1.93,1.93,Unknown,3,5,8,,,,,,,,,,,,,,,,,,,,,,,,,,,,,,,,,,,,,,,,,,,,,,,,,,,,,,,,,,,,,,,,,,,,,,,marseille,rennes
F1,06/12/2023,20:00,Marseille,Lyon,3,0,H,2,0,H,12,6,5,1,14,11,10,3,1,2,0,0,1.67,3.8,4.75,1.72,3.9,4.6,1.7,3.95,4.7,1.71,3.94,5.06,1.65,4.0,4.6,1.67,3.8,5.0,1.74,4.17,5.2,1.71,3.96,4.87,1.75,2.05,1.81,2.07,1.86,2.12,1.78,2.07,-0.75,1.91,1.99,1.92,1.99,1.92,2.02,1.89,1.96,1.91,3.6,3.8,1.95,3.6,3.7,1.95,3.7,3.8,1.98,3.7,3.94,1.85,3.7,3.75,1.93,3.6,3.8,2.0,3.97,4.61,1.9,3.72,4.01,1.73,2.08,1.72,2.22,1.82,2.24,1.73,2.13,-0.5,1.99,1.94,1.99,1.93,1.99,2.04,1.92,1.95,Unknown,1,2,3,,,,,,,,,,,,,,,,,,,,,,,,,,,,,,,,,,,,,,,,,,,,,,,,,,,,,,,,,,,,,,,,,,,,,,,marseille,lyon
F1,07/12/2023,19:30,Brest,Strasbourg,1,1,D,1,0,H,13,9,3,5,11,18,6,0,1,0,0,0,1.83,3.6,4.33,1.85,3.6,4.2,1.83,3.6,4.4,1.83,3.68,4.61,1.8,3.5,4.2,1.75,3.3,4.4,2.01,3.8,4.7,1.85,3.61,4.4,2.05,1.75,2.09,1.8,2.14,1.83,2.07,1.78,-0.5,1.83,2.07,1.83,2.08,1.86,2.09,1.83,2.04,1.85,3.5,4.33,1.87,3.4,4.4,1.8,3.55,4.6,1.9,3.43,4.61,1.75,3.6,4.4,1.87,3.4,4.33,2.01,3.75,5.18,1.84,3.52,4.61,2.15,1.67,2.2,1.73,2.25,1.78,2.15,1.72,-0.5,1.91,2.02,1.91,2.0,1.92,2.1,1.84,2.03,Unknown,1,0,1,,,,,,,,,,,,,,,,,,,,,,,,,,,,,,,,,,,,,,,,,,,,,,,,,,,,,,,,,,,,,,,,,,,,,,,brest,strasbourg
F1,08/12/2023,20:00,Montpellier,Lens,0,0,D,0,0,D,18,13,4,5,16,11,4,3,2,3,0,0,3.5,3.4,2.15,2.95,3.5,2.3,3.4,3.45,2.15,3.49,3.51,2.19,3.25,3.6,2.05,3.4,3.4,2.1,3.62,3.68,2.22,3.43,3.49,2.14,2.0,1.9,1.99,1.91,2.0,1.97,1.93,1.9,0.25,2.05,1.88,2.03,1.89,2.06,1.89,2.0,1.84,3.75,3.5,2.0,2.95,3.5,2.3,3.55,3.4,2.1,3.69,3.59,2.09,3.5,3.6,1.95,3.75,3.4,2.0,3.75,3.83,2.22,3.59,3.51,2.08,1.98,1.92,1.96,1.93,2.04,2.0,1.95,1.88,0.5,1.85,2.08,1.84,2.1,1.88,2.14,1.81,2.08,Unknown,2,3,5,,,,,,,,,,,,,,,,,,,,,,,,,,,,,,,,,,,,,,,,,,,,,,,,,,,,,,,,,,,,,,,,,,,,,,,montpellier,lens
F1,09/12/2023,16:00,Rennes,Monaco,1,2,A,0,0,D,15,12,5,5,9,22,5,5,3,6,0,1,2.55,3.5,2.7,2.37,3.6,2.75,2.5,3.6,2.65,2.59,3.72,2.65,2.38,3.7,2.62,2.55,3.5,2.63,2.66,3.8,2.75,2.52,3.66,2.66,1.67,2.15,1.7,2.25,1.75,2.32,1.68,2.23,0.0,1.91,1.99,1.93,1.97,1.97,2.04,1.89,1.99,2.75,3.6,2.4,2.7,3.5,2.45,2.7,3.65,2.5,2.86,3.6,2.5,2.6,3.7,2.38,2.7,3.5,2.45,2.89,3.71,2.63,2.72,3.6,2.51,1.65,2.2,1.7,2.27,1.75,2.34,1.65,2.25,0.0,2.1,1.83,2.11,1.83,2.11,1.91,2.03,1.85,Unknown,3,8,11,,,,,,,,,,,,,,,,,,,,,,,,,,,,,,,,,,,,,,,,,,,,,,,,,,,,,,,,,,,,,,,,,,,,,,,rennes,monaco
F1,09/12/2023,20:00,Paris SG,Nantes,2,1,H,1,0,H,16,10,6,4,9,12,5,3,1,3,0,0,1.2,7.5,12.0,1.23,6.75,11.5,1.25,6.75,9.5,1.22,7.2,11.37,1.17,7.0,13.0,1.2,6.5,13.0,1.26,7.6,13.0,1.22,6.89,11.82,1.4,2.88,1.4,3.0,1.43,3.12,1.4,2.96,-2.0,2.03,1.78,2.09,1.79,2.09,1.84,2.05,1.8,1.29,6.0,9.0,1.3,6.0,8.5,1.3,6.25,9.0,1.29,6.37,10.29,1.2,6.5,11.0,1.25,6.0,10.0,1.32,7.07,12.0,1.27,6.27,9.76,1.44,2.7,1.43,2.99,1.45,3.5,1.38,3.03,-1.75,2.03,1.78,2.08,1.83,2.11,2.05,1.98,1.86,Unknown,1,3,4,,,,,,,,,,,,,,,,,,,,,,,,,,,,,,,,,,,,,,,,,,,,,,,,,,,,,,,,,,,,,,,,,,,,,,,paris sg,nantes
F1,10/12/2023,12:00,Nice,Reims,2,1,H,0,0,D,15,9,5,2,13,6,9,0,2,3,0,0,1.85,3.5,4.33,1.85,3.5,4.2,1.9,3.5,4.3,1.89,3.53,4.46,1.8,3.5,4.2,1.83,3.3,4.2,1.95,3.7,4.6,1.86,3.54,4.34,2.1,1.7,2.13,1.78,2.17,1.82,2.1,1.75,-0.5,1.89,2.01,1.9,2.0,1.9,2.03,1.87,1.99,1.95,3.4,4.0,1.93,3.4,4.1,1.97,3.4,4.0,1.99,3.39,4.33,1.85,3.4,4.2,1.95,3.3,4.1,2.0,3.56,4.5,1.95,3.43,4.18,2.2,1.65,2.26,1.71,2.35,1.75,2.19,1.69,-0.5,1.99,1.91,2.0,1.93,2.02,1.94,1.96,1.9,Unknown,2,3,5,,,,,,,,,,,,,,,,,,,,,,,,,,,,,,,,,,,,,,,,,,,,,,,,,,,,,,,,,,,,,,,,,,,,,,,nice,reims
F1,10/12/2023,14:00,Clermont,Lille,0,0,D,0,0,D,16,12,5,3,18,9,3,6,2,2,0,0,5.25,3.5,1.73,4.8,3.6,1.75,4.9,3.65,1.73,5.08,3.74,1.75,4.8,3.7,1.67,4.8,3.5,1.67,5.25,3.91,1.8,4.87,3.67,1.74,2.05,1.75,2.07,1.82,2.11,1.86,2.05,1.79,0.75,1.92,1.98,1.91,1.99,1.92,2.05,1.88,1.95,4.2,3.5,1.85,4.1,3.5,1.88,4.2,3.55,1.9,4.43,3.59,1.91,4.2,3.6,1.8,4.2,3.5,1.87,4.9,3.72,2.03,4.3,3.55,1.88,1.95,1.95,1.95,1.95,2.13,1.99,1.96,1.87,0.5,2.0,1.9,2.01,1.92,2.08,1.93,1.99,1.88,Unknown,2,2,4,,,,,,,,,,,,,,,,,,,,,,,,,,,,,,,,,,,,,,,,,,,,,,,,,,,,,,,,,,,,,,,,,,,,,,,clermont,lille
F1,10/12/2023,14:00,Metz,Brest,0,1,A,0,0,D,6,4,3,3,14,16,3,2,3,2,0,0,3.5,3.2,2.2,3.4,3.25,2.2,3.4,3.3,2.2,3.56,3.3,2.23,3.2,3.4,2.15,3.3,3.1,2.15,3.59,3.52,2.28,3.4,3.3,2.21,2.15,1.67,2.23,1.7,2.24,1.77,2.15,1.71,0.25,1.98,1.92,2.0,1.91,2.0,1.94,1.94,1.88,3.6,3.2,2.2,3.6,3.2,2.15,3.65,3.2,2.15,3.69,3.25,2.23,3.3,3.4,2.1,3.5,3.13,2.2,3.85,3.4,2.27,3.6,3.24,2.18,2.25,1.62,2.35,1.67,2.37,1.7,2.28,1.64,0.25,1.99,1.91,2.02,1.91,2.05,1.93,1.99,1.85,Unknown,3,2,5,,,,,,,,,,,,,,,,,,,,,,,,,,,,,,,,,,,,,,,,,,,,,,,,,,,,,,,,,,,,,,,,,,,,,,,metz,brest
F1,10/12/2023,14:00,Strasbourg,Le Havre,2,1,H,1,0,H,12,15,3,3,14,15,4,3,3,1,0,0,2.15,3.2,3.75,2.15,3.25,3.6,2.15,3.25,3.6,2.16,3.32,3.7,2.05,3.4,3.4,2.1,3.0,3.5,2.2,3.44,3.75,2.14,3.3,3.62,2.3,1.6,2.38,1.63,2.41,1.68,2.3,1.63,-0.25,1.87,2.03,1.85,2.06,1.89,2.07,1.83,2.02,2.38,3.1,3.4,2.4,3.1,3.2,2.35,3.1,3.25,2.4,3.14,3.43,2.15,3.25,3.3,2.3,3.1,3.3,2.45,3.3,3.64,2.34,3.14,3.33,2.4,1.53,2.5,1.6,2.5,1.62,2.4,1.58,-0.25,2.01,1.89,2.03,1.89,2.04,1.96,1.97,1.87,Unknown,3,1,4,,,,,,,,,,,,,,,,,,,,,,,,,,,,,,,,,,,,,,,,,,,,,,,,,,,,,,,,,,,,,,,,,,,,,,,strasbourg,le havre
F1,10/12/2023,16:05,Lyon,Toulouse,3,0,H,2,0,H,15,16,7,6,15,15,2,1,2,3,0,0,2.0,3.5,3.8,1.98,3.6,3.6,2.0,3.65,3.6,2.0,3.7,3.81,1.95,3.6,3.5,1.93,3.4,3.6,2.05,3.85,3.9,1.98,3.67,3.69,1.75,2.05,1.8,2.09,1.84,2.14,1.77,2.07,-0.5,2.02,1.88,2.0,1.9,2.04,1.93,1.99,1.86,1.75,3.75,4.75,1.77,3.9,4.33,1.75,3.9,4.4,1.76,4.1,4.54,1.67,3.9,4.5,1.7,3.9,4.6,1.92,4.1,4.75,1.76,3.94,4.43,1.67,2.15,1.71,2.25,1.74,2.32,1.68,2.21,-0.75,1.97,1.93,1.98,1.94,2.06,1.98,1.95,1.89,Unknown,2,3,5,,,,,,,,,,,,,,,,,,,,,,,,,,,,,,,,,,,,,,,,,,,,,,,,,,,,,,,,,,,,,,,,,,,,,,,lyon,toulouse
F1,10/12/2023,19:45,Lorient,Marseille,2,4,A,1,4,A,15,18,9,8,17,17,4,6,5,3,0,1,4.75,3.6,1.8,4.4,3.75,1.78,4.4,3.7,1.8,4.58,3.78,1.81,4.2,3.75,1.75,4.33,3.5,1.75,4.75,3.91,1.87,4.44,3.73,1.8,1.97,1.93,1.95,1.93,1.97,2.0,1.89,1.94,0.75,1.83,2.07,1.85,2.07,1.85,2.08,1.81,2.02,5.0,3.75,1.73,4.6,3.7,1.77,4.7,3.7,1.75,5.07,3.81,1.75,4.75,3.8,1.67,5.0,3.7,1.7,5.5,3.99,1.77,4.89,3.74,1.73,2.05,1.85,2.03,1.88,2.09,1.93,1.99,1.84,0.75,1.95,1.95,1.88,1.98,1.99,2.0,1.9,1.93,Unknown,5,5,10,,,,,,,,,,,,,,,,,,,,,,,,,,,,,,,,,,,,,,,,,,,,,,,,,,,,,,,,,,,,,,,,,,,,,,,lorient,marseille
F1,15/12/2023,20:00,Monaco,Lyon,0,1,A,0,0,D,19,5,4,2,13,12,6,1,1,2,0,0,1.7,4.2,4.33,1.7,4.0,4.6,1.73,4.1,4.4,1.76,4.22,4.47,1.6,4.4,4.4,1.7,4.0,4.5,1.79,4.4,4.9,1.73,4.19,4.49,1.57,2.35,1.6,2.46,1.61,2.55,1.56,2.43,-0.75,1.95,1.98,1.97,1.95,1.99,2.0,1.91,1.94,1.8,4.0,4.2,1.75,3.9,4.2,1.75,4.0,4.3,1.78,4.1,4.45,1.67,3.9,4.5,1.73,3.9,4.4,1.82,4.33,4.75,1.77,4.05,4.39,1.57,2.35,1.62,2.41,1.63,2.53,1.58,2.4,-0.75,2.01,1.92,2.01,1.92,2.02,1.96,1.96,1.89,Unknown,1,2,3,,,,,,,,,,,,,,,,,,,,,,,,,,,,,,,,,,,,,,,,,,,,,,,,,,,,,,,,,,,,,,,,,,,,,,,monaco,lyon
F1,16/12/2023,16:00,Le Havre,Nice,3,1,H,2,0,H,9,13,5,6,13,9,2,9,3,2,1,1,4.5,3.3,1.91,4.2,3.3,1.93,4.3,3.3,1.95,4.46,3.28,1.98,4.2,3.4,1.85,4.4,3.2,1.93,4.6,3.45,2.05,4.33,3.32,1.96,2.4,1.53,2.54,1.56,2.56,1.6,2.46,1.55,0.5,1.94,1.99,1.92,1.99,1.96,1.99,1.9,1.95,4.0,3.0,2.1,4.0,3.0,2.1,3.95,3.05,2.15,4.14,3.04,2.16,3.75,3.2,2.0,4.1,3.0,2.1,4.37,3.3,2.19,4.08,3.08,2.11,2.7,1.44,2.83,1.48,2.86,1.52,2.71,1.47,0.25,2.11,1.82,2.12,1.83,2.18,1.84,2.07,1.79,Unknown,5,4,9,,,,,,,,,,,,,,,,,,,,,,,,,,,,,,,,,,,,,,,,,,,,,,,,,,,,,,,,,,,,,,,,,,,,,,,le havre,nice
F1,16/12/2023,20:00,Lens,Reims,2,0,H,1,0,H,7,14,2,3,9,10,4,7,0,1,0,0,1.83,3.75,4.2,1.85,3.75,4.0,1.9,3.75,4.0,1.88,3.75,4.2,1.8,3.75,3.9,1.85,3.6,4.1,1.91,3.93,4.33,1.87,3.75,4.11,1.86,2.04,1.85,2.05,1.88,2.12,1.82,2.03,-0.5,1.91,2.02,1.89,2.01,1.92,2.02,1.88,1.98,2.3,3.3,3.1,2.3,3.3,3.1,2.4,3.3,3.0,2.41,3.38,3.15,2.3,3.4,2.88,2.3,3.3,3.1,2.42,3.7,4.0,2.33,3.38,3.14,2.03,1.87,2.0,1.91,2.03,1.91,1.97,1.86,-0.25,2.08,1.85,2.08,1.85,2.09,1.89,2.01,1.84,Unknown,0,1,1,,,,,,,,,,,,,,,,,,,,,,,,,,,,,,,,,,,,,,,,,,,,,,,,,,,,,,,,,,,,,,,,,,,,,,,lens,reims
F1,17/12/2023,12:00,Nantes,Brest,0,2,A,0,0,D,12,14,4,8,15,8,4,3,1,3,0,0,2.63,3.2,2.8,2.6,3.3,2.65,2.6,3.25,2.8,2.67,3.29,2.81,2.6,3.3,2.62,2.55,3.1,2.7,2.71,3.43,2.9,2.63,3.27,2.79,2.15,1.67,2.17,1.75,2.23,1.77,2.15,1.72,0.0,1.89,2.04,1.9,2.0,1.93,2.04,1.87,1.99,2.75,3.1,2.75,2.7,3.1,2.7,2.7,3.15,2.75,2.84,3.15,2.79,2.6,3.3,2.62,2.7,3.13,2.7,2.84,3.32,2.98,2.73,3.16,2.76,2.2,1.65,2.25,1.71,2.34,1.74,2.22,1.68,0.0,2.0,1.93,1.98,1.94,2.0,1.98,1.93,1.94,Unknown,1,3,4,,,,,,,,,,,,,,,,,,,,,,,,,,,,,,,,,,,,,,,,,,,,,,,,,,,,,,,,,,,,,,,,,,,,,,,nantes,brest
F1,17/12/2023,14:00,Lorient,Strasbourg,1,2,A,0,1,A,7,12,1,9,14,12,6,1,3,2,0,0,2.55,3.2,2.88,2.45,3.2,2.95,2.5,3.2,2.95,2.6,3.25,2.94,2.38,3.25,2.88,2.45,3.1,2.8,2.65,3.42,3.05,2.53,3.25,2.93,2.15,1.67,2.18,1.74,2.23,1.77,2.16,1.71,0.0,1.85,2.08,1.84,2.08,1.85,2.16,1.81,2.06,2.38,3.2,3.1,2.4,3.2,3.0,2.45,3.2,3.0,2.44,3.2,3.28,2.38,3.3,2.88,2.45,3.13,3.0,2.56,3.3,3.28,2.46,3.2,3.07,2.2,1.65,2.24,1.72,2.35,1.74,2.2,1.69,-0.25,2.09,1.84,2.08,1.85,2.19,1.85,2.09,1.78,Unknown,3,2,5,,,,,,,,,,,,,,,,,,,,,,,,,,,,,,,,,,,,,,,,,,,,,,,,,,,,,,,,,,,,,,,,,,,,,,,lorient,strasbourg
F1,17/12/2023,14:00,Metz,Montpellier,0,1,A,0,1,A,19,6,4,3,15,14,12,5,2,2,0,0,3.25,3.3,2.25,3.2,3.3,2.25,3.2,3.3,2.3,3.29,3.32,2.34,3.2,3.2,2.2,3.1,3.13,2.25,3.38,3.4,2.39,3.25,3.29,2.31,2.08,1.73,2.1,1.79,2.14,1.83,2.08,1.77,0.25,1.91,2.02,1.9,2.01,1.91,2.02,1.87,1.96,3.2,3.25,2.3,3.2,3.25,2.3,3.2,3.25,2.35,3.31,3.28,2.37,3.1,3.2,2.25,3.2,3.2,2.3,3.38,3.33,2.38,3.23,3.25,2.31,2.1,1.7,2.19,1.75,2.24,1.82,2.11,1.74,0.25,1.88,2.05,1.89,2.03,1.91,2.05,1.86,1.97,Unknown,2,2,4,,,,,,,,,,,,,,,,,,,,,,,,,,,,,,,,,,,,,,,,,,,,,,,,,,,,,,,,,,,,,,,,,,,,,,,metz,montpellier
F1,17/12/2023,14:00,Toulouse,Rennes,0,0,D,0,0,D,15,11,6,4,17,14,4,4,3,2,0,0,3.2,3.5,2.2,3.1,3.6,2.2,3.15,3.5,2.25,3.26,3.57,2.24,3.1,3.6,2.1,3.1,3.3,2.15,3.31,3.68,2.3,3.19,3.55,2.22,1.89,2.01,1.87,2.02,1.91,2.04,1.84,1.99,0.25,1.94,1.99,1.95,1.95,1.96,1.99,1.91,1.92,3.2,3.4,2.25,3.25,3.3,2.25,3.2,3.35,2.25,3.43,3.35,2.28,3.2,3.4,2.15,3.3,3.3,2.2,3.47,3.5,2.39,3.27,3.36,2.24,2.05,1.75,2.09,1.83,2.24,1.85,2.02,1.8,0.25,1.95,1.98,1.96,1.96,1.98,1.98,1.92,1.91,Unknown,3,2,5,,,,,,,,,,,,,,,,,,,,,,,,,,,,,,,,,,,,,,,,,,,,,,,,,,,,,,,,,,,,,,,,,,,,,,,toulouse,rennes
F1,17/12/2023,16:05,Marseille,Clermont,2,1,H,2,0,H,15,5,6,2,12,14,4,1,0,3,0,0,1.4,5.0,7.0,1.44,4.6,7.0,1.43,4.7,7.25,1.43,4.79,7.84,1.36,4.75,7.5,1.36,4.4,7.5,1.47,5.0,8.3,1.42,4.73,7.61,1.73,2.08,1.79,2.09,1.82,2.15,1.76,2.09,-1.25,1.97,1.93,2.0,1.91,2.0,1.96,1.95,1.89,1.45,4.5,6.5,1.47,4.33,7.0,1.5,4.3,6.75,1.49,4.4,7.52,1.4,4.5,7.0,1.44,4.33,7.5,1.53,4.65,7.52,1.47,4.39,7.1,1.95,1.95,1.96,1.94,1.96,2.05,1.87,1.95,-1.0,1.75,2.05,1.83,2.11,1.85,2.18,1.78,2.08,Unknown,0,3,3,,,,,,,,,,,,,,,,,,,,,,,,,,,,,,,,,,,,,,,,,,,,,,,,,,,,,,,,,,,,,,,,,,,,,,,marseille,clermont
F1,17/12/2023,19:45,Lille,Paris SG,1,1,D,0,0,D,15,10,3,2,9,19,8,8,1,1,0,0,3.8,4.0,1.83,3.75,3.9,1.87,3.9,3.95,1.85,4.11,4.05,1.83,3.75,3.9,1.8,3.9,3.6,1.8,4.25,4.1,1.92,3.99,3.95,1.84,1.67,2.15,1.68,2.28,1.74,2.31,1.68,2.23,0.5,2.07,1.86,2.08,1.84,2.08,1.87,2.03,1.84,3.8,3.75,1.91,3.8,3.8,1.87,3.9,3.85,1.85,3.94,3.96,1.91,3.6,3.9,1.83,3.7,3.8,1.9,4.51,4.1,1.96,3.85,3.91,1.89,1.6,2.3,1.61,2.46,1.62,2.47,1.58,2.39,0.5,2.01,1.92,2.0,1.93,2.03,1.98,1.96,1.9,Unknown,1,1,2,,,,,,,,,,,,,,,,,,,,,,,,,,,,,,,,,,,,,,,,,,,,,,,,,,,,,,,,,,,,,,,,,,,,,,,lille,paris sg
F1,20/12/2023,20:00,Brest,Lorient,4,0,H,4,0,H,12,7,7,3,8,17,1,0,1,2,0,0,1.6,3.8,5.75,1.62,3.9,5.5,1.63,3.95,5.75,1.61,4.06,5.91,1.55,4.0,5.5,1.57,3.9,6.0,1.66,4.2,6.0,1.61,4.0,5.71,1.99,1.91,1.97,1.92,1.99,1.95,1.94,1.88,-1.0,2.06,1.84,2.08,1.83,2.1,1.85,2.05,1.81,1.7,3.6,5.25,1.66,3.75,5.25,1.67,3.8,5.25,1.74,3.64,5.52,1.65,3.8,4.8,1.7,3.6,5.25,1.75,3.9,5.6,1.69,3.76,5.16,2.04,1.86,2.05,1.86,2.13,1.89,1.98,1.83,-0.75,1.99,1.94,1.97,1.95,1.99,2.01,1.89,1.94,Unknown,1,2,3,,,,,,,,,,,,,,,,,,,,,,,,,,,,,,,,,,,,,,,,,,,,,,,,,,,,,,,,,,,,,,,,,,,,,,,brest,lorient
F1,20/12/2023,20:00,Clermont,Rennes,1,3,A,1,0,H,14,25,6,11,8,11,4,5,0,3,1,0,3.3,3.4,2.2,3.3,3.4,2.2,3.25,3.35,2.25,3.44,3.4,2.23,3.2,3.4,2.15,3.4,3.25,2.2,3.51,3.54,2.29,3.35,3.39,2.21,2.05,1.75,2.08,1.83,2.11,1.85,2.04,1.79,0.25,1.99,1.91,1.99,1.92,2.0,1.93,1.95,1.88,3.1,3.25,2.38,3.2,3.1,2.37,3.1,3.15,2.4,3.26,3.19,2.46,2.9,3.25,2.38,3.2,3.1,2.38,3.31,3.4,2.6,3.15,3.18,2.42,2.35,1.57,2.38,1.64,2.47,1.65,2.35,1.6,0.25,1.85,2.08,1.85,2.09,1.89,2.2,1.81,2.05,Unknown,2,3,5,,,,,,,,,,,,,,,,,,,,,,,,,,,,,,,,,,,,,,,,,,,,,,,,,,,,,,,,,,,,,,,,,,,,,,,clermont,rennes
F1,20/12/2023,20:00,Lyon,Nantes,1,0,H,0,0,D,8,7,7,0,8,14,7,7,1,2,1,0,1.67,4.33,4.5,1.68,4.1,4.75,1.7,4.1,4.6,1.7,4.2,4.71,1.65,4.0,4.6,1.65,3.9,5.0,1.85,4.33,5.0,1.69,4.13,4.73,1.73,2.08,1.78,2.12,1.79,2.21,1.75,2.11,-0.75,1.88,2.02,1.91,2.0,1.91,2.04,1.86,1.98,1.85,3.6,4.2,1.85,3.6,4.2,1.77,3.7,4.6,1.94,3.59,4.24,1.75,3.7,4.2,1.87,3.5,4.2,1.94,3.83,4.75,1.85,3.67,4.33,2.02,1.88,2.02,1.88,2.02,1.95,1.94,1.88,-0.5,1.95,1.98,1.95,1.97,1.95,2.1,1.86,2.01,Unknown,3,2,5,,,,,,,,,,,,,,,,,,,,,,,,,,,,,,,,,,,,,,,,,,,,,,,,,,,,,,,,,,,,,,,,,,,,,,,lyon,nantes
F1,20/12/2023,20:00,Montpellier,Marseille,1,1,D,1,0,H,12,17,6,4,21,13,5,10,2,1,0,0,3.4,3.6,2.05,3.3,3.7,2.05,3.35,3.65,2.1,3.62,3.59,2.09,3.25,3.7,2.0,3.5,3.5,2.05,3.7,3.81,2.14,3.43,3.63,2.09,1.8,2.0,1.85,2.04,1.85,2.12,1.8,2.04,0.25,2.06,1.84,2.1,1.81,2.1,1.84,2.04,1.8,4.0,3.6,1.95,3.8,3.5,1.95,3.85,3.6,1.95,4.05,3.66,1.97,3.7,3.6,1.91,4.0,3.5,1.91,4.1,3.72,2.1,3.9,3.6,1.96,1.95,1.95,1.92,1.98,1.99,2.06,1.88,1.94,0.5,1.94,1.99,1.94,1.97,1.95,2.0,1.9,1.96,Unknown,2,1,3,,,,,,,,,,,,,,,,,,,,,,,,,,,,,,,,,,,,,,,,,,,,,,,,,,,,,,,,,,,,,,,,,,,,,,,montpellier,marseille
F1,20/12/2023,20:00,Nice,Lens,2,0,H,0,0,D,14,10,5,3,14,11,5,6,2,2,0,0,2.3,3.2,3.3,2.3,3.2,3.2,2.35,3.2,3.25,2.34,3.19,3.41,2.25,3.2,3.1,2.3,3.13,3.3,2.43,3.3,3.51,2.32,3.2,3.34,2.25,1.62,2.31,1.66,2.38,1.72,2.27,1.65,-0.25,2.02,1.88,2.0,1.91,2.02,1.93,1.96,1.88,2.25,3.25,3.3,2.25,3.2,3.3,2.3,3.25,3.25,2.35,3.22,3.44,2.2,3.2,3.2,2.25,3.2,3.3,2.42,3.33,3.59,2.29,3.23,3.36,2.2,1.65,2.23,1.72,2.3,1.76,2.19,1.7,-0.25,1.99,1.94,2.0,1.93,2.0,1.98,1.95,1.9,Unknown,2,2,4,,,,,,,,,,,,,,,,,,,,,,,,,,,,,,,,,,,,,,,,,,,,,,,,,,,,,,,,,,,,,,,,,,,,,,,nice,lens
F1,20/12/2023,20:00,Paris SG,Metz,3,1,H,0,0,D,13,3,5,1,6,9,5,5,0,1,0,0,1.14,8.0,17.0,1.15,8.75,16.5,1.15,8.25,17.0,1.15,9.06,16.98,1.11,8.5,17.0,1.12,8.5,21.0,1.17,10.0,21.0,1.15,8.69,17.31,1.36,3.1,1.37,3.17,1.4,3.3,1.36,3.14,-2.25,1.92,1.98,1.93,1.95,1.99,1.99,1.91,1.92,1.13,8.0,21.0,1.13,9.25,20.0,1.15,7.75,17.0,1.12,10.25,22.15,1.1,8.5,23.0,1.1,9.5,23.0,1.17,10.25,23.0,1.13,8.92,20.0,1.4,2.88,1.39,3.1,1.45,3.17,1.39,2.98,-2.25,1.88,2.05,1.88,2.03,1.99,2.05,1.9,1.94,Unknown,0,1,1,,,,,,,,,,,,,,,,,,,,,,,,,,,,,,,,,,,,,,,,,,,,,,,,,,,,,,,,,,,,,,,,,,,,,,,paris sg,metz
F1,20/12/2023,20:00,Reims,Le Havre,1,0,H,1,0,H,22,4,7,1,7,6,6,2,1,1,0,1,1.7,4.0,4.75,1.68,3.9,4.8,1.75,3.8,4.6,1.69,3.92,5.28,1.62,3.9,5.0,1.67,3.75,5.25,1.75,4.1,5.4,1.69,3.93,5.0,1.95,1.95,1.97,1.91,1.98,1.97,1.91,1.91,-0.75,1.91,1.99,1.89,2.01,1.92,2.03,1.87,1.97,1.73,3.8,4.75,1.75,3.7,4.6,1.75,3.75,4.7,1.77,3.82,4.92,1.65,3.8,4.75,1.73,3.7,4.8,1.78,4.0,5.08,1.74,3.8,4.82,1.95,1.95,1.98,1.93,1.99,1.96,1.91,1.89,-0.75,2.01,1.92,2.01,1.92,2.01,1.95,1.94,1.9,Unknown,1,3,4,,,,,,,,,,,,,,,,,,,,,,,,,,,,,,,,,,,,,,,,,,,,,,,,,,,,,,,,,,,,,,,,,,,,,,,reims,le havre
F1,20/12/2023,20:00,Strasbourg,Lille,2,1,H,1,1,D,9,9,2,2,19,10,6,5,1,2,0,0,4.0,3.4,1.95,3.7,3.5,2.0,3.8,3.45,2.0,4.01,3.57,1.98,3.7,3.5,1.91,4.0,3.4,1.95,4.1,3.69,2.04,3.88,3.51,1.99,2.05,1.75,2.08,1.82,2.1,1.86,2.05,1.79,0.5,1.9,2.0,1.92,1.99,1.92,2.01,1.88,1.98,3.6,3.4,2.05,3.6,3.4,2.05,3.6,3.45,2.05,3.9,3.52,2.05,3.5,3.4,2.0,3.7,3.3,2.05,3.9,3.6,2.13,3.68,3.45,2.06,2.05,1.85,2.05,1.86,2.13,1.87,2.02,1.82,0.5,1.85,2.08,1.88,2.06,1.88,2.13,1.81,2.07,Unknown,1,2,3,,,,,,,,,,,,,,,,,,,,,,,,,,,,,,,,,,,,,,,,,,,,,,,,,,,,,,,,,,,,,,,,,,,,,,,strasbourg,lille
F1,20/12/2023,20:00,Toulouse,Monaco,1,2,A,1,2,A,20,12,5,4,17,10,4,5,2,3,0,1,4.33,3.75,1.8,4.2,3.9,1.77,4.2,3.9,1.8,4.31,3.94,1.82,4.0,4.0,1.73,4.33,3.9,1.75,4.4,4.22,1.85,4.24,3.97,1.79,1.65,2.2,1.68,2.27,1.69,2.35,1.64,2.27,0.75,1.86,2.04,1.85,2.06,1.86,2.06,1.84,1.99,3.75,4.0,1.85,3.8,3.9,1.85,3.95,4.0,1.83,3.92,3.99,1.91,3.9,3.8,1.8,3.8,3.8,1.87,4.2,4.12,1.94,3.92,3.94,1.86,1.53,2.4,1.6,2.47,1.76,2.51,1.6,2.35,0.5,2.0,1.93,2.01,1.92,2.05,1.93,1.99,1.88,Unknown,2,5,7,,,,,,,,,,,,,,,,,,,,,,,,,,,,,,,,,,,,,,,,,,,,,,,,,,,,,,,,,,,,,,,,,,,,,,,toulouse,monaco
F1,12/01/2024,20:00,Marseille,Strasbourg,1,1,D,1,0,H,8,18,2,4,11,10,6,4,3,2,0,0,1.6,4.0,5.5,1.58,3.9,5.75,,,,1.62,4.01,6.08,1.5,4.2,5.8,1.57,3.75,6.5,1.64,4.2,6.5,1.6,3.98,5.97,2.08,1.73,2.11,1.8,2.13,1.85,2.06,1.79,-1.0,2.09,1.81,2.11,1.83,2.12,1.84,2.06,1.8,1.65,4.0,5.25,1.65,3.75,5.5,,,,1.67,3.88,5.73,1.53,3.8,6.0,1.6,3.75,6.0,1.67,4.1,6.0,1.63,3.86,5.65,2.05,1.75,2.11,1.79,2.17,1.83,2.06,1.77,-0.75,1.86,2.04,1.88,2.06,1.88,2.09,1.82,2.03,Unknown,3,2,5,,,,,,,,,,,,,,,,,,,,,,,,,,,,,,,,,,,,,,,,,,,,,,,,,,,,,,,,,,,,,,,,,,,,,,,marseille,strasbourg
F1,13/01/2024,16:00,Monaco,Reims,1,3,A,0,1,A,9,12,5,5,11,9,6,6,3,2,0,0,1.7,4.0,4.5,1.73,4.1,4.2,,,,1.76,4.08,4.46,1.7,4.0,4.2,1.73,3.9,4.5,1.81,4.22,4.6,1.75,4.11,4.35,1.6,2.3,1.66,2.31,1.67,2.42,1.61,2.35,-0.75,1.99,1.91,2.0,1.91,2.0,1.95,1.94,1.91,1.67,4.0,4.75,1.66,4.1,4.8,,,,1.71,4.18,4.87,1.67,4.0,4.4,1.67,4.0,4.8,1.72,4.31,5.0,1.69,4.11,4.79,1.62,2.25,1.65,2.34,1.68,2.47,1.62,2.31,-0.75,1.89,2.04,1.9,2.02,1.9,2.06,1.85,2.0,Unknown,3,2,5,,,,,,,,,,,,,,,,,,,,,,,,,,,,,,,,,,,,,,,,,,,,,,,,,,,,,,,,,,,,,,,,,,,,,,,monaco,reims
F1,13/01/2024,20:00,Rennes,Nice,2,0,H,1,0,H,15,9,5,2,13,11,6,6,1,0,0,0,2.38,3.25,3.1,2.3,3.2,3.2,,,,2.43,3.27,3.17,2.25,3.25,3.1,2.38,3.1,3.2,2.44,3.37,3.23,2.37,3.26,3.14,2.25,1.62,2.36,1.64,2.38,1.7,2.28,1.65,-0.25,2.06,1.84,2.08,1.84,2.08,1.91,2.02,1.84,2.45,3.3,3.0,2.4,3.1,3.1,,,,2.47,3.21,3.21,2.3,3.25,3.0,2.45,3.13,3.0,2.52,3.34,3.49,2.41,3.2,3.13,2.25,1.62,2.32,1.67,2.39,1.69,2.28,1.64,-0.25,2.13,1.81,2.11,1.83,2.17,1.91,2.05,1.81,Unknown,1,0,1,,,,,,,,,,,,,,,,,,,,,,,,,,,,,,,,,,,,,,,,,,,,,,,,,,,,,,,,,,,,,,,,,,,,,,,rennes,nice
F1,14/01/2024,12:00,Lille,Lorient,3,0,H,1,0,H,24,1,10,0,10,22,7,1,1,4,0,0,1.4,5.0,7.0,1.38,5.0,7.75,,,,1.38,5.04,8.5,1.35,4.8,8.0,1.33,4.5,8.5,1.43,5.2,9.0,1.38,4.95,8.23,1.73,2.08,1.75,2.16,1.81,2.17,1.74,2.12,-1.25,1.88,2.02,1.88,2.03,1.92,2.05,1.86,1.99,1.29,5.75,9.0,1.28,5.5,11.5,,,,1.29,5.8,11.94,1.25,5.5,12.0,1.25,5.5,13.0,1.33,6.3,13.0,1.28,5.66,11.59,1.75,2.05,1.81,2.09,1.81,2.25,1.75,2.08,-1.5,1.91,2.02,1.9,2.03,1.93,2.12,1.87,2.0,Unknown,1,4,5,,,,,,,,,,,,,,,,,,,,,,,,,,,,,,,,,,,,,,,,,,,,,,,,,,,,,,,,,,,,,,,,,,,,,,,lille,lorient
F1,14/01/2024,14:00,Brest,Montpellier,2,0,H,0,0,D,26,9,9,4,6,7,3,3,1,2,0,0,1.83,3.75,4.2,1.82,3.7,4.2,,,,1.88,3.65,4.34,1.8,3.6,4.2,1.8,3.4,4.2,1.92,3.8,4.42,1.86,3.67,4.21,1.99,1.91,1.99,1.9,2.02,1.97,1.94,1.89,-0.5,1.88,2.02,1.89,2.02,1.89,2.04,1.86,2.0,1.8,3.75,4.5,1.83,3.6,4.33,,,,1.82,3.67,4.79,1.73,3.6,4.5,1.75,3.6,4.8,1.84,3.8,5.0,1.8,3.66,4.65,2.05,1.85,2.07,1.85,2.1,1.9,2.03,1.81,-0.75,2.09,1.84,2.09,1.85,2.09,1.88,2.02,1.83,Unknown,1,2,3,,,,,,,,,,,,,,,,,,,,,,,,,,,,,,,,,,,,,,,,,,,,,,,,,,,,,,,,,,,,,,,,,,,,,,,brest,montpellier
F1,14/01/2024,14:00,Metz,Toulouse,0,1,A,0,1,A,14,4,2,2,20,18,5,2,3,2,1,0,2.9,3.2,2.45,2.95,3.2,2.45,,,,3.16,3.02,2.59,2.9,3.1,2.45,2.9,3.0,2.45,3.2,3.25,2.62,3.04,3.14,2.51,2.3,1.6,2.38,1.63,2.38,1.68,2.28,1.64,0.25,1.73,2.08,1.75,2.18,1.77,2.19,1.75,2.11,2.88,3.2,2.5,2.95,3.1,2.5,,,,3.0,3.12,2.68,2.88,3.1,2.45,2.9,3.1,2.55,3.14,3.29,2.7,2.97,3.1,2.58,2.3,1.6,2.42,1.63,2.45,1.66,2.36,1.6,0.0,2.07,1.86,2.08,1.85,2.12,1.87,2.08,1.81,Unknown,5,2,7,,,,,,,,,,,,,,,,,,,,,,,,,,,,,,,,,,,,,,,,,,,,,,,,,,,,,,,,,,,,,,,,,,,,,,,metz,toulouse
F1,14/01/2024,14:00,Nantes,Clermont,1,2,A,0,1,A,20,15,9,6,10,5,11,5,1,1,1,0,1.95,3.5,3.8,1.98,3.5,3.7,,,,2.0,3.44,4.11,1.91,3.4,3.9,1.91,3.2,3.9,2.04,3.6,4.21,1.98,3.45,3.96,2.15,1.67,2.23,1.7,2.25,1.78,2.15,1.72,-0.5,1.99,1.91,2.01,1.9,2.01,1.93,1.97,1.89,1.91,3.6,3.8,1.93,3.5,3.9,,,,1.94,3.62,4.19,1.91,3.4,3.9,1.9,3.4,4.2,1.96,3.72,4.33,1.92,3.57,4.09,1.98,1.92,1.97,1.93,2.09,1.94,1.99,1.84,-0.5,1.94,1.99,1.95,1.97,1.98,2.0,1.93,1.94,Unknown,3,1,4,,,,,,,,,,,,,,,,,,,,,,,,,,,,,,,,,,,,,,,,,,,,,,,,,,,,,,,,,,,,,,,,,,,,,,,nantes,clermont
F1,14/01/2024,16:05,Le Havre,Lyon,3,1,H,1,0,H,14,9,7,2,15,4,3,7,1,0,0,2,3.25,3.25,2.25,3.1,3.4,2.25,,,,3.26,3.29,2.36,3.1,3.25,2.25,3.1,3.13,2.25,3.3,3.4,2.41,3.18,3.32,2.32,2.08,1.73,2.14,1.76,2.16,1.84,2.06,1.78,0.25,1.89,2.01,1.88,2.03,1.91,2.04,1.85,1.98,3.1,3.1,2.4,3.1,3.2,2.35,,,,3.19,3.13,2.53,3.1,3.2,2.3,3.13,3.1,2.4,3.43,3.26,2.55,3.13,3.18,2.41,2.25,1.62,2.35,1.66,2.37,1.73,2.25,1.64,0.25,1.79,2.15,1.8,2.15,1.89,2.15,1.8,2.05,Unknown,1,4,5,,,,,,,,,,,,,,,,,,,,,,,,,,,,,,,,,,,,,,,,,,,,,,,,,,,,,,,,,,,,,,,,,,,,,,,le havre,lyon
F1,14/01/2024,19:45,Lens,Paris SG,0,2,A,0,1,A,17,15,5,7,10,8,5,6,0,1,1,0,3.6,4.0,1.85,3.6,3.9,1.93,,,,3.81,4.06,1.9,3.6,3.9,1.83,3.7,3.6,1.85,3.96,4.1,1.95,3.7,3.96,1.91,1.6,2.3,1.63,2.39,1.66,2.43,1.62,2.34,0.5,1.99,1.91,2.0,1.91,2.0,1.96,1.95,1.91,3.4,4.0,1.95,3.5,3.75,1.95,,,,3.83,3.77,1.99,3.7,3.8,1.83,3.6,3.7,1.95,4.11,4.1,2.02,3.68,3.8,1.96,1.65,2.2,1.7,2.27,1.7,2.34,1.65,2.25,0.5,1.92,2.01,1.93,2.0,1.94,2.02,1.91,1.97,Unknown,2,1,3,,,,,,,,,,,,,,,,,,,,,,,,,,,,,,,,,,,,,,,,,,,,,,,,,,,,,,,,,,,,,,,,,,,,,,,lens,paris sg
F1,26/01/2024,20:00,Lyon,Rennes,2,3,A,0,3,A,12,11,6,5,15,12,3,2,2,2,0,0,2.5,3.4,2.8,2.5,3.3,2.8,,,,2.56,3.35,2.91,2.45,3.4,2.7,2.55,3.25,2.8,2.6,3.5,2.95,2.53,3.35,2.85,2.05,1.75,2.0,1.8,2.1,1.86,2.03,1.8,0.0,1.83,2.07,1.83,2.09,1.87,2.09,1.83,2.05,2.5,3.4,2.75,2.55,3.3,2.75,,,,2.62,3.42,2.83,2.4,3.4,2.75,2.55,3.25,2.8,2.62,3.49,3.06,2.51,3.38,2.84,2.01,1.89,2.01,1.89,2.13,1.92,1.98,1.85,0.0,1.87,2.03,1.88,2.04,1.9,2.15,1.81,2.08,Unknown,2,2,4,,,,,,,,,,,,,,,,,,,,,,,,,,,,,,,,,,,,,,,,,,,,,,,,,,,,,,,,,,,,,,,,,,,,,,,lyon,rennes
F1,27/01/2024,16:00,Nice,Metz,1,0,H,0,0,D,15,2,9,1,10,13,5,2,1,1,0,0,1.4,4.5,9.0,1.42,4.33,8.5,,,,1.41,4.57,8.94,1.4,4.33,8.5,1.4,4.33,9.5,1.47,4.7,10.0,1.41,4.45,8.85,2.08,1.73,2.13,1.77,2.21,1.81,2.11,1.75,-1.25,2.02,1.88,2.01,1.9,2.06,1.9,2.0,1.85,1.44,4.2,8.5,1.46,4.0,8.25,,,,1.45,4.25,9.35,1.4,4.33,8.0,1.4,4.2,9.5,1.52,4.33,9.7,1.45,4.16,8.54,2.3,1.6,2.4,1.63,2.4,1.71,2.29,1.63,-1.0,1.75,2.05,1.82,2.13,1.86,2.15,1.8,2.07,Unknown,1,1,2,,,,,,,,,,,,,,,,,,,,,,,,,,,,,,,,,,,,,,,,,,,,,,,,,,,,,,,,,,,,,,,,,,,,,,,nice,metz
F1,27/01/2024,20:00,Marseille,Monaco,2,2,D,1,2,A,22,6,9,5,11,12,10,1,1,3,0,2,2.4,3.6,2.75,2.3,3.6,2.85,,,,2.45,3.68,2.83,2.38,3.7,2.62,2.3,3.4,2.75,2.48,3.85,2.88,2.4,3.66,2.79,1.7,2.1,1.73,2.19,1.77,2.25,1.71,2.16,-0.25,2.05,1.75,2.13,1.79,2.14,1.83,2.08,1.78,2.38,3.6,2.8,2.35,3.6,2.8,,,,2.38,3.61,3.03,2.3,3.7,2.7,2.3,3.5,2.9,2.46,3.73,3.03,2.39,3.61,2.87,1.7,2.1,1.74,2.21,1.77,2.33,1.71,2.17,-0.25,2.06,1.84,2.07,1.86,2.11,1.88,2.05,1.81,Unknown,1,7,8,,,,,,,,,,,,,,,,,,,,,,,,,,,,,,,,,,,,,,,,,,,,,,,,,,,,,,,,,,,,,,,,,,,,,,,marseille,monaco
F1,28/01/2024,12:00,Montpellier,Lille,0,0,D,0,0,D,12,12,7,0,13,16,5,2,4,3,0,1,3.6,3.6,2.0,3.6,3.5,2.0,,,,3.93,3.59,1.99,3.6,3.5,1.95,3.75,3.3,1.93,3.99,3.73,2.04,3.76,3.55,1.99,2.01,1.89,1.99,1.89,2.02,1.92,1.96,1.84,0.5,1.9,2.0,1.91,2.0,1.91,2.02,1.87,1.99,3.8,3.4,2.0,3.75,3.4,2.0,,,,3.83,3.47,2.09,3.7,3.4,1.95,3.75,3.4,2.0,4.15,3.68,2.09,3.82,3.49,2.01,2.06,1.84,2.06,1.85,2.11,1.95,1.99,1.84,0.5,1.84,2.09,1.84,2.1,1.95,2.1,1.86,2.01,Unknown,4,5,9,,,,,,,,,,,,,,,,,,,,,,,,,,,,,,,,,,,,,,,,,,,,,,,,,,,,,,,,,,,,,,,,,,,,,,,montpellier,lille
F1,28/01/2024,14:00,Clermont,Strasbourg,1,1,D,0,1,A,14,6,6,2,12,16,5,2,1,3,0,0,2.75,3.2,2.63,2.7,3.25,2.6,,,,2.83,3.27,2.67,2.7,3.25,2.5,2.75,3.0,2.55,2.88,3.37,2.71,2.79,3.24,2.62,2.2,1.65,2.28,1.68,2.32,1.71,2.22,1.67,0.0,2.01,1.89,2.01,1.9,2.04,1.92,1.99,1.87,3.0,3.3,2.38,3.0,3.3,2.35,,,,3.15,3.33,2.44,3.0,3.3,2.3,3.0,3.2,2.4,3.28,3.4,2.45,3.1,3.32,2.37,2.08,1.73,2.11,1.8,2.24,1.81,2.1,1.75,0.25,1.83,2.1,1.84,2.1,1.88,2.12,1.83,2.03,Unknown,1,3,4,,,,,,,,,,,,,,,,,,,,,,,,,,,,,,,,,,,,,,,,,,,,,,,,,,,,,,,,,,,,,,,,,,,,,,,clermont,strasbourg
F1,28/01/2024,14:00,Lorient,Le Havre,3,3,D,1,1,D,13,14,6,5,15,21,1,4,4,4,0,0,2.9,3.1,2.63,2.85,3.1,2.6,,,,3.0,3.12,2.63,2.75,3.2,2.5,2.88,3.0,2.5,3.07,3.29,2.65,2.92,3.12,2.59,2.4,1.53,2.46,1.59,2.48,1.64,2.38,1.58,0.0,2.07,1.83,2.09,1.83,2.11,1.86,2.06,1.82,3.1,3.1,2.5,3.1,3.1,2.45,,,,3.25,3.07,2.54,2.88,3.1,2.45,3.13,2.9,2.45,3.34,3.14,2.61,3.14,3.07,2.5,2.6,1.48,2.69,1.52,2.69,1.58,2.52,1.53,0.25,1.81,2.13,1.81,2.15,1.85,2.17,1.78,2.09,Unknown,4,4,8,,,,,,,,,,,,,,,,,,,,,,,,,,,,,,,,,,,,,,,,,,,,,,,,,,,,,,,,,,,,,,,,,,,,,,,lorient,le havre
F1,28/01/2024,14:00,Reims,Nantes,0,0,D,0,0,D,10,7,1,5,8,16,6,2,3,2,0,0,1.8,3.75,4.33,1.85,3.7,4.1,,,,1.83,3.76,4.5,1.8,3.7,4.0,1.75,3.5,4.2,1.89,3.88,4.6,1.83,3.72,4.29,1.92,1.98,1.89,2.0,1.95,2.01,1.88,1.92,-0.5,1.83,2.07,1.83,2.08,1.85,2.09,1.83,2.03,1.95,3.4,4.0,2.0,3.4,3.7,,,,1.98,3.5,4.18,1.91,3.4,4.0,1.95,3.4,4.0,2.1,3.65,4.36,2.01,3.45,3.88,2.07,1.83,2.04,1.87,2.13,1.89,2.02,1.82,-0.5,2.0,1.93,1.99,1.93,2.09,1.97,2.02,1.86,Unknown,3,2,5,,,,,,,,,,,,,,,,,,,,,,,,,,,,,,,,,,,,,,,,,,,,,,,,,,,,,,,,,,,,,,,,,,,,,,,reims,nantes
F1,28/01/2024,16:05,Toulouse,Lens,0,2,A,0,1,A,13,13,4,5,11,14,10,7,3,3,0,0,3.6,3.6,2.0,3.5,3.4,2.1,,,,3.54,3.63,2.1,3.4,3.6,2.0,3.5,3.3,2.0,3.67,3.7,2.14,3.54,3.55,2.06,1.99,1.91,1.99,1.9,2.02,1.92,1.95,1.86,0.25,2.05,1.75,2.09,1.83,2.11,1.84,2.05,1.78,3.5,3.6,2.05,3.4,3.4,2.1,,,,3.71,3.6,2.08,3.5,3.3,2.05,3.6,3.4,2.05,3.72,3.7,2.22,3.55,3.49,2.09,1.92,1.98,1.92,1.99,1.99,1.99,1.91,1.91,0.5,1.83,2.1,1.85,2.09,1.85,2.12,1.8,2.09,Unknown,3,3,6,,,,,,,,,,,,,,,,,,,,,,,,,,,,,,,,,,,,,,,,,,,,,,,,,,,,,,,,,,,,,,,,,,,,,,,toulouse,lens
F1,28/01/2024,19:45,Paris SG,Brest,2,2,D,2,0,H,10,9,4,6,12,10,7,0,5,3,1,0,1.36,5.5,7.5,1.42,5.0,6.75,,,,1.4,5.45,6.98,1.36,5.0,7.0,1.36,4.6,7.5,1.44,5.6,7.75,1.4,5.12,7.12,1.53,2.4,1.58,2.48,1.61,2.5,1.56,2.41,-1.25,1.89,2.01,1.87,2.05,1.91,2.05,1.86,1.97,1.44,5.0,6.0,1.44,4.75,6.75,,,,1.45,4.96,7.17,1.36,5.0,7.0,1.4,4.75,7.5,1.46,5.32,8.0,1.42,4.96,7.06,1.57,2.35,1.6,2.46,1.62,2.53,1.57,2.41,-1.25,2.0,1.93,2.0,1.93,2.01,2.05,1.9,1.95,Unknown,7,3,10,,,,,,,,,,,,,,,,,,,,,,,,,,,,,,,,,,,,,,,,,,,,,,,,,,,,,,,,,,,,,,,,,,,,,,,paris sg,brest
F1,02/02/2024,20:00,Strasbourg,Paris SG,1,2,A,0,1,A,20,9,8,5,12,13,3,4,3,1,0,0,6.0,4.5,1.5,6.0,4.6,1.49,,,,6.58,4.66,1.5,6.5,4.4,1.44,7.0,4.5,1.45,7.0,4.82,1.53,6.25,4.63,1.5,1.6,2.3,1.64,2.37,1.67,2.41,1.62,2.34,1.25,1.82,2.11,1.84,2.1,1.87,2.12,1.8,2.07,5.5,4.5,1.55,5.25,4.4,1.55,,,,6.02,4.41,1.56,5.8,4.5,1.5,6.0,4.33,1.5,6.55,4.75,1.57,5.97,4.51,1.53,1.57,2.35,1.64,2.37,1.65,2.47,1.6,2.37,1.0,1.98,1.95,1.98,1.94,2.12,1.97,2.01,1.87,Unknown,3,1,4,,,,,,,,,,,,,,,,,,,,,,,,,,,,,,,,,,,,,,,,,,,,,,,,,,,,,,,,,,,,,,,,,,,,,,,strasbourg,paris sg
F1,03/02/2024,16:00,Rennes,Montpellier,2,1,H,1,0,H,9,17,3,9,17,12,5,3,4,3,0,0,1.62,4.0,5.5,1.63,4.0,5.25,,,,1.63,4.09,5.56,1.6,4.0,5.0,1.57,4.0,5.75,1.67,4.25,5.75,1.63,4.07,5.33,1.86,2.04,1.84,1.98,1.87,2.08,1.81,1.98,-0.75,1.82,2.11,1.8,2.1,1.84,2.13,1.79,2.07,1.53,4.2,6.5,1.53,4.1,6.25,,,,1.54,4.26,6.79,1.5,4.2,6.5,1.5,4.1,6.5,1.57,4.34,6.9,1.53,4.23,6.53,1.98,1.92,1.96,1.94,2.07,2.0,1.92,1.92,-1.0,1.91,2.02,1.93,2.0,1.93,2.02,1.9,1.96,Unknown,4,3,7,,,,,,,,,,,,,,,,,,,,,,,,,,,,,,,,,,,,,,,,,,,,,,,,,,,,,,,,,,,,,,,,,,,,,,,rennes,montpellier
F1,03/02/2024,20:00,Nantes,Lens,0,1,A,0,0,D,7,12,2,4,16,11,2,3,2,2,0,0,3.4,3.3,2.2,3.2,3.4,2.2,,,,3.47,3.36,2.23,3.2,3.5,2.1,3.4,3.3,2.15,3.51,3.56,2.26,3.36,3.38,2.2,2.05,1.75,2.08,1.83,2.1,1.86,2.04,1.8,0.25,2.01,1.92,1.98,1.92,2.01,1.94,1.95,1.88,3.6,3.4,2.05,3.5,3.3,2.15,,,,3.73,3.44,2.13,3.25,3.4,2.1,3.7,3.3,2.05,3.83,3.5,2.17,3.61,3.39,2.11,2.07,1.83,2.07,1.85,2.13,1.86,2.04,1.8,0.5,1.82,2.11,1.8,2.13,1.84,2.15,1.78,2.11,Unknown,2,2,4,,,,,,,,,,,,,,,,,,,,,,,,,,,,,,,,,,,,,,,,,,,,,,,,,,,,,,,,,,,,,,,,,,,,,,,nantes,lens
F1,04/02/2024,12:00,Monaco,Le Havre,1,1,D,0,0,D,17,3,5,0,16,11,9,4,3,2,0,0,1.45,4.5,7.0,1.47,4.5,6.25,,,,1.49,4.56,6.8,1.44,4.5,6.5,1.44,4.1,6.5,1.53,4.7,7.0,1.48,4.55,6.58,1.73,2.08,1.77,2.13,1.79,2.19,1.74,2.12,-1.25,2.11,1.82,2.13,1.78,2.13,1.83,2.07,1.79,1.57,4.0,5.75,1.57,4.2,5.5,,,,1.59,4.23,6.0,1.5,4.33,5.8,1.55,4.1,5.75,1.62,4.4,6.13,1.58,4.21,5.7,1.73,2.08,1.77,2.15,1.78,2.2,1.72,2.13,-1.0,2.03,1.9,2.02,1.91,2.04,1.97,1.98,1.88,Unknown,3,2,5,,,,,,,,,,,,,,,,,,,,,,,,,,,,,,,,,,,,,,,,,,,,,,,,,,,,,,,,,,,,,,,,,,,,,,,monaco,le havre
F1,04/02/2024,14:00,Lille,Clermont,4,0,H,4,0,H,23,4,13,3,8,10,12,1,0,1,0,0,1.4,4.5,8.5,1.39,4.75,8.0,,,,1.42,4.81,7.95,1.36,4.75,7.5,1.36,4.33,8.0,1.45,5.0,9.0,1.41,4.72,7.88,1.85,2.05,1.85,2.04,1.87,2.12,1.81,2.02,-1.25,1.95,1.98,1.95,1.95,1.97,1.98,1.91,1.92,1.4,4.75,7.5,1.44,4.5,7.0,,,,1.44,4.75,7.93,1.36,4.75,7.5,1.4,4.5,8.0,1.46,5.1,8.5,1.42,4.69,7.65,1.75,2.05,1.88,2.02,1.9,2.12,1.8,2.04,-1.25,2.06,1.87,2.02,1.9,2.06,1.96,1.98,1.87,Unknown,0,1,1,,,,,,,,,,,,,,,,,,,,,,,,,,,,,,,,,,,,,,,,,,,,,,,,,,,,,,,,,,,,,,,,,,,,,,,lille,clermont
F1,04/02/2024,14:00,Metz,Lorient,1,2,A,1,1,D,10,12,3,4,12,13,4,3,3,1,0,0,2.25,3.1,3.5,2.25,3.2,3.3,,,,2.28,3.11,3.66,2.15,3.3,3.25,2.15,3.0,3.4,2.31,3.34,3.73,2.26,3.14,3.47,2.5,1.5,2.52,1.57,2.55,1.63,2.47,1.55,-0.25,1.93,2.0,1.93,1.97,1.97,2.0,1.9,1.92,2.05,3.2,4.0,2.05,3.1,3.9,,,,2.1,3.16,4.24,1.95,3.2,4.0,2.0,3.13,4.2,2.28,3.26,4.5,2.06,3.17,4.05,2.5,1.5,2.63,1.54,2.72,1.59,2.51,1.53,-0.25,1.73,2.08,1.78,2.17,1.86,2.24,1.75,2.11,Unknown,3,1,4,,,,,,,,,,,,,,,,,,,,,,,,,,,,,,,,,,,,,,,,,,,,,,,,,,,,,,,,,,,,,,,,,,,,,,,metz,lorient
F1,04/02/2024,14:00,Reims,Toulouse,2,3,A,0,3,A,17,9,5,4,13,16,10,6,2,3,0,0,1.75,3.5,4.75,1.73,3.8,4.6,,,,1.8,3.73,4.69,1.7,3.8,4.4,1.73,3.5,4.4,1.83,3.95,4.8,1.78,3.72,4.55,1.98,1.92,1.97,1.92,1.99,1.97,1.92,1.9,-0.75,2.06,1.87,2.05,1.86,2.06,1.9,1.99,1.84,1.85,3.4,4.5,1.82,3.6,4.33,,,,1.85,3.69,4.63,1.75,3.6,4.4,1.8,3.5,4.5,1.9,3.8,4.76,1.82,3.62,4.46,1.99,1.91,1.97,1.93,2.03,1.97,1.93,1.89,-0.5,1.86,2.07,1.85,2.08,1.86,2.11,1.83,2.04,Unknown,2,3,5,,,,,,,,,,,,,,,,,,,,,,,,,,,,,,,,,,,,,,,,,,,,,,,,,,,,,,,,,,,,,,,,,,,,,,,reims,toulouse
F1,04/02/2024,16:05,Brest,Nice,0,0,D,0,0,D,17,13,2,1,12,12,3,5,3,1,0,0,2.45,3.25,3.0,2.45,3.25,2.9,,,,2.51,3.15,3.15,2.4,3.2,2.9,2.38,3.0,3.0,2.57,3.26,3.2,2.48,3.17,3.03,2.35,1.57,2.49,1.58,2.5,1.66,2.37,1.59,-0.25,2.14,1.8,2.14,1.79,2.15,1.82,2.09,1.76,2.8,3.0,2.8,2.8,2.85,2.87,,,,2.98,2.84,2.95,2.62,2.88,2.9,2.8,2.8,2.88,2.98,3.05,3.05,2.81,2.87,2.89,2.88,1.4,3.1,1.41,3.1,1.49,2.91,1.41,0.0,1.98,1.95,1.97,1.95,1.99,2.05,1.91,1.96,Unknown,3,1,4,,,,,,,,,,,,,,,,,,,,,,,,,,,,,,,,,,,,,,,,,,,,,,,,,,,,,,,,,,,,,,,,,,,,,,,brest,nice
F1,04/02/2024,19:45,Lyon,Marseille,1,0,H,1,0,H,12,8,7,1,14,10,3,2,2,1,0,0,2.9,3.4,2.45,2.75,3.4,2.5,,,,2.91,3.38,2.54,2.7,3.4,2.45,2.75,3.25,2.4,2.98,3.5,2.58,2.83,3.39,2.5,1.95,1.95,1.93,1.95,1.98,1.98,1.91,1.91,0.0,2.14,1.8,2.1,1.83,2.14,1.86,2.07,1.81,2.9,3.4,2.45,2.8,3.3,2.5,,,,2.92,3.35,2.58,2.8,3.3,2.4,2.88,3.25,2.5,2.92,3.44,2.69,2.83,3.35,2.56,2.02,1.88,2.02,1.89,2.06,1.91,1.98,1.86,0.0,2.14,1.8,2.09,1.85,2.14,1.89,2.05,1.84,Unknown,2,1,3,,,,,,,,,,,,,,,,,,,,,,,,,,,,,,,,,,,,,,,,,,,,,,,,,,,,,,,,,,,,,,,,,,,,,,,lyon,marseille
F1,09/02/2024,20:00,Marseille,Metz,1,1,D,0,0,D,18,7,6,3,12,16,6,3,2,0,1,0,1.4,4.75,7.0,1.42,4.4,7.75,,,,1.43,4.64,8.45,1.33,4.8,8.5,1.4,4.4,8.5,1.47,4.8,9.5,1.42,4.55,8.16,2.0,1.9,2.05,1.86,2.05,1.91,1.98,1.85,-1.25,2.08,1.85,2.05,1.88,2.11,1.91,2.01,1.85,1.4,4.75,7.5,1.43,4.5,7.5,,,,1.43,4.73,8.57,1.35,4.5,9.0,1.4,4.4,8.5,1.45,4.87,9.0,1.42,4.56,8.09,1.91,1.99,1.93,1.99,1.99,1.99,1.9,1.92,-1.25,2.03,1.9,2.03,1.92,2.05,1.92,1.98,1.86,Unknown,4,0,4,,,,,,,,,,,,,,,,,,,,,,,,,,,,,,,,,,,,,,,,,,,,,,,,,,,,,,,,,,,,,,,,,,,,,,,marseille,metz
F1,10/02/2024,16:00,Lens,Strasbourg,3,1,H,2,1,H,10,19,6,5,14,14,4,5,2,1,0,0,1.62,3.8,5.75,1.63,3.9,5.25,,,,1.67,3.82,5.68,1.57,3.9,5.5,1.62,3.75,5.75,1.71,4.1,5.8,1.64,3.9,5.48,2.04,1.86,2.03,1.86,2.06,1.9,1.99,1.84,-0.75,1.84,2.09,1.87,2.04,1.87,2.12,1.81,2.04,1.7,3.8,5.25,1.66,3.8,5.25,,,,1.7,3.92,5.34,1.57,3.7,5.8,1.65,3.75,5.25,1.73,4.1,5.8,1.68,3.9,5.2,1.95,1.95,1.94,1.96,1.98,2.0,1.91,1.92,-0.75,1.9,2.03,1.92,2.01,1.92,2.05,1.86,2.0,Unknown,2,1,3,,,,,,,,,,,,,,,,,,,,,,,,,,,,,,,,,,,,,,,,,,,,,,,,,,,,,,,,,,,,,,,,,,,,,,,lens,strasbourg
F1,10/02/2024,20:00,Paris SG,Lille,3,1,H,2,1,H,16,10,8,3,12,10,6,8,2,3,0,0,1.62,4.2,5.25,1.61,4.2,5.0,,,,1.63,4.28,5.3,1.53,4.4,5.0,1.57,4.0,5.5,1.66,4.4,5.5,1.62,4.25,5.2,1.7,2.1,1.72,2.19,1.76,2.25,1.69,2.19,-1.0,2.1,1.83,2.07,1.85,2.11,1.86,2.04,1.82,1.75,3.8,4.5,1.83,3.7,4.1,,,,1.83,3.71,4.68,1.6,4.4,4.5,1.8,3.6,4.33,1.91,4.14,5.05,1.82,3.75,4.42,1.95,1.95,1.94,1.96,1.99,2.18,1.85,1.99,-0.5,1.84,2.09,1.83,2.09,1.91,2.09,1.84,2.04,Unknown,2,3,5,,,,,,,,,,,,,,,,,,,,,,,,,,,,,,,,,,,,,,,,,,,,,,,,,,,,,,,,,,,,,,,,,,,,,,,paris sg,lille
F1,11/02/2024,12:00,Le Havre,Rennes,0,1,A,0,0,D,13,11,5,2,14,7,5,1,2,1,0,0,3.6,3.3,2.15,3.4,3.3,2.15,,,,3.66,3.38,2.15,3.4,3.4,2.05,3.5,3.1,2.1,3.75,3.5,2.22,3.52,3.34,2.16,2.15,1.67,2.26,1.69,2.29,1.74,2.2,1.69,0.25,2.05,1.88,2.06,1.85,2.06,1.89,2.0,1.84,3.75,3.4,2.05,3.75,3.25,2.05,,,,4.08,3.33,2.07,3.5,3.4,2.0,3.9,3.25,2.0,4.1,3.46,2.15,3.81,3.31,2.07,2.25,1.62,2.33,1.67,2.36,1.67,2.28,1.64,0.5,1.85,2.08,1.85,2.08,1.85,2.11,1.81,2.07,Unknown,2,1,3,,,,,,,,,,,,,,,,,,,,,,,,,,,,,,,,,,,,,,,,,,,,,,,,,,,,,,,,,,,,,,,,,,,,,,,le havre,rennes
F1,11/02/2024,14:00,Clermont,Brest,1,1,D,0,0,D,7,15,2,9,12,13,2,4,2,4,1,1,3.8,3.3,2.05,3.5,3.4,2.1,,,,3.81,3.39,2.1,3.5,3.4,2.0,3.7,3.13,2.0,3.93,3.56,2.11,3.71,3.37,2.07,2.15,1.67,2.21,1.72,2.24,1.76,2.16,1.7,0.25,2.05,1.75,2.11,1.8,2.14,1.83,2.07,1.76,3.75,3.3,2.05,3.7,3.3,2.05,,,,3.79,3.37,2.14,3.5,3.4,2.0,3.75,3.25,2.05,4.15,3.52,2.2,3.73,3.36,2.09,2.1,1.7,2.22,1.72,2.25,1.74,2.17,1.7,0.5,1.75,2.05,1.79,2.14,1.83,2.17,1.79,2.09,Unknown,4,6,10,,,,,,,,,,,,,,,,,,,,,,,,,,,,,,,,,,,,,,,,,,,,,,,,,,,,,,,,,,,,,,,,,,,,,,,clermont,brest
F1,11/02/2024,14:00,Lorient,Reims,2,0,H,0,0,D,17,23,5,6,9,14,1,7,1,1,0,0,3.75,3.5,2.05,3.5,3.5,2.05,,,,3.73,3.57,2.06,3.4,3.6,2.0,3.5,3.3,2.0,3.75,3.73,2.1,3.61,3.53,2.04,1.99,1.91,1.97,1.92,2.0,1.95,1.94,1.88,0.5,1.84,2.09,1.85,2.07,1.85,2.09,1.82,2.05,4.2,3.75,1.83,4.0,3.5,1.9,,,,4.18,3.73,1.92,4.0,3.6,1.83,4.1,3.6,1.87,4.41,3.82,2.0,4.07,3.65,1.89,1.89,2.01,1.91,2.0,2.06,2.02,1.9,1.92,0.5,2.0,1.93,2.0,1.93,2.02,1.94,1.95,1.9,Unknown,1,1,2,,,,,,,,,,,,,,,,,,,,,,,,,,,,,,,,,,,,,,,,,,,,,,,,,,,,,,,,,,,,,,,,,,,,,,,lorient,reims
F1,11/02/2024,14:00,Toulouse,Nantes,1,2,A,0,1,A,16,5,3,2,10,13,12,0,2,1,0,0,2.15,3.3,3.4,2.25,3.4,3.1,,,,2.2,3.44,3.47,2.15,3.4,3.2,2.1,3.2,3.3,2.26,3.52,3.5,2.2,3.39,3.32,2.05,1.75,2.1,1.79,2.15,1.82,2.07,1.76,-0.25,1.9,2.03,1.9,2.01,1.94,2.03,1.88,1.95,2.05,3.4,3.6,2.1,3.4,3.5,,,,2.11,3.47,3.77,2.0,3.4,3.5,2.05,3.4,3.6,2.21,3.5,3.81,2.1,3.43,3.61,2.05,1.85,2.04,1.87,2.13,1.88,2.03,1.82,-0.25,1.75,2.05,1.81,2.12,1.84,2.16,1.79,2.06,Unknown,2,1,3,,,,,,,,,,,,,,,,,,,,,,,,,,,,,,,,,,,,,,,,,,,,,,,,,,,,,,,,,,,,,,,,,,,,,,,toulouse,nantes
F1,11/02/2024,16:05,Montpellier,Lyon,1,2,A,1,0,H,15,19,8,5,11,11,1,5,1,2,0,0,3.1,3.4,2.38,2.9,3.3,2.4,,,,3.1,3.41,2.4,2.9,3.4,2.3,3.0,3.2,2.25,3.19,3.48,2.42,3.05,3.35,2.36,2.06,1.84,2.03,1.87,2.08,1.91,2.01,1.82,0.25,1.86,2.07,1.85,2.07,1.87,2.07,1.82,2.01,2.63,3.3,2.63,2.7,3.3,2.6,,,,2.8,3.35,2.69,2.62,3.4,2.5,2.8,3.25,2.55,2.97,3.4,2.69,2.77,3.32,2.57,2.02,1.88,2.02,1.89,2.06,1.91,1.99,1.83,0.0,2.0,1.93,2.0,1.93,2.12,1.94,2.02,1.86,Unknown,1,2,3,,,,,,,,,,,,,,,,,,,,,,,,,,,,,,,,,,,,,,,,,,,,,,,,,,,,,,,,,,,,,,,,,,,,,,,montpellier,lyon
F1,11/02/2024,19:45,Nice,Monaco,2,3,A,1,1,D,15,9,5,5,17,14,8,2,5,4,1,0,2.3,3.4,3.1,2.25,3.4,3.1,,,,2.38,3.39,3.14,2.2,3.5,3.0,2.25,3.2,3.0,2.42,3.52,3.19,2.33,3.36,3.09,2.06,1.84,2.04,1.85,2.11,1.87,2.01,1.82,-0.25,2.04,1.89,2.05,1.86,2.05,1.9,2.0,1.84,2.38,3.25,3.1,2.35,3.2,3.1,,,,2.43,3.19,3.31,2.3,3.25,3.0,2.38,3.13,3.2,2.46,3.37,3.39,2.36,3.25,3.19,2.2,1.65,2.34,1.66,2.34,1.79,2.19,1.69,-0.25,2.06,1.87,2.07,1.87,2.08,1.89,2.01,1.85,Unknown,7,4,11,,,,,,,,,,,,,,,,,,,,,,,,,,,,,,,,,,,,,,,,,,,,,,,,,,,,,,,,,,,,,,,,,,,,,,,nice,monaco
F1,16/02/2024,20:00,Lyon,Nice,1,0,H,1,0,H,9,20,1,6,8,12,4,9,0,1,0,0,2.63,3.2,2.8,2.6,3.1,2.85,,,,2.71,3.16,2.93,2.6,3.1,2.7,2.6,3.13,2.8,2.75,3.25,2.98,2.66,3.16,2.85,2.2,1.65,2.33,1.67,2.33,1.72,2.24,1.67,0.0,1.87,2.03,1.88,2.04,1.95,2.05,1.87,2.01,2.7,3.2,2.7,2.65,3.1,2.75,,,,2.8,3.28,2.73,2.6,3.1,2.7,2.75,3.13,2.63,2.83,3.31,2.79,2.74,3.19,2.72,2.15,1.67,2.25,1.71,2.33,1.72,2.22,1.68,0.0,1.98,1.92,1.99,1.93,1.99,1.96,1.95,1.92,Unknown,0,1,1,,,,,,,,,,,,,,,,,,,,,,,,,,,,,,,,,,,,,,,,,,,,,,,,,,,,,,,,,,,,,,,,,,,,,,,lyon,nice
F1,17/02/2024,16:00,Lille,Le Havre,3,0,H,2,0,H,17,6,8,2,11,17,1,3,2,3,0,0,1.53,4.33,6.5,1.52,4.1,6.75,,,,1.52,4.18,7.01,1.5,4.0,6.5,1.5,4.0,7.0,1.57,4.33,7.01,1.52,4.15,6.76,2.05,1.75,2.11,1.78,2.16,1.83,2.08,1.76,-1.0,1.93,1.97,1.93,1.98,1.95,1.99,1.91,1.94,1.5,4.33,7.0,1.47,4.2,7.25,,,,1.51,4.27,7.43,1.4,4.2,8.0,1.45,4.1,8.0,1.51,4.5,8.0,1.48,4.2,7.32,2.08,1.73,2.14,1.77,2.18,1.8,2.08,1.76,-1.0,1.89,2.01,1.89,2.03,1.94,2.11,1.85,2.01,Unknown,2,3,5,,,,,,,,,,,,,,,,,,,,,,,,,,,,,,,,,,,,,,,,,,,,,,,,,,,,,,,,,,,,,,,,,,,,,,,lille,le havre
F1,17/02/2024,20:00,Nantes,Paris SG,0,2,A,0,0,D,12,12,7,2,10,12,3,8,1,0,0,0,6.0,4.5,1.5,5.75,4.4,1.52,,,,6.4,4.77,1.49,6.0,4.5,1.44,6.5,4.6,1.45,6.6,4.82,1.53,6.2,4.66,1.49,1.57,2.35,1.59,2.46,1.64,2.48,1.59,2.38,1.25,1.83,2.07,1.85,2.06,1.87,2.11,1.81,2.04,7.0,4.33,1.45,6.75,4.33,1.47,,,,7.89,4.55,1.46,6.5,4.5,1.44,6.0,4.6,1.45,7.89,5.18,1.51,6.93,4.49,1.47,1.86,2.04,1.86,2.05,1.9,2.6,1.76,2.09,1.25,1.83,2.07,1.86,2.07,2.01,2.12,1.82,2.05,Unknown,1,0,1,,,,,,,,,,,,,,,,,,,,,,,,,,,,,,,,,,,,,,,,,,,,,,,,,,,,,,,,,,,,,,,,,,,,,,,nantes,paris sg
F1,18/02/2024,12:00,Strasbourg,Lorient,1,3,A,0,2,A,18,13,4,6,13,12,9,4,3,1,1,0,1.7,3.8,5.0,1.68,3.9,4.8,,,,1.72,3.85,5.13,1.65,3.9,4.6,1.65,3.5,5.0,1.76,3.97,5.2,1.7,3.85,4.93,1.99,1.91,1.99,1.9,2.0,1.95,1.94,1.89,-0.75,1.92,1.98,1.93,1.97,1.95,1.99,1.89,1.94,1.7,3.75,5.0,1.68,3.75,5.0,,,,1.73,3.75,5.3,1.65,3.8,4.8,1.67,3.7,5.25,1.75,3.95,5.5,1.71,3.76,5.13,2.05,1.75,2.1,1.8,2.24,1.93,2.04,1.8,-0.75,1.98,1.95,1.95,1.97,2.0,2.0,1.91,1.94,Unknown,5,1,6,,,,,,,,,,,,,,,,,,,,,,,,,,,,,,,,,,,,,,,,,,,,,,,,,,,,,,,,,,,,,,,,,,,,,,,strasbourg,lorient
F1,18/02/2024,14:00,Monaco,Toulouse,1,2,A,0,1,A,22,14,5,7,18,12,4,6,1,3,0,0,1.5,4.33,6.5,1.52,4.5,5.75,,,,1.52,4.67,6.01,1.44,4.6,5.8,1.45,4.2,6.0,1.57,4.8,6.5,1.51,4.55,5.93,1.6,2.3,1.62,2.39,1.64,2.46,1.59,2.37,-1.0,1.86,2.04,1.85,2.06,1.89,2.06,1.83,2.02,1.6,4.0,5.75,1.58,4.2,5.5,,,,1.61,4.26,5.74,1.5,4.4,5.5,1.55,4.1,5.75,1.65,4.53,6.1,1.58,4.24,5.64,1.75,2.05,1.81,2.09,1.83,2.24,1.76,2.1,-1.0,2.05,1.88,2.05,1.88,2.12,2.0,1.99,1.88,Unknown,1,3,4,,,,,,,,,,,,,,,,,,,,,,,,,,,,,,,,,,,,,,,,,,,,,,,,,,,,,,,,,,,,,,,,,,,,,,,monaco,toulouse
F1,18/02/2024,14:00,Montpellier,Metz,3,0,H,1,0,H,21,14,7,4,17,13,7,4,3,3,0,0,1.75,3.7,4.75,1.8,3.5,4.6,,,,1.78,3.67,4.98,1.75,3.6,4.4,1.73,3.3,4.8,1.84,3.76,5.0,1.78,3.6,4.76,2.15,1.67,2.21,1.72,2.28,1.76,2.17,1.7,-0.75,2.04,1.86,2.03,1.88,2.06,1.89,2.0,1.84,1.62,4.0,5.25,1.63,3.75,5.5,,,,1.67,3.89,5.72,1.6,3.7,5.5,1.62,3.7,5.75,1.72,4.06,5.95,1.66,3.83,5.53,2.08,1.82,2.13,1.79,2.19,1.85,2.1,1.76,-0.75,1.84,2.09,1.87,2.06,1.91,2.12,1.84,2.02,Unknown,3,3,6,,,,,,,,,,,,,,,,,,,,,,,,,,,,,,,,,,,,,,,,,,,,,,,,,,,,,,,,,,,,,,,,,,,,,,,montpellier,metz
F1,18/02/2024,14:00,Rennes,Clermont,3,1,H,1,0,H,16,14,8,5,9,10,4,4,1,0,0,1,1.53,4.2,6.5,1.5,4.33,6.25,,,,1.52,4.41,6.44,1.44,4.4,6.5,1.45,4.1,6.5,1.54,4.61,6.75,1.5,4.41,6.41,1.75,2.05,1.81,2.07,1.83,2.14,1.78,2.05,-1.0,1.88,2.02,1.88,2.03,1.89,2.03,1.84,2.01,1.57,4.0,6.0,1.6,4.0,5.75,,,,1.58,4.21,6.25,1.5,4.2,5.8,1.57,3.9,6.0,1.64,4.21,6.25,1.59,4.05,5.89,1.95,1.95,1.93,1.97,1.99,2.02,1.91,1.92,-1.0,2.04,1.89,2.01,1.92,2.09,1.96,2.02,1.85,Unknown,1,2,3,,,,,,,,,,,,,,,,,,,,,,,,,,,,,,,,,,,,,,,,,,,,,,,,,,,,,,,,,,,,,,,,,,,,,,,rennes,clermont
F1,18/02/2024,16:05,Reims,Lens,1,1,D,1,1,D,11,9,2,1,15,9,3,2,2,2,0,0,2.8,3.2,2.63,2.65,3.4,2.6,,,,2.75,3.3,2.73,2.62,3.4,2.5,2.63,3.13,2.55,2.84,3.46,2.76,2.72,3.33,2.63,2.06,1.84,2.02,1.87,2.07,1.88,2.0,1.83,0.0,1.99,1.91,1.96,1.94,2.02,1.95,1.97,1.9,2.2,3.25,3.5,2.15,3.25,3.4,,,,2.23,3.33,3.59,2.15,3.3,3.25,2.15,3.3,3.4,2.48,3.46,3.61,2.22,3.31,3.42,2.08,1.82,2.08,1.84,2.08,1.89,2.02,1.82,-0.25,1.91,2.02,1.91,1.99,2.02,2.02,1.9,1.95,Unknown,2,2,4,,,,,,,,,,,,,,,,,,,,,,,,,,,,,,,,,,,,,,,,,,,,,,,,,,,,,,,,,,,,,,,,,,,,,,,reims,lens
F1,18/02/2024,19:45,Brest,Marseille,1,0,H,0,0,D,15,9,5,2,14,9,6,4,3,1,1,0,2.55,3.0,3.1,2.5,3.25,2.8,,,,2.58,3.23,2.97,2.45,3.25,2.8,2.4,3.1,2.88,2.63,3.29,3.1,2.53,3.2,2.95,2.15,1.67,2.16,1.75,2.19,1.79,2.12,1.73,0.0,1.7,2.1,1.83,2.1,1.85,2.12,1.79,2.09,2.45,3.1,3.1,2.45,3.2,2.95,,,,2.49,3.28,3.11,2.45,3.2,2.8,2.38,3.25,3.0,2.61,3.33,3.17,2.46,3.22,3.02,2.05,1.85,2.05,1.86,2.15,1.92,2.02,1.82,-0.25,2.13,1.81,2.14,1.81,2.15,1.85,2.09,1.78,Unknown,5,1,6,,,,,,,,,,,,,,,,,,,,,,,,,,,,,,,,,,,,,,,,,,,,,,,,,,,,,,,,,,,,,,,,,,,,,,,brest,marseille
F1,23/02/2024,20:00,Metz,Lyon,1,2,A,1,1,D,15,11,4,5,13,12,4,3,1,2,0,0,4.0,3.4,1.91,4.0,3.3,1.95,,,,4.31,3.44,1.98,4.0,3.4,1.91,4.2,3.3,1.93,4.33,3.56,2.03,4.14,3.4,1.96,2.2,1.65,2.27,1.7,2.33,1.73,2.22,1.68,0.5,1.93,1.97,1.93,1.99,1.96,2.0,1.9,1.97,3.8,3.5,1.91,4.0,3.4,1.95,,,,4.3,3.46,1.97,4.2,3.4,1.85,4.1,3.4,1.93,4.41,3.64,2.04,4.08,3.45,1.95,2.07,1.83,2.1,1.81,2.15,1.85,2.05,1.79,0.5,1.88,2.02,1.94,1.98,1.94,2.05,1.89,1.97,Unknown,1,2,3,,,,,,,,,,,,,,,,,,,,,,,,,,,,,,,,,,,,,,,,,,,,,,,,,,,,,,,,,,,,,,,,,,,,,,,metz,lyon
F1,24/02/2024,16:00,Lorient,Nantes,0,1,A,0,0,D,6,7,1,6,11,11,3,8,0,2,0,0,2.6,3.2,2.8,2.5,3.3,2.8,,,,2.61,3.19,2.97,2.45,3.2,2.8,2.55,3.13,2.88,2.65,3.42,3.0,2.57,3.23,2.88,2.15,1.67,2.22,1.71,2.24,1.76,2.17,1.71,0.0,1.82,2.08,1.83,2.09,1.87,2.09,1.83,2.05,3.0,3.1,2.55,2.9,3.1,2.55,,,,3.1,3.07,2.64,2.8,3.1,2.5,2.8,3.1,2.63,3.1,3.25,2.88,2.88,3.11,2.65,2.4,1.53,2.49,1.6,2.51,1.68,2.34,1.61,0.0,2.13,1.78,2.13,1.81,2.14,1.91,2.04,1.84,Unknown,0,2,2,,,,,,,,,,,,,,,,,,,,,,,,,,,,,,,,,,,,,,,,,,,,,,,,,,,,,,,,,,,,,,,,,,,,,,,lorient,nantes
F1,24/02/2024,20:00,Strasbourg,Brest,0,3,A,0,2,A,6,15,2,8,21,10,0,4,3,0,0,0,3.1,3.1,2.45,2.9,3.2,2.5,,,,3.01,3.21,2.57,2.9,3.2,2.38,3.0,3.13,2.45,3.1,3.4,2.58,3.0,3.2,2.5,2.2,1.65,2.26,1.69,2.29,1.74,2.21,1.68,0.0,2.1,1.7,2.12,1.81,2.15,1.82,2.11,1.77,2.7,3.1,2.75,2.7,3.1,2.7,,,,2.72,3.23,2.85,2.62,3.1,2.7,2.63,3.2,2.75,2.85,3.29,2.9,2.69,3.19,2.78,2.2,1.65,2.23,1.72,2.28,1.74,2.19,1.69,0.0,1.89,2.01,1.92,2.01,1.95,2.04,1.9,1.97,Unknown,3,0,3,,,,,,,,,,,,,,,,,,,,,,,,,,,,,,,,,,,,,,,,,,,,,,,,,,,,,,,,,,,,,,,,,,,,,,,strasbourg,brest
F1,25/02/2024,12:00,Lens,Monaco,2,3,A,1,2,A,20,15,10,9,10,13,9,3,6,3,0,0,2.38,3.5,2.9,2.35,3.6,2.8,,,,2.48,3.55,2.87,2.25,3.6,2.8,2.3,3.3,2.8,2.49,3.75,2.98,2.38,3.56,2.88,1.75,2.05,1.81,2.08,1.81,2.16,1.76,2.08,-0.25,2.1,1.8,2.15,1.78,2.16,1.87,2.06,1.79,2.2,3.6,3.1,2.25,3.5,3.0,,,,2.28,3.56,3.23,2.25,3.5,2.88,2.38,3.4,2.88,2.4,3.6,3.23,2.31,3.53,3.02,1.75,2.05,1.79,2.13,1.81,2.17,1.76,2.09,-0.25,1.95,1.98,1.98,1.94,2.06,1.98,2.0,1.86,Unknown,6,3,9,,,,,,,,,,,,,,,,,,,,,,,,,,,,,,,,,,,,,,,,,,,,,,,,,,,,,,,,,,,,,,,,,,,,,,,lens,monaco
F1,25/02/2024,14:00,Le Havre,Reims,1,2,A,0,0,D,18,16,4,5,11,13,5,5,3,3,0,1,3.1,3.25,2.38,3.0,3.3,2.35,,,,3.02,3.3,2.51,3.0,3.4,2.25,2.9,3.1,2.38,3.1,3.45,2.51,3.02,3.31,2.41,2.15,1.67,2.22,1.71,2.24,1.76,2.16,1.71,0.25,1.8,2.1,1.79,2.15,1.81,2.15,1.79,2.05,3.25,3.4,2.25,3.3,3.3,2.2,,,,3.4,3.35,2.3,3.2,3.1,2.3,3.1,3.13,2.38,3.58,3.47,2.38,3.36,3.33,2.23,2.06,1.84,2.07,1.85,2.15,1.87,2.06,1.78,0.25,1.99,1.94,1.94,1.97,2.0,1.98,1.94,1.91,Unknown,3,5,8,,,,,,,,,,,,,,,,,,,,,,,,,,,,,,,,,,,,,,,,,,,,,,,,,,,,,,,,,,,,,,,,,,,,,,,le havre,reims
F1,25/02/2024,14:00,Nice,Clermont,0,0,D,0,0,D,23,13,4,5,8,12,8,1,2,1,0,0,1.44,4.33,7.5,1.47,4.2,7.25,,,,1.47,4.31,7.88,1.44,4.2,7.0,1.44,3.9,7.5,1.52,4.4,8.0,1.47,4.22,7.5,2.08,1.73,2.09,1.79,2.14,1.84,2.09,1.76,-1.0,1.83,2.07,1.83,2.1,1.85,2.1,1.81,2.05,1.45,4.5,6.5,1.46,4.4,7.0,,,,1.47,4.54,7.72,1.36,4.5,8.5,1.4,4.33,8.5,1.48,4.87,9.0,1.43,4.55,7.83,1.9,2.0,1.92,1.99,2.0,2.04,1.88,1.95,-1.25,2.1,1.83,2.08,1.85,2.14,1.91,2.0,1.85,Unknown,2,1,3,,,,,,,,,,,,,,,,,,,,,,,,,,,,,,,,,,,,,,,,,,,,,,,,,,,,,,,,,,,,,,,,,,,,,,,nice,clermont
F1,25/02/2024,14:00,Toulouse,Lille,3,1,H,0,1,A,14,12,4,2,20,10,6,8,2,0,0,0,4.2,3.4,1.91,4.0,3.6,1.88,,,,4.07,3.62,1.95,3.9,3.7,1.83,4.0,3.3,1.87,4.21,3.77,1.97,4.03,3.6,1.92,2.03,1.87,2.0,1.89,2.06,1.93,1.97,1.86,0.5,1.95,1.95,1.94,1.96,1.99,1.96,1.93,1.92,3.75,3.4,2.1,3.7,3.4,2.0,,,,3.84,3.43,2.1,3.7,3.5,1.91,4.2,3.5,1.87,4.2,3.55,2.13,3.85,3.47,2.02,2.04,1.86,2.05,1.86,2.13,1.91,1.99,1.84,0.5,1.75,2.05,1.83,2.11,1.93,2.14,1.85,2.03,Unknown,2,0,2,,,,,,,,,,,,,,,,,,,,,,,,,,,,,,,,,,,,,,,,,,,,,,,,,,,,,,,,,,,,,,,,,,,,,,,toulouse,lille
F1,25/02/2024,16:05,Paris SG,Rennes,1,1,D,0,1,A,15,3,3,1,13,16,4,0,5,3,0,0,1.45,4.75,7.0,1.47,4.6,6.25,,,,1.47,4.65,6.94,1.4,4.75,6.5,1.4,4.4,6.5,1.5,4.92,7.1,1.46,4.69,6.73,1.6,2.3,1.63,2.36,1.65,2.44,1.6,2.35,-1.25,2.02,1.88,2.03,1.88,2.04,1.92,1.98,1.85,1.33,5.5,8.5,1.33,5.5,8.5,,,,1.34,5.71,9.15,1.29,5.5,8.5,1.29,5.75,9.0,1.37,5.9,9.15,1.33,5.54,8.64,1.4,2.88,1.43,2.98,1.48,3.0,1.42,2.88,-1.5,1.89,2.04,1.89,2.03,1.95,2.06,1.88,1.98,Unknown,5,3,8,,,,,,,,,,,,,,,,,,,,,,,,,,,,,,,,,,,,,,,,,,,,,,,,,,,,,,,,,,,,,,,,,,,,,,,paris sg,rennes
F1,25/02/2024,19:45,Marseille,Montpellier,4,1,H,2,1,H,16,9,6,4,8,12,7,4,2,4,0,0,1.7,4.0,4.75,1.71,3.9,4.6,,,,1.73,3.96,4.85,1.6,4.0,5.0,1.65,3.7,4.75,1.75,4.1,5.02,1.71,3.94,4.74,1.84,2.06,1.82,2.05,1.87,2.08,1.8,2.02,-0.75,1.95,1.95,1.94,1.96,1.98,2.01,1.9,1.93,1.7,4.0,4.75,1.7,3.9,4.6,,,,1.7,4.03,5.14,1.62,4.0,4.75,1.65,3.9,5.0,1.74,4.12,5.14,1.68,4.0,4.87,1.7,2.1,1.75,2.17,1.8,2.2,1.74,2.11,-0.75,1.89,2.04,1.9,2.03,1.92,2.04,1.87,1.98,Unknown,2,4,6,,,,,,,,,,,,,,,,,,,,,,,,,,,,,,,,,,,,,,,,,,,,,,,,,,,,,,,,,,,,,,,,,,,,,,,marseille,montpellier
F1,01/03/2024,20:00,Monaco,Paris SG,0,0,D,0,0,D,14,14,6,7,10,13,5,6,0,0,0,0,3.4,3.8,2.0,3.3,3.8,2.0,,,,3.51,3.93,2.05,3.3,3.9,2.0,3.4,3.8,2.0,3.6,4.0,2.1,3.41,3.88,2.03,1.53,2.4,1.55,2.6,1.56,2.62,1.52,2.53,0.5,1.84,2.06,1.88,2.06,1.88,2.09,1.84,2.03,3.4,4.0,1.95,3.2,3.9,2.0,,,,3.49,4.12,2.0,3.2,3.9,2.05,3.4,4.0,1.95,3.49,4.2,2.16,3.33,4.0,2.02,1.4,2.88,1.43,3.05,1.5,3.1,1.42,2.9,0.5,1.89,2.01,1.92,2.01,1.92,2.13,1.85,2.03,Unknown,0,0,0,,,,,,,,,,,,,,,,,,,,,,,,,,,,,,,,,,,,,,,,,,,,,,,,,,,,,,,,,,,,,,,,,,,,,,,monaco,paris sg
F1,02/03/2024,16:00,Reims,Lille,0,1,A,0,0,D,8,8,3,3,12,14,4,4,3,2,0,0,2.7,3.3,2.63,2.7,3.4,2.5,,,,2.78,3.33,2.69,2.7,3.4,2.5,2.7,3.3,2.6,2.86,3.45,2.72,2.73,3.36,2.62,1.99,1.91,1.96,1.93,1.99,1.98,1.9,1.88,0.0,1.99,1.91,1.98,1.92,2.03,1.93,1.97,1.89,2.9,3.4,2.4,2.75,3.4,2.5,,,,2.93,3.42,2.54,2.75,3.3,2.5,2.88,3.3,2.45,3.06,3.5,2.66,2.84,3.4,2.48,1.88,2.02,1.89,2.01,1.94,2.05,1.86,1.95,0.0,2.08,1.73,2.11,1.83,2.18,1.84,2.07,1.79,Unknown,3,2,5,,,,,,,,,,,,,,,,,,,,,,,,,,,,,,,,,,,,,,,,,,,,,,,,,,,,,,,,,,,,,,,,,,,,,,,reims,lille
F1,02/03/2024,20:00,Clermont,Marseille,1,5,A,0,1,A,7,17,2,11,9,13,7,4,2,1,0,0,4.2,3.6,1.85,4.1,3.6,1.87,,,,4.2,3.65,1.91,4.0,3.75,1.83,4.2,3.5,1.85,4.3,3.86,1.95,4.12,3.66,1.88,1.91,1.99,1.9,1.99,1.95,2.0,1.88,1.94,0.5,2.0,1.9,1.99,1.92,2.04,1.92,1.98,1.88,5.25,4.2,1.62,5.0,4.1,1.63,,,,5.51,4.16,1.64,5.0,4.2,1.6,5.25,4.1,1.6,5.51,4.3,1.67,5.17,4.12,1.63,1.65,2.2,1.68,2.29,1.8,2.31,1.66,2.22,1.0,1.84,2.06,1.83,2.1,1.88,2.18,1.82,2.04,Unknown,2,1,3,,,,,,,,,,,,,,,,,,,,,,,,,,,,,,,,,,,,,,,,,,,,,,,,,,,,,,,,,,,,,,,,,,,,,,,clermont,marseille
F1,03/03/2024,12:00,Toulouse,Nice,2,1,H,0,1,A,17,9,6,6,16,10,7,6,2,2,0,0,3.4,3.2,2.25,3.3,3.2,2.25,,,,3.41,3.19,2.34,3.4,3.25,2.2,3.2,3.0,2.25,3.5,3.33,2.37,3.36,3.19,2.29,2.3,1.6,2.37,1.64,2.41,1.69,2.31,1.63,0.25,1.91,1.99,1.91,2.0,1.91,2.0,1.89,1.94,3.4,3.25,2.25,3.25,3.1,2.3,,,,3.59,3.25,2.33,3.4,3.25,2.2,3.3,3.13,2.3,3.59,3.26,2.35,3.37,3.2,2.3,2.25,1.62,2.32,1.67,2.36,1.72,2.27,1.64,0.25,2.02,1.91,1.93,1.99,2.02,2.02,1.91,1.95,Unknown,2,2,4,,,,,,,,,,,,,,,,,,,,,,,,,,,,,,,,,,,,,,,,,,,,,,,,,,,,,,,,,,,,,,,,,,,,,,,toulouse,nice
F1,03/03/2024,14:00,Brest,Le Havre,1,0,H,1,0,H,8,11,4,2,21,15,0,2,4,1,0,0,1.6,4.0,5.75,1.61,3.9,5.75,,,,1.61,3.91,6.28,1.6,3.8,5.8,1.53,3.7,6.0,1.66,4.06,6.5,1.6,3.9,5.92,2.05,1.75,2.09,1.79,2.12,1.85,2.03,1.8,-1.0,2.1,1.8,2.11,1.81,2.13,1.83,2.07,1.79,1.57,3.75,6.5,1.6,3.7,6.25,,,,1.62,3.78,6.68,1.6,3.75,5.8,1.57,3.7,6.5,1.66,3.95,6.91,1.61,3.75,6.38,2.25,1.62,2.33,1.66,2.34,1.75,2.26,1.65,-1.0,2.08,1.73,2.13,1.79,2.14,1.83,2.1,1.78,Unknown,4,1,5,,,,,,,,,,,,,,,,,,,,,,,,,,,,,,,,,,,,,,,,,,,,,,,,,,,,,,,,,,,,,,,,,,,,,,,brest,le havre
F1,03/03/2024,14:00,Montpellier,Strasbourg,2,2,D,0,0,D,21,12,7,4,12,17,8,4,1,3,0,0,2.0,3.5,3.75,2.05,3.4,3.5,,,,2.04,3.53,3.82,2.0,3.5,3.6,1.95,3.3,3.6,2.09,3.62,4.0,2.03,3.5,3.66,2.0,1.9,1.98,1.9,2.01,1.94,1.96,1.86,-0.5,2.04,1.86,2.05,1.86,2.06,1.87,2.04,1.83,2.0,3.6,3.75,1.95,3.6,3.7,,,,2.04,3.67,3.77,2.05,3.5,3.5,1.95,3.6,3.7,2.08,3.75,3.87,2.02,3.6,3.67,1.73,2.08,1.8,2.11,1.9,2.17,1.79,2.06,-0.5,2.01,1.92,2.05,1.88,2.09,1.93,2.02,1.86,Unknown,1,3,4,,,,,,,,,,,,,,,,,,,,,,,,,,,,,,,,,,,,,,,,,,,,,,,,,,,,,,,,,,,,,,,,,,,,,,,montpellier,strasbourg
F1,03/03/2024,14:00,Nantes,Metz,0,2,A,0,0,D,9,13,2,4,7,11,10,3,3,2,0,0,1.8,3.5,4.75,1.8,3.4,4.75,,,,1.78,3.58,5.15,1.8,3.5,4.6,1.73,3.3,4.8,1.84,3.64,5.2,1.8,3.48,4.83,2.25,1.62,2.37,1.63,2.41,1.68,2.32,1.62,-0.75,2.07,1.83,2.05,1.87,2.09,1.87,2.04,1.8,1.85,3.4,4.75,1.88,3.2,4.6,,,,1.88,3.37,4.89,1.83,3.3,4.8,1.85,3.25,4.8,1.93,3.45,5.1,1.87,3.32,4.79,2.5,1.5,2.57,1.56,2.62,1.58,2.47,1.55,-0.5,1.91,2.02,1.9,2.02,1.93,2.04,1.87,2.0,Unknown,3,2,5,,,,,,,,,,,,,,,,,,,,,,,,,,,,,,,,,,,,,,,,,,,,,,,,,,,,,,,,,,,,,,,,,,,,,,,nantes,metz
F1,03/03/2024,16:05,Rennes,Lorient,1,2,A,0,0,D,22,12,6,6,12,9,6,3,1,2,0,0,1.4,4.75,8.0,1.43,4.75,7.25,,,,1.45,4.59,7.78,1.4,4.75,7.5,1.36,4.33,7.5,1.49,4.76,8.0,1.43,4.6,7.47,1.75,2.05,1.83,2.05,1.85,2.14,1.78,2.05,-1.25,2.0,1.9,2.0,1.91,2.02,1.92,1.96,1.87,1.5,4.33,6.5,1.49,4.33,6.5,,,,1.5,4.5,7.1,1.4,4.6,8.0,1.45,4.33,7.0,1.52,4.7,8.0,1.48,4.39,6.8,1.8,2.0,1.85,2.07,1.9,2.09,1.81,2.01,-1.0,1.84,2.09,1.83,2.12,1.88,2.14,1.82,2.05,Unknown,1,2,3,,,,,,,,,,,,,,,,,,,,,,,,,,,,,,,,,,,,,,,,,,,,,,,,,,,,,,,,,,,,,,,,,,,,,,,rennes,lorient
F1,03/03/2024,19:45,Lyon,Lens,0,3,A,0,1,A,13,18,4,8,5,15,2,4,0,2,1,0,2.55,3.4,2.75,2.45,3.4,2.8,,,,2.63,3.33,2.85,2.5,3.3,2.8,2.45,3.2,2.7,2.67,3.45,2.89,2.55,3.33,2.8,1.99,1.91,1.96,1.93,2.02,1.95,1.94,1.88,0.0,1.85,2.05,1.88,2.04,1.9,2.06,1.85,2.02,2.55,3.3,2.8,2.5,3.3,2.85,,,,2.66,3.32,2.85,2.5,3.25,2.8,2.55,3.3,2.75,2.7,3.4,2.94,2.59,3.29,2.81,2.0,1.9,1.98,1.93,2.05,1.97,1.95,1.88,0.0,1.88,2.05,1.89,2.03,1.93,2.09,1.87,2.01,Unknown,2,2,4,,,,,,,,,,,,,,,,,,,,,,,,,,,,,,,,,,,,,,,,,,,,,,,,,,,,,,,,,,,,,,,,,,,,,,,lyon,lens
F1,08/03/2024,20:00,Nice,Montpellier,1,2,A,1,2,A,19,7,5,2,13,11,8,5,1,2,0,0,1.75,3.6,4.5,1.77,3.7,4.5,,,,1.8,3.92,4.57,1.73,3.8,4.6,1.75,3.7,4.6,1.83,3.98,4.84,1.78,3.79,4.56,1.92,1.98,1.92,1.99,1.97,2.0,1.88,1.95,-0.75,2.03,1.9,2.04,1.88,2.05,1.91,2.0,1.84,1.75,3.75,4.5,1.78,3.75,4.4,,,,1.81,3.92,4.51,1.75,3.9,4.33,1.75,3.7,4.6,1.81,3.98,4.8,1.77,3.79,4.52,1.84,2.06,1.88,2.02,1.93,2.08,1.82,1.99,-0.75,2.03,1.9,2.05,1.88,2.05,1.93,1.99,1.84,Unknown,1,2,3,,,,,,,,,,,,,,,,,,,,,,,,,,,,,,,,,,,,,,,,,,,,,,,,,,,,,,,,,,,,,,,,,,,,,,,nice,montpellier
F1,09/03/2024,16:00,Lorient,Lyon,0,2,A,0,0,D,9,13,0,6,10,7,4,7,0,0,0,0,3.3,3.4,2.2,3.25,3.4,2.15,,,,3.33,3.44,2.26,3.2,3.5,2.15,3.3,3.3,2.2,3.4,3.59,2.29,3.29,3.46,2.22,2.0,1.9,1.97,1.92,2.01,1.94,1.94,1.88,0.25,2.01,1.92,1.95,1.95,2.02,1.95,1.94,1.88,3.5,3.4,2.15,3.5,3.4,2.1,,,,3.54,3.45,2.19,3.4,3.4,2.1,3.5,3.4,2.1,3.66,3.5,2.21,3.48,3.43,2.15,2.01,1.89,1.98,1.93,2.02,1.93,1.97,1.86,0.25,2.05,1.88,2.04,1.89,2.06,1.92,2.01,1.84,Unknown,0,0,0,,,,,,,,,,,,,,,,,,,,,,,,,,,,,,,,,,,,,,,,,,,,,,,,,,,,,,,,,,,,,,,,,,,,,,,lorient,lyon
F1,09/03/2024,20:00,Lens,Brest,1,0,H,1,0,H,6,9,2,3,13,10,2,4,1,2,0,0,2.05,3.3,3.8,2.05,3.4,3.6,,,,2.05,3.4,3.94,2.05,3.4,3.6,2.05,3.25,3.8,2.13,3.5,3.95,2.08,3.36,3.76,2.15,1.67,2.22,1.71,2.24,1.76,2.17,1.7,-0.25,1.73,2.08,1.76,2.16,1.83,2.17,1.77,2.09,2.15,3.2,3.75,2.2,3.1,3.5,,,,2.24,3.21,3.74,2.15,3.2,3.5,2.15,3.13,3.6,2.25,3.3,3.92,2.18,3.2,3.65,2.3,1.6,2.35,1.66,2.38,1.68,2.29,1.63,-0.25,1.89,2.04,1.91,2.02,1.92,2.06,1.83,2.0,Unknown,1,2,3,,,,,,,,,,,,,,,,,,,,,,,,,,,,,,,,,,,,,,,,,,,,,,,,,,,,,,,,,,,,,,,,,,,,,,,lens,brest
F1,10/03/2024,12:00,Paris SG,Reims,2,2,D,2,2,D,19,8,6,3,10,12,7,2,2,2,0,0,1.4,5.0,7.0,1.42,5.0,6.75,,,,1.4,5.45,7.21,1.36,5.0,7.5,1.36,4.75,7.0,1.43,5.6,7.75,1.4,5.17,7.08,1.48,2.6,1.48,2.73,1.53,2.75,1.49,2.64,-1.25,1.88,2.05,1.85,2.07,1.91,2.09,1.83,2.01,1.5,4.5,6.0,1.49,4.6,6.25,,,,1.49,4.88,6.47,1.44,4.8,6.5,1.45,4.6,6.5,1.52,5.0,6.81,1.48,4.65,6.28,1.57,2.35,1.6,2.46,1.61,2.55,1.56,2.41,-1.25,2.08,1.85,2.08,1.85,2.11,1.88,2.01,1.82,Unknown,2,2,4,,,,,,,,,,,,,,,,,,,,,,,,,,,,,,,,,,,,,,,,,,,,,,,,,,,,,,,,,,,,,,,,,,,,,,,paris sg,reims
F1,10/03/2024,14:00,Le Havre,Toulouse,1,0,H,0,0,D,12,5,4,0,12,17,3,3,1,1,0,0,2.8,3.1,2.63,2.75,3.2,2.55,,,,2.8,3.21,2.74,2.7,3.3,2.6,2.7,3.1,2.55,2.86,3.4,2.76,2.77,3.22,2.65,2.15,1.67,2.26,1.69,2.27,1.74,2.18,1.69,0.0,2.01,1.92,1.98,1.93,2.04,1.96,1.98,1.89,3.0,3.0,2.6,2.8,3.1,2.65,,,,2.98,3.1,2.71,2.7,3.25,2.6,2.9,3.1,2.6,3.15,3.25,2.71,2.89,3.09,2.62,2.35,1.57,2.43,1.62,2.47,1.65,2.34,1.6,0.0,2.1,1.83,2.06,1.87,2.12,1.88,2.03,1.84,Unknown,1,1,2,,,,,,,,,,,,,,,,,,,,,,,,,,,,,,,,,,,,,,,,,,,,,,,,,,,,,,,,,,,,,,,,,,,,,,,le havre,toulouse
F1,10/03/2024,14:00,Metz,Clermont,1,0,H,1,0,H,11,13,2,6,10,10,5,7,1,3,0,0,2.25,3.3,3.25,2.3,3.3,3.1,,,,2.28,3.32,3.4,2.25,3.4,3.1,2.2,3.13,3.2,2.34,3.47,3.41,2.28,3.3,3.26,2.1,1.7,2.16,1.75,2.21,1.79,2.13,1.72,-0.25,1.95,1.98,1.96,1.94,1.98,1.98,1.91,1.9,2.15,3.3,3.5,2.15,3.2,3.5,,,,2.22,3.28,3.64,2.1,3.4,3.4,2.15,3.2,3.5,2.23,3.4,3.69,2.17,3.26,3.54,2.15,1.67,2.27,1.7,2.35,1.74,2.21,1.67,-0.25,1.91,2.02,1.9,2.02,1.92,2.06,1.86,1.98,Unknown,1,3,4,,,,,,,,,,,,,,,,,,,,,,,,,,,,,,,,,,,,,,,,,,,,,,,,,,,,,,,,,,,,,,,,,,,,,,,metz,clermont
F1,10/03/2024,14:00,Strasbourg,Monaco,0,1,A,0,0,D,8,17,1,6,9,15,5,8,1,3,0,0,3.6,3.75,1.95,3.4,3.75,2.0,,,,3.5,3.84,2.05,3.4,3.75,2.0,3.4,3.5,1.95,3.63,3.96,2.06,3.46,3.77,2.01,1.67,2.15,1.7,2.24,1.72,2.31,1.67,2.22,0.5,1.87,2.06,1.85,2.06,1.88,2.06,1.84,2.03,3.3,3.75,2.05,3.25,3.75,2.05,,,,3.48,3.89,2.07,3.3,3.8,2.05,3.4,3.7,2.0,3.59,3.9,2.12,3.39,3.76,2.04,1.57,2.35,1.61,2.47,1.68,2.47,1.6,2.33,0.5,1.85,2.08,1.85,2.08,1.85,2.12,1.8,2.06,Unknown,1,3,4,,,,,,,,,,,,,,,,,,,,,,,,,,,,,,,,,,,,,,,,,,,,,,,,,,,,,,,,,,,,,,,,,,,,,,,strasbourg,monaco
F1,10/03/2024,16:05,Lille,Rennes,2,2,D,0,2,A,15,11,8,3,17,20,6,3,5,2,0,0,2.05,3.4,3.6,2.05,3.4,3.6,,,,2.05,3.5,3.84,2.05,3.5,3.5,1.95,3.3,3.6,2.09,3.67,3.88,2.04,3.49,3.66,2.05,1.85,2.02,1.88,2.06,1.9,1.99,1.83,-0.5,2.08,1.85,2.06,1.86,2.08,1.86,2.04,1.82,1.91,3.4,4.2,1.93,3.3,4.1,,,,1.92,3.53,4.45,1.91,3.25,4.33,1.91,3.4,4.1,1.98,3.59,4.45,1.93,3.43,4.23,2.1,1.7,2.16,1.77,2.23,1.78,2.14,1.72,-0.5,1.94,1.99,1.93,2.0,1.97,2.0,1.94,1.92,Unknown,5,2,7,,,,,,,,,,,,,,,,,,,,,,,,,,,,,,,,,,,,,,,,,,,,,,,,,,,,,,,,,,,,,,,,,,,,,,,lille,rennes
F1,10/03/2024,19:45,Marseille,Nantes,2,0,H,1,0,H,12,10,4,3,11,16,2,8,2,3,0,0,1.5,4.2,7.0,1.51,4.2,6.25,,,,1.49,4.47,7.01,1.5,4.4,6.5,1.44,4.0,6.5,1.53,4.6,7.3,1.5,4.34,6.72,1.87,2.03,1.85,2.04,1.92,2.04,1.84,1.99,-1.0,1.83,2.1,1.8,2.1,1.87,2.1,1.81,2.04,1.5,4.0,7.0,1.49,4.1,7.25,,,,1.51,4.3,7.46,1.44,4.4,7.0,1.45,4.2,7.5,1.53,4.4,8.0,1.49,4.21,7.26,2.07,1.83,2.06,1.86,2.09,1.88,2.0,1.84,-1.0,1.86,2.07,1.88,2.05,1.9,2.1,1.84,2.03,Unknown,2,3,5,,,,,,,,,,,,,,,,,,,,,,,,,,,,,,,,,,,,,,,,,,,,,,,,,,,,,,,,,,,,,,,,,,,,,,,marseille,nantes
F1,15/03/2024,20:00,Toulouse,Lyon,2,3,A,0,1,A,13,18,5,6,18,12,5,3,2,2,0,0,2.88,3.2,2.6,2.75,3.2,2.55,,,,2.89,3.26,2.63,2.8,3.25,2.5,2.8,3.25,2.55,2.97,3.35,2.69,2.85,3.26,2.6,2.08,1.82,2.06,1.84,2.12,1.9,2.03,1.82,0.0,2.09,1.84,2.05,1.86,2.09,1.89,2.04,1.84,2.75,3.25,2.7,2.7,3.3,2.6,,,,2.85,3.22,2.73,2.88,3.25,2.45,2.7,3.25,2.63,2.88,3.35,2.77,2.79,3.24,2.65,2.04,1.86,2.02,1.88,2.06,1.92,1.98,1.85,0.0,2.02,1.91,2.01,1.92,2.08,1.92,1.99,1.89,Unknown,2,2,4,,,,,,,,,,,,,,,,,,,,,,,,,,,,,,,,,,,,,,,,,,,,,,,,,,,,,,,,,,,,,,,,,,,,,,,toulouse,lyon
F1,16/03/2024,16:00,Nantes,Strasbourg,1,3,A,1,1,D,11,11,2,6,16,15,4,5,2,3,0,0,2.25,3.25,3.3,2.25,3.3,3.2,,,,2.27,3.35,3.41,2.25,3.4,3.1,2.2,3.25,3.3,2.33,3.47,3.45,2.28,3.32,3.28,2.1,1.7,2.16,1.75,2.19,1.79,2.13,1.73,-0.25,1.94,1.99,1.95,1.95,2.0,1.99,1.94,1.92,2.05,3.3,3.8,2.1,3.2,3.6,,,,2.14,3.31,3.87,2.1,3.4,3.4,2.05,3.25,3.75,2.22,3.4,4.21,2.09,3.31,3.79,2.2,1.65,2.29,1.69,2.29,1.73,2.2,1.68,-0.25,1.82,2.11,1.83,2.11,1.88,2.21,1.79,2.08,Unknown,2,3,5,,,,,,,,,,,,,,,,,,,,,,,,,,,,,,,,,,,,,,,,,,,,,,,,,,,,,,,,,,,,,,,,,,,,,,,nantes,strasbourg
F1,16/03/2024,20:00,Lens,Nice,1,3,A,0,1,A,20,7,4,3,9,12,11,3,4,3,0,0,2.0,3.4,4.0,2.05,3.4,3.6,,,,2.01,3.42,4.07,2.0,3.5,3.7,2.0,3.3,3.9,2.06,3.6,4.1,2.03,3.41,3.88,2.1,1.7,2.18,1.74,2.21,1.78,2.13,1.71,-0.5,2.05,1.88,2.02,1.88,2.07,1.88,2.03,1.84,1.95,3.5,4.2,1.98,3.4,3.9,,,,1.99,3.46,4.2,2.0,3.4,3.75,1.95,3.4,4.0,2.08,3.56,4.44,2.0,3.43,3.99,2.08,1.82,2.09,1.81,2.19,1.89,2.06,1.79,-0.5,1.99,1.94,2.0,1.92,2.07,1.95,2.01,1.87,Unknown,4,3,7,,,,,,,,,,,,,,,,,,,,,,,,,,,,,,,,,,,,,,,,,,,,,,,,,,,,,,,,,,,,,,,,,,,,,,,lens,nice
F1,17/03/2024,12:00,Brest,Lille,1,1,D,0,0,D,16,13,4,8,9,12,3,3,3,0,0,0,2.5,3.1,3.0,2.5,3.1,2.9,,,,2.6,3.16,3.02,2.5,3.2,2.88,2.45,3.0,2.88,2.66,3.24,3.06,2.57,3.12,2.95,2.3,1.6,2.4,1.62,2.43,1.66,2.33,1.62,0.0,1.79,2.15,1.81,2.11,1.86,2.15,1.79,2.09,2.55,3.0,3.1,2.45,3.0,3.1,,,,2.59,3.0,3.25,2.45,3.1,3.0,2.5,3.0,3.1,2.64,3.1,3.25,2.53,3.02,3.14,2.6,1.48,2.7,1.52,2.7,1.56,2.56,1.52,-0.25,2.18,1.77,2.18,1.78,2.2,1.8,2.12,1.76,Unknown,3,0,3,,,,,,,,,,,,,,,,,,,,,,,,,,,,,,,,,,,,,,,,,,,,,,,,,,,,,,,,,,,,,,,,,,,,,,,brest,lille
F1,17/03/2024,14:00,Clermont,Le Havre,2,1,H,2,1,H,9,14,4,5,13,17,3,5,3,5,1,1,2.6,3.25,2.8,2.55,3.2,2.8,,,,2.73,3.1,2.91,2.6,3.25,2.75,2.55,3.0,2.75,2.75,3.36,2.95,2.64,3.16,2.85,2.25,1.62,2.35,1.65,2.36,1.71,2.27,1.65,0.0,1.89,2.04,1.89,2.02,1.91,2.04,1.86,2.01,2.75,3.25,2.63,2.65,3.2,2.75,,,,2.83,3.13,2.82,2.62,3.25,2.7,2.75,3.1,2.7,2.91,3.32,2.84,2.78,3.15,2.73,2.25,1.62,2.37,1.65,2.37,1.68,2.29,1.64,0.0,1.99,1.94,1.96,1.96,2.01,1.97,1.96,1.92,Unknown,5,7,12,,,,,,,,,,,,,,,,,,,,,,,,,,,,,,,,,,,,,,,,,,,,,,,,,,,,,,,,,,,,,,,,,,,,,,,clermont,le havre
F1,17/03/2024,14:00,Monaco,Lorient,2,2,D,1,1,D,23,11,8,6,21,8,10,8,3,1,1,1,1.36,5.0,9.0,1.37,5.25,7.75,,,,1.33,5.72,8.83,1.33,5.5,8.0,1.29,5.0,9.0,1.37,5.8,9.25,1.34,5.39,8.53,1.53,2.4,1.55,2.56,1.58,2.57,1.55,2.47,-1.5,2.0,1.93,1.94,1.96,2.08,1.96,1.96,1.91,1.36,5.25,8.5,1.37,5.25,7.75,,,,1.37,5.67,8.07,1.33,5.5,8.0,1.33,5.25,8.5,1.4,5.7,8.5,1.36,5.41,7.91,1.44,2.7,1.47,2.81,1.5,2.96,1.46,2.72,-1.5,2.03,1.9,2.02,1.91,2.06,1.94,2.0,1.88,Unknown,5,3,8,,,,,,,,,,,,,,,,,,,,,,,,,,,,,,,,,,,,,,,,,,,,,,,,,,,,,,,,,,,,,,,,,,,,,,,monaco,lorient
F1,17/03/2024,14:00,Reims,Metz,2,1,H,1,1,D,17,12,7,4,17,10,7,7,4,4,0,0,1.57,4.0,6.0,1.55,4.1,6.0,,,,1.58,4.11,6.19,1.55,4.2,5.8,1.53,3.75,6.0,1.62,4.25,6.5,1.56,4.1,6.09,2.02,1.88,2.01,1.88,2.03,1.91,1.97,1.86,-1.0,2.04,1.89,2.03,1.88,2.05,1.91,2.0,1.86,1.75,3.75,4.75,1.77,3.7,4.5,,,,1.76,3.86,4.92,1.73,3.7,4.75,1.73,3.7,4.8,1.8,3.9,5.1,1.76,3.76,4.75,1.95,1.95,1.95,1.95,2.02,1.98,1.94,1.89,-0.75,2.02,1.91,2.0,1.93,2.05,1.93,1.98,1.88,Unknown,4,4,8,,,,,,,,,,,,,,,,,,,,,,,,,,,,,,,,,,,,,,,,,,,,,,,,,,,,,,,,,,,,,,,,,,,,,,,reims,metz
F1,17/03/2024,16:05,Rennes,Marseille,2,0,H,1,0,H,7,8,4,1,9,12,4,5,1,3,0,0,2.5,3.3,2.88,2.45,3.4,2.75,,,,2.51,3.49,2.87,2.45,3.5,2.7,2.4,3.25,2.75,2.55,3.65,2.88,2.48,3.45,2.8,1.93,1.97,1.88,2.01,1.93,2.02,1.86,1.96,0.0,1.8,2.14,1.83,2.09,1.86,2.14,1.81,2.07,2.7,3.4,2.63,2.65,3.4,2.55,,,,2.71,3.49,2.69,2.62,3.6,2.5,2.6,3.4,2.63,2.79,3.6,2.74,2.7,3.46,2.6,1.8,2.0,1.83,2.06,1.85,2.11,1.77,2.03,0.0,1.98,1.95,1.96,1.96,2.02,1.98,1.97,1.91,Unknown,1,3,4,,,,,,,,,,,,,,,,,,,,,,,,,,,,,,,,,,,,,,,,,,,,,,,,,,,,,,,,,,,,,,,,,,,,,,,rennes,marseille
F1,17/03/2024,19:45,Montpellier,Paris SG,2,6,A,2,2,D,12,16,7,9,9,13,7,4,0,3,0,0,6.0,4.5,1.5,5.25,4.5,1.55,,,,5.62,4.81,1.53,5.5,4.5,1.53,5.5,4.33,1.45,6.0,4.9,1.57,5.52,4.63,1.53,1.5,2.5,1.5,2.68,1.52,2.72,1.5,2.58,1.0,2.05,1.88,2.06,1.85,2.07,1.89,2.01,1.85,6.5,4.75,1.44,6.75,5.0,1.42,,,,7.1,5.27,1.43,6.5,5.0,1.4,7.0,5.0,1.4,7.1,5.42,1.47,6.64,5.05,1.43,1.44,2.7,1.44,2.91,1.46,2.93,1.43,2.83,1.25,2.01,1.92,2.0,1.91,2.04,1.95,1.96,1.89,Unknown,0,3,3,,,,,,,,,,,,,,,,,,,,,,,,,,,,,,,,,,,,,,,,,,,,,,,,,,,,,,,,,,,,,,,,,,,,,,,montpellier,paris sg
F1,29/03/2024,20:00,Lille,Lens,2,1,H,1,0,H,15,9,6,3,13,17,5,5,3,3,0,0,2.05,3.3,3.8,2.05,3.3,3.7,,,,2.11,3.39,3.84,2.05,3.4,3.6,2.05,3.3,3.7,2.14,3.5,3.9,2.09,3.37,3.73,2.1,1.7,2.16,1.77,2.17,1.84,2.09,1.76,-0.25,1.75,2.05,1.81,2.12,1.83,2.14,1.78,2.07,2.15,3.25,3.6,2.15,3.3,3.5,,,,2.21,3.31,3.67,2.05,3.3,3.7,2.1,3.3,3.5,2.21,3.45,3.78,2.15,3.32,3.54,2.1,1.7,2.18,1.76,2.21,1.8,2.07,1.76,-0.25,1.88,2.02,1.89,2.04,1.92,2.06,1.83,2.0,Unknown,3,3,6,,,,,,,,,,,,,,,,,,,,,,,,,,,,,,,,,,,,,,,,,,,,,,,,,,,,,,,,,,,,,,,,,,,,,,,lille,lens
F1,30/03/2024,16:00,Metz,Monaco,2,5,A,0,3,A,13,17,7,7,8,8,5,5,0,0,0,0,5.25,4.2,1.62,4.8,4.1,1.63,,,,5.37,4.33,1.61,5.0,4.2,1.62,5.5,4.0,1.6,5.5,4.4,1.67,5.19,4.21,1.63,1.7,2.1,1.72,2.19,1.77,2.23,1.71,2.16,1.0,1.83,2.07,1.87,2.04,1.87,2.13,1.82,2.05,5.25,4.33,1.6,5.0,4.1,1.65,,,,5.53,4.32,1.62,5.0,4.2,1.62,5.5,4.1,1.57,5.53,4.33,1.67,5.27,4.19,1.62,1.62,2.25,1.67,2.31,1.74,2.35,1.66,2.25,1.0,1.88,2.05,1.88,2.05,1.88,2.16,1.83,2.05,Unknown,0,0,0,,,,,,,,,,,,,,,,,,,,,,,,,,,,,,,,,,,,,,,,,,,,,,,,,,,,,,,,,,,,,,,,,,,,,,,metz,monaco
F1,30/03/2024,20:00,Lyon,Reims,1,1,D,0,0,D,16,17,3,5,7,10,7,8,2,3,0,0,2.05,3.6,3.5,2.1,3.6,3.3,,,,2.12,3.69,3.43,2.05,3.7,3.3,2.1,3.5,3.4,2.17,3.78,3.5,2.11,3.65,3.38,1.75,2.05,1.79,2.11,1.83,2.14,1.75,2.07,-0.25,1.84,2.06,1.85,2.06,1.88,2.07,1.82,2.02,2.05,3.6,3.6,2.05,3.6,3.4,,,,2.08,3.66,3.64,2.05,3.6,3.4,2.0,3.7,3.5,2.09,3.75,3.76,2.05,3.64,3.48,1.65,2.2,1.69,2.28,1.71,2.36,1.65,2.24,-0.5,2.07,1.86,2.09,1.85,2.1,1.86,2.05,1.83,Unknown,2,3,5,,,,,,,,,,,,,,,,,,,,,,,,,,,,,,,,,,,,,,,,,,,,,,,,,,,,,,,,,,,,,,,,,,,,,,,lyon,reims
F1,31/03/2024,12:00,Lorient,Brest,0,1,A,0,0,D,11,10,5,2,10,18,6,4,1,3,0,1,4.2,3.3,1.95,3.8,3.4,1.98,,,,4.02,3.38,2.04,3.8,3.5,1.95,3.8,3.2,1.95,4.2,3.57,2.06,3.93,3.37,2.01,2.2,1.65,2.27,1.69,2.29,1.75,2.2,1.68,0.5,1.87,2.03,1.86,2.05,1.87,2.05,1.85,2.01,4.0,3.2,2.05,3.9,3.2,2.05,,,,4.1,3.23,2.11,4.0,3.1,2.05,4.0,3.13,2.05,4.22,3.35,2.11,3.98,3.22,2.06,2.35,1.57,2.47,1.6,2.51,1.7,2.36,1.6,0.5,1.82,2.11,1.83,2.12,1.85,2.12,1.81,2.08,Unknown,1,5,6,,,,,,,,,,,,,,,,,,,,,,,,,,,,,,,,,,,,,,,,,,,,,,,,,,,,,,,,,,,,,,,,,,,,,,,lorient,brest
F1,31/03/2024,14:00,Clermont,Toulouse,0,3,A,0,1,A,15,11,5,5,15,12,12,3,3,1,0,0,3.1,3.4,2.3,3.0,3.4,2.3,,,,3.22,3.33,2.37,3.1,3.3,2.3,3.0,3.2,2.25,3.25,3.4,2.44,3.11,3.32,2.34,2.07,1.83,2.08,1.83,2.09,1.88,2.01,1.82,0.25,1.88,2.02,1.88,2.03,1.92,2.05,1.84,1.99,3.75,3.6,2.0,3.6,3.4,2.05,,,,3.97,3.5,2.04,3.7,3.4,2.0,3.8,3.4,2.0,4.01,3.65,2.08,3.77,3.46,2.03,1.98,1.92,2.01,1.89,2.01,1.92,1.96,1.86,0.5,1.89,2.04,1.88,2.05,1.9,2.08,1.84,2.04,Unknown,3,1,4,,,,,,,,,,,,,,,,,,,,,,,,,,,,,,,,,,,,,,,,,,,,,,,,,,,,,,,,,,,,,,,,,,,,,,,clermont,toulouse
F1,31/03/2024,14:00,Le Havre,Montpellier,0,2,A,0,0,D,14,14,3,5,10,12,6,6,2,2,0,0,2.55,3.3,2.8,2.55,3.4,2.65,,,,2.59,3.36,2.87,2.5,3.4,2.7,2.5,3.13,2.7,2.64,3.5,2.93,2.55,3.32,2.81,2.06,1.84,2.07,1.83,2.1,1.86,2.03,1.81,0.0,1.84,2.06,1.85,2.06,1.9,2.06,1.85,2.01,2.8,3.25,2.6,2.75,3.2,2.6,,,,2.92,3.2,2.68,2.7,3.25,2.62,2.8,3.2,2.55,2.92,3.3,2.8,2.77,3.21,2.64,2.08,1.73,2.15,1.78,2.18,1.8,2.08,1.75,0.0,2.05,1.88,2.05,1.88,2.07,1.98,1.98,1.89,Unknown,2,2,4,,,,,,,,,,,,,,,,,,,,,,,,,,,,,,,,,,,,,,,,,,,,,,,,,,,,,,,,,,,,,,,,,,,,,,,le havre,montpellier
F1,31/03/2024,14:00,Nice,Nantes,1,2,A,0,1,A,12,13,3,4,7,19,9,3,2,5,0,0,1.75,3.5,5.25,1.75,3.6,4.8,,,,1.76,3.6,5.25,1.73,3.6,5.0,1.7,3.3,5.0,1.81,3.73,5.5,1.76,3.56,5.09,2.2,1.65,2.28,1.68,2.33,1.71,2.26,1.65,-0.75,2.0,1.9,2.01,1.9,2.02,1.92,1.97,1.86,1.8,3.4,5.0,1.82,3.3,4.8,,,,1.83,3.38,5.33,1.8,3.25,5.0,1.8,3.3,5.0,1.92,3.46,5.33,1.83,3.34,4.97,2.35,1.57,2.43,1.62,2.47,1.63,2.37,1.59,-0.75,2.11,1.82,2.1,1.81,2.17,1.83,2.09,1.77,Unknown,2,5,7,,,,,,,,,,,,,,,,,,,,,,,,,,,,,,,,,,,,,,,,,,,,,,,,,,,,,,,,,,,,,,,,,,,,,,,nice,nantes
F1,31/03/2024,16:05,Strasbourg,Rennes,2,0,H,0,0,D,14,12,7,0,10,17,4,5,1,2,0,0,3.1,3.5,2.25,3.1,3.5,2.2,,,,3.14,3.43,2.36,3.0,3.4,2.3,3.0,3.3,2.2,3.23,3.55,2.41,3.08,3.43,2.31,1.91,1.99,1.92,1.97,1.95,2.0,1.89,1.94,0.25,1.88,2.02,1.87,2.04,1.92,2.04,1.85,1.97,3.1,3.5,2.25,3.1,3.3,2.3,,,,3.26,3.42,2.33,3.1,3.3,2.3,3.1,3.3,2.3,3.26,3.57,2.38,3.13,3.39,2.32,2.01,1.89,2.02,1.89,2.13,1.9,1.98,1.85,0.25,1.9,2.03,1.91,2.01,1.91,2.04,1.85,1.99,Unknown,1,2,3,,,,,,,,,,,,,,,,,,,,,,,,,,,,,,,,,,,,,,,,,,,,,,,,,,,,,,,,,,,,,,,,,,,,,,,strasbourg,rennes
F1,31/03/2024,19:45,Marseille,Paris SG,0,2,A,0,0,D,22,8,10,3,10,8,5,3,0,4,0,1,3.25,3.8,2.05,3.2,3.75,2.1,,,,3.37,3.91,2.08,3.3,3.9,2.0,3.25,3.5,2.0,3.47,3.98,2.12,3.29,3.81,2.08,1.6,2.3,1.63,2.38,1.65,2.45,1.6,2.35,0.25,2.07,1.83,2.08,1.82,2.09,1.85,2.02,1.8,3.6,3.75,1.95,3.5,3.6,2.0,,,,3.76,3.72,2.02,3.6,3.7,1.95,3.7,3.7,1.95,3.89,3.85,2.02,3.61,3.69,1.99,1.7,2.1,1.75,2.18,1.75,2.26,1.7,2.15,0.5,1.89,2.04,1.89,2.03,1.91,2.05,1.86,2.0,Unknown,0,6,6,,,,,,,,,,,,,,,,,,,,,,,,,,,,,,,,,,,,,,,,,,,,,,,,,,,,,,,,,,,,,,,,,,,,,,,marseille,paris sg
F1,05/04/2024,20:00,Lille,Marseille,3,1,H,0,0,D,14,13,6,4,13,18,4,2,1,6,0,0,2.0,3.4,3.75,2.1,3.3,3.6,,,,2.08,3.43,3.89,2.05,3.4,3.6,2.05,3.3,3.7,2.16,3.52,3.9,2.09,3.38,3.73,2.08,1.82,2.1,1.81,2.12,1.85,2.05,1.79,-0.25,1.73,2.08,1.79,2.15,1.83,2.19,1.77,2.08,1.91,3.5,4.0,1.88,3.5,4.1,,,,1.96,3.54,4.22,1.91,3.5,4.0,1.87,3.5,4.2,2.0,3.65,4.28,1.91,3.54,4.1,2.01,1.89,2.05,1.87,2.06,1.92,1.97,1.85,-0.5,1.98,1.95,1.97,1.95,1.99,2.02,1.93,1.93,Unknown,1,6,7,,,,,,,,,,,,,,,,,,,,,,,,,,,,,,,,,,,,,,,,,,,,,,,,,,,,,,,,,,,,,,,,,,,,,,,lille,marseille
F1,06/04/2024,16:00,Lens,Le Havre,1,1,D,0,0,D,18,11,8,3,13,10,7,4,2,5,0,0,1.53,4.0,7.0,1.55,4.0,6.25,,,,1.55,4.19,6.54,1.5,4.2,6.5,1.5,4.0,7.0,1.59,4.33,7.0,1.54,4.12,6.5,2.04,1.86,2.01,1.88,2.06,1.91,1.99,1.84,-1.0,1.98,1.95,1.96,1.94,2.02,1.96,1.93,1.91,1.5,4.2,7.5,1.49,4.1,7.0,,,,1.49,4.39,7.49,1.44,4.33,7.0,1.45,4.2,7.5,1.52,4.5,7.8,1.49,4.27,7.18,2.01,1.89,2.0,1.89,2.02,1.97,1.95,1.87,-1.0,1.83,2.1,1.88,2.1,1.91,2.12,1.82,2.06,Unknown,2,5,7,,,,,,,,,,,,,,,,,,,,,,,,,,,,,,,,,,,,,,,,,,,,,,,,,,,,,,,,,,,,,,,,,,,,,,,lens,le havre
F1,06/04/2024,20:00,Paris SG,Clermont,1,1,D,0,1,A,23,6,7,3,11,7,17,2,1,0,0,0,1.18,8.0,12.0,1.18,7.75,14.0,,,,1.18,8.03,13.96,1.15,8.0,15.0,1.15,7.5,17.0,1.21,8.55,17.0,1.18,7.87,14.32,1.33,3.4,1.34,3.34,1.36,3.45,1.33,3.31,-2.0,1.87,2.06,1.85,2.04,1.89,2.12,1.82,2.04,1.3,5.75,9.0,1.35,5.25,8.25,,,,1.33,5.79,9.48,1.33,4.8,10.0,1.33,5.0,9.0,1.37,6.3,11.0,1.32,5.55,9.24,1.53,2.4,1.57,2.53,1.61,2.53,1.56,2.44,-1.5,2.01,1.92,2.01,1.92,2.06,2.0,1.95,1.91,Unknown,1,0,1,,,,,,,,,,,,,,,,,,,,,,,,,,,,,,,,,,,,,,,,,,,,,,,,,,,,,,,,,,,,,,,,,,,,,,,paris sg,clermont
F1,07/04/2024,12:00,Brest,Metz,4,3,H,3,1,H,24,8,10,6,11,17,8,5,0,1,0,0,1.53,4.0,7.5,1.53,4.0,6.75,,,,1.53,4.11,7.13,1.5,4.0,7.0,1.45,3.8,7.0,1.58,4.2,7.5,1.52,4.01,7.1,2.1,1.7,2.17,1.74,2.22,1.77,2.16,1.71,-1.0,1.95,1.98,1.94,1.96,1.96,1.98,1.91,1.93,1.5,4.2,7.0,1.51,4.0,7.0,,,,1.51,4.2,7.65,1.44,4.2,7.5,1.5,4.0,7.5,1.52,4.3,8.0,1.49,4.15,7.35,2.08,1.73,2.15,1.77,2.17,1.8,2.1,1.75,-1.0,1.9,2.03,1.91,2.02,1.91,2.08,1.85,2.01,Unknown,0,1,1,,,,,,,,,,,,,,,,,,,,,,,,,,,,,,,,,,,,,,,,,,,,,,,,,,,,,,,,,,,,,,,,,,,,,,,brest,metz
F1,07/04/2024,14:00,Montpellier,Lorient,2,0,H,0,0,D,13,19,5,5,11,18,5,7,3,6,0,0,1.75,3.8,4.5,1.75,3.9,4.33,,,,1.8,3.9,4.46,1.8,3.9,4.2,1.73,3.6,4.33,1.85,4.04,4.5,1.79,3.87,4.34,1.7,2.1,1.75,2.16,1.79,2.2,1.73,2.13,-0.75,2.04,1.89,2.03,1.88,2.06,1.89,2.0,1.84,1.8,4.0,4.0,1.82,3.8,4.0,,,,1.83,4.0,4.29,1.8,3.9,4.0,1.8,3.8,4.1,1.85,4.1,4.3,1.82,3.9,4.09,1.57,2.35,1.62,2.42,1.73,2.47,1.61,2.32,-0.75,2.09,1.84,2.07,1.86,2.11,1.87,2.02,1.82,Unknown,3,6,9,,,,,,,,,,,,,,,,,,,,,,,,,,,,,,,,,,,,,,,,,,,,,,,,,,,,,,,,,,,,,,,,,,,,,,,montpellier,lorient
F1,07/04/2024,14:00,Reims,Nice,0,0,D,0,0,D,10,18,3,3,15,15,2,5,2,1,0,0,2.5,3.2,2.9,2.45,3.3,2.9,,,,2.53,3.19,3.09,2.4,3.3,2.9,2.38,3.13,2.88,2.55,3.4,3.1,2.49,3.24,2.97,2.07,1.83,2.08,1.81,2.11,1.85,2.05,1.79,-0.25,2.08,1.73,2.16,1.78,2.18,1.83,2.1,1.76,2.75,3.1,2.7,2.6,3.1,2.75,,,,2.73,3.24,2.84,2.5,3.25,2.8,2.63,3.2,2.7,2.9,3.3,2.97,2.66,3.2,2.8,2.08,1.73,2.15,1.78,2.2,1.78,2.12,1.74,0.0,1.93,2.0,1.93,2.0,1.97,2.16,1.87,2.01,Unknown,2,1,3,,,,,,,,,,,,,,,,,,,,,,,,,,,,,,,,,,,,,,,,,,,,,,,,,,,,,,,,,,,,,,,,,,,,,,,reims,nice
F1,07/04/2024,14:00,Toulouse,Strasbourg,0,0,D,0,0,D,11,8,2,1,16,17,4,3,2,0,0,0,2.05,3.6,3.5,2.05,3.6,3.4,,,,2.08,3.5,3.75,2.0,3.6,3.5,2.0,3.3,3.5,2.11,3.75,3.76,2.07,3.53,3.57,1.91,1.99,1.93,1.95,1.94,2.02,1.88,1.94,-0.25,1.75,2.05,1.79,2.12,1.83,2.14,1.78,2.06,2.15,3.5,3.3,2.15,3.3,3.4,,,,2.24,3.38,3.5,2.1,3.5,3.4,2.1,3.3,3.5,2.24,3.58,3.59,2.15,3.4,3.45,2.04,1.86,2.05,1.86,2.13,1.91,1.99,1.83,-0.25,1.91,1.99,1.93,2.0,1.93,2.06,1.84,1.99,Unknown,2,0,2,,,,,,,,,,,,,,,,,,,,,,,,,,,,,,,,,,,,,,,,,,,,,,,,,,,,,,,,,,,,,,,,,,,,,,,toulouse,strasbourg
F1,07/04/2024,16:05,Monaco,Rennes,1,0,H,1,0,H,16,12,5,7,16,17,6,3,3,1,1,1,1.8,4.0,4.0,1.82,4.0,3.9,,,,1.83,4.05,4.14,1.8,4.0,3.9,1.75,3.75,4.0,1.89,4.2,4.2,1.82,3.98,4.02,1.57,2.35,1.59,2.46,1.64,2.47,1.58,2.39,-0.5,1.78,2.03,1.83,2.07,1.85,2.09,1.82,2.04,1.75,4.2,4.0,1.78,4.1,4.0,,,,1.82,4.23,4.12,1.8,4.0,3.9,1.75,4.1,4.1,1.93,4.32,4.3,1.8,4.12,4.04,1.48,2.6,1.51,2.7,1.54,2.72,1.49,2.63,-0.75,2.04,1.89,2.04,1.88,2.06,1.9,2.0,1.84,Unknown,5,3,8,,,,,,,,,,,,,,,,,,,,,,,,,,,,,,,,,,,,,,,,,,,,,,,,,,,,,,,,,,,,,,,,,,,,,,,monaco,rennes
F1,07/04/2024,19:45,Nantes,Lyon,1,3,A,1,0,H,14,19,6,10,8,14,5,5,2,2,0,0,3.3,3.25,2.25,3.1,3.4,2.25,,,,3.3,3.3,2.34,3.1,3.4,2.25,3.13,3.13,2.2,3.32,3.52,2.37,3.21,3.32,2.3,2.08,1.73,2.13,1.77,2.16,1.83,2.08,1.76,0.25,1.92,2.01,1.9,2.01,1.93,2.02,1.86,1.95,3.5,3.3,2.15,3.3,3.25,2.2,,,,3.52,3.36,2.24,3.4,3.3,2.15,3.5,3.25,2.15,3.71,3.38,2.25,3.45,3.32,2.19,2.08,1.73,2.15,1.78,2.18,1.81,2.09,1.76,0.25,2.01,1.92,2.0,1.93,2.01,1.93,1.96,1.88,Unknown,2,2,4,,,,,,,,,,,,,,,,,,,,,,,,,,,,,,,,,,,,,,,,,,,,,,,,,,,,,,,,,,,,,,,,,,,,,,,nantes,lyon
F1,12/04/2024,20:00,Metz,Lens,2,1,H,2,1,H,11,17,5,2,11,17,5,2,2,5,0,0,5.0,3.75,1.7,4.8,3.8,1.71,,,,5.07,3.92,1.73,4.8,3.7,1.73,5.25,3.75,1.67,5.25,3.99,1.78,4.95,3.84,1.72,1.93,1.97,1.95,1.95,1.97,1.99,1.91,1.92,0.75,1.97,1.93,1.97,1.95,2.0,1.95,1.92,1.91,6.5,4.0,1.53,6.0,4.1,1.55,,,,6.35,4.25,1.56,6.0,4.0,1.55,6.0,4.0,1.55,6.5,4.25,1.63,5.99,4.1,1.58,1.92,1.98,1.9,2.01,1.99,2.01,1.87,1.95,1.0,1.93,1.97,1.94,1.98,1.94,2.06,1.86,2.0,Unknown,2,5,7,,,,,,,,,,,,,,,,,,,,,,,,,,,,,,,,,,,,,,,,,,,,,,,,,,,,,,,,,,,,,,,,,,,,,,,metz,lens
F1,13/04/2024,16:00,Strasbourg,Reims,3,1,H,1,1,D,13,8,6,2,9,18,5,4,1,3,0,1,2.55,3.25,2.8,2.55,3.3,2.75,,,,2.64,3.32,2.83,2.6,3.3,2.7,2.55,3.3,2.75,2.68,3.45,2.86,2.59,3.32,2.78,2.04,1.86,2.02,1.87,2.05,1.9,1.98,1.85,0.0,1.87,2.03,1.88,2.03,1.92,2.05,1.86,1.99,2.45,3.3,2.9,2.4,3.4,2.87,,,,2.54,3.35,2.98,2.38,3.4,2.88,2.45,3.3,2.88,2.56,3.46,2.98,2.47,3.38,2.89,1.98,1.92,1.98,1.93,1.99,2.0,1.9,1.92,-0.25,2.08,1.73,2.17,1.77,2.17,1.8,2.11,1.75,Unknown,1,5,6,,,,,,,,,,,,,,,,,,,,,,,,,,,,,,,,,,,,,,,,,,,,,,,,,,,,,,,,,,,,,,,,,,,,,,,strasbourg,reims
F1,13/04/2024,20:00,Rennes,Toulouse,1,2,A,1,2,A,19,10,4,3,20,18,8,4,3,3,0,0,1.8,3.6,4.33,1.87,3.7,4.0,,,,1.81,3.79,4.59,1.83,3.75,4.0,1.8,3.6,4.4,1.87,3.91,4.7,1.83,3.73,4.35,1.92,1.98,1.9,1.99,1.95,2.0,1.88,1.95,-0.5,1.83,2.07,1.81,2.1,1.87,2.1,1.83,2.03,1.8,3.6,4.5,1.83,3.7,4.2,,,,1.86,3.73,4.48,1.8,3.7,4.2,1.83,3.5,4.4,1.88,3.81,4.75,1.84,3.66,4.36,1.98,1.92,2.0,1.91,2.02,1.97,1.92,1.9,-0.5,1.86,2.04,1.87,2.07,1.88,2.08,1.85,2.02,Unknown,3,3,6,,,,,,,,,,,,,,,,,,,,,,,,,,,,,,,,,,,,,,,,,,,,,,,,,,,,,,,,,,,,,,,,,,,,,,,rennes,toulouse
F1,14/04/2024,12:00,Le Havre,Nantes,0,1,A,0,0,D,10,12,1,4,14,12,6,7,3,2,0,0,2.6,3.0,3.0,2.45,3.1,3.0,,,,2.63,2.99,3.14,2.45,3.1,3.0,2.45,2.9,3.0,2.67,3.19,3.19,2.55,3.04,3.07,2.5,1.53,2.56,1.56,2.56,1.61,2.48,1.55,-0.25,2.1,1.7,2.21,1.74,2.22,1.81,2.13,1.73,2.4,2.9,3.4,2.5,2.9,3.2,,,,2.48,3.02,3.41,2.45,3.0,3.1,2.45,2.9,3.25,2.54,3.03,3.41,2.47,2.96,3.29,2.75,1.44,2.78,1.48,2.85,1.51,2.71,1.47,-0.25,2.13,1.81,2.09,1.85,2.13,1.85,2.06,1.79,Unknown,3,2,5,,,,,,,,,,,,,,,,,,,,,,,,,,,,,,,,,,,,,,,,,,,,,,,,,,,,,,,,,,,,,,,,,,,,,,,le havre,nantes
F1,14/04/2024,14:00,Clermont,Montpellier,1,1,D,1,0,H,10,14,2,6,12,14,3,4,1,1,0,0,3.3,3.5,2.15,3.3,3.6,2.1,,,,3.37,3.65,2.16,3.3,3.6,2.1,3.25,3.4,2.05,3.45,3.71,2.24,3.31,3.59,2.14,1.73,2.1,1.79,2.1,1.83,2.14,1.77,2.07,0.25,2.04,1.86,2.03,1.88,2.08,1.89,1.99,1.84,3.2,3.6,2.15,3.2,3.6,2.15,,,,3.32,3.75,2.18,3.2,3.6,2.15,3.2,3.6,2.15,3.39,3.75,2.21,3.25,3.64,2.16,1.62,2.3,1.65,2.36,1.72,2.36,1.65,2.26,0.25,2.01,1.92,2.02,1.91,2.03,1.93,1.98,1.86,Unknown,1,1,2,,,,,,,,,,,,,,,,,,,,,,,,,,,,,,,,,,,,,,,,,,,,,,,,,,,,,,,,,,,,,,,,,,,,,,,clermont,montpellier
F1,14/04/2024,19:45,Lyon,Brest,4,3,H,1,0,H,16,22,8,7,12,7,10,7,5,5,1,1,2.2,3.25,3.4,2.2,3.4,3.2,,,,2.28,3.31,3.41,2.15,3.4,3.3,2.15,3.2,3.2,2.32,3.44,3.47,2.24,3.32,3.32,2.0,1.8,2.08,1.83,2.11,1.85,2.03,1.8,-0.25,1.95,1.95,1.96,1.94,1.98,1.97,1.92,1.91,2.05,3.4,3.75,2.05,3.3,3.75,,,,2.03,3.45,4.05,2.05,3.4,3.6,2.05,3.4,3.6,2.15,3.46,4.05,2.07,3.38,3.7,2.04,1.86,2.07,1.85,2.07,1.9,2.0,1.83,-0.5,2.05,1.88,2.04,1.88,2.14,1.88,2.07,1.81,Unknown,7,7,14,,,,,,,,,,,,,,,,,,,,,,,,,,,,,,,,,,,,,,,,,,,,,,,,,,,,,,,,,,,,,,,,,,,,,,,lyon,brest
F1,19/04/2024,20:00,Nice,Lorient,3,0,H,1,0,H,19,9,10,4,11,7,2,3,0,2,0,0,1.53,4.33,5.75,1.55,4.2,6.0,,,,1.57,4.26,6.2,1.53,4.2,6.0,1.53,4.0,6.5,1.62,4.35,6.5,1.56,4.21,6.06,1.91,1.99,1.92,1.99,1.94,2.02,1.87,1.96,-1.0,1.98,1.92,1.99,1.93,2.02,1.94,1.95,1.9,1.53,4.33,6.0,1.55,4.1,6.0,,,,1.57,4.29,6.15,1.53,4.2,6.0,1.5,4.1,6.5,1.59,4.41,6.5,1.55,4.2,6.08,1.87,2.03,1.88,2.02,1.94,2.03,1.87,1.95,-1.0,1.97,1.93,1.98,1.94,2.01,1.96,1.94,1.91,Unknown,0,2,2,,,,,,,,,,,,,,,,,,,,,,,,,,,,,,,,,,,,,,,,,,,,,,,,,,,,,,,,,,,,,,,,,,,,,,,nice,lorient
F1,20/04/2024,16:00,Nantes,Rennes,0,3,A,0,0,D,6,14,4,5,16,11,3,7,1,4,0,0,3.0,3.3,2.4,3.0,3.4,2.3,,,,3.11,3.3,2.45,3.0,3.25,2.4,3.0,3.25,2.38,3.19,3.4,2.48,3.03,3.31,2.41,2.1,1.73,2.12,1.78,2.15,1.82,2.09,1.76,0.25,1.82,2.08,1.82,2.1,1.83,2.1,1.79,2.04,3.1,3.25,2.38,3.1,3.1,2.4,,,,3.27,3.19,2.45,3.0,3.2,2.4,3.1,3.1,2.4,3.27,3.34,2.6,3.09,3.19,2.43,2.3,1.62,2.33,1.67,2.36,1.7,2.26,1.64,0.25,1.86,2.07,1.85,2.09,1.86,2.11,1.79,2.05,Unknown,1,4,5,,,,,,,,,,,,,,,,,,,,,,,,,,,,,,,,,,,,,,,,,,,,,,,,,,,,,,,,,,,,,,,,,,,,,,,nantes,rennes
F1,20/04/2024,20:00,Lens,Clermont,1,0,H,1,0,H,17,8,4,1,17,17,4,3,1,4,0,0,1.36,4.75,9.0,1.4,4.75,7.75,,,,1.4,4.78,8.58,1.36,4.8,8.5,1.36,4.75,8.5,1.44,5.04,9.0,1.39,4.8,8.27,1.73,2.1,1.75,2.15,1.81,2.18,1.75,2.1,-1.25,1.89,2.01,1.9,2.01,1.94,2.02,1.87,1.97,1.36,4.75,9.0,1.38,5.0,8.0,,,,1.38,5.11,9.59,1.33,5.0,8.5,1.36,4.8,8.5,1.43,5.2,9.59,1.38,4.96,8.54,1.67,2.2,1.7,2.26,1.72,2.29,1.66,2.23,-1.25,1.78,2.03,1.88,2.09,1.9,2.09,1.84,2.01,Unknown,1,4,5,,,,,,,,,,,,,,,,,,,,,,,,,,,,,,,,,,,,,,,,,,,,,,,,,,,,,,,,,,,,,,,,,,,,,,,lens,clermont
F1,21/04/2024,14:00,Le Havre,Metz,0,1,A,0,0,D,16,9,4,2,9,19,4,2,2,3,0,0,2.15,3.2,3.6,2.1,3.3,3.6,,,,2.24,3.18,3.67,2.15,3.25,3.5,2.1,3.0,3.5,2.27,3.3,3.73,2.19,3.19,3.58,2.3,1.62,2.41,1.62,2.43,1.66,2.35,1.61,-0.25,1.89,2.01,1.91,2.0,1.91,2.04,1.85,1.98,2.2,3.1,3.6,2.2,3.0,3.6,,,,2.25,3.16,3.74,2.15,3.2,3.5,2.2,3.1,3.6,2.3,3.21,3.81,2.22,3.11,3.65,2.5,1.53,2.58,1.56,2.58,1.58,2.49,1.54,-0.25,1.91,2.02,1.92,2.01,1.92,2.04,1.87,1.97,Unknown,2,3,5,,,,,,,,,,,,,,,,,,,,,,,,,,,,,,,,,,,,,,,,,,,,,,,,,,,,,,,,,,,,,,,,,,,,,,,le havre,metz
F1,21/04/2024,14:00,Lille,Strasbourg,1,0,H,1,0,H,6,8,2,2,11,19,4,4,2,3,0,0,1.6,4.0,5.75,1.6,4.0,5.5,,,,1.62,4.07,5.71,1.6,4.0,5.5,1.53,3.75,5.75,1.66,4.19,6.0,1.61,4.03,5.61,1.95,1.95,1.94,1.94,1.98,1.96,1.9,1.92,-1.0,2.08,1.82,2.1,1.82,2.13,1.85,2.05,1.81,1.57,4.0,6.0,1.6,3.9,5.75,,,,1.61,4.02,6.28,1.57,4.0,5.8,1.57,3.9,6.0,1.63,4.1,6.28,1.59,3.99,5.93,2.01,1.89,2.01,1.9,2.02,1.97,1.92,1.89,-1.0,2.07,1.86,2.07,1.87,2.07,1.88,2.02,1.83,Unknown,2,3,5,,,,,,,,,,,,,,,,,,,,,,,,,,,,,,,,,,,,,,,,,,,,,,,,,,,,,,,,,,,,,,,,,,,,,,,lille,strasbourg
F1,21/04/2024,14:00,Reims,Montpellier,1,2,A,0,1,A,22,12,4,5,15,10,8,4,3,3,0,0,1.95,3.75,3.6,1.98,3.75,3.5,,,,2.0,3.69,3.79,1.95,3.75,3.6,1.93,3.5,3.5,2.04,3.9,3.87,1.98,3.71,3.65,1.73,2.1,1.73,2.2,1.79,2.22,1.72,2.14,-0.5,2.02,1.88,2.01,1.89,2.05,1.91,1.99,1.87,2.2,3.75,3.0,2.2,3.6,3.1,,,,2.24,3.72,3.21,2.15,3.8,3.0,2.15,3.6,3.13,2.26,3.84,3.4,2.19,3.67,3.15,1.62,2.3,1.64,2.4,1.67,2.44,1.62,2.32,-0.25,1.98,1.95,1.95,1.97,1.98,2.02,1.9,1.94,Unknown,3,3,6,,,,,,,,,,,,,,,,,,,,,,,,,,,,,,,,,,,,,,,,,,,,,,,,,,,,,,,,,,,,,,,,,,,,,,,reims,montpellier
F1,21/04/2024,16:05,Brest,Monaco,0,2,A,0,1,A,12,8,2,3,8,9,7,4,5,2,0,2,2.7,3.5,2.55,2.65,3.5,2.55,,,,2.73,3.43,2.67,2.7,3.4,2.5,2.6,3.3,2.5,2.81,3.56,2.69,2.69,3.45,2.58,1.73,2.1,1.79,2.11,1.83,2.14,1.77,2.07,0.0,2.0,1.9,1.97,1.93,2.02,1.94,1.97,1.88,2.6,3.5,2.63,2.55,3.4,2.65,,,,2.7,3.43,2.73,2.6,3.4,2.62,2.6,3.4,2.63,2.73,3.57,2.8,2.6,3.46,2.7,1.8,2.0,1.82,2.09,1.85,2.22,1.76,2.07,0.0,1.93,2.0,1.95,1.97,1.95,2.02,1.9,1.97,Unknown,5,6,11,,,,,,,,,,,,,,,,,,,,,,,,,,,,,,,,,,,,,,,,,,,,,,,,,,,,,,,,,,,,,,,,,,,,,,,brest,monaco
F1,21/04/2024,18:00,Toulouse,Marseille,2,2,D,1,1,D,10,11,3,3,11,13,7,4,1,2,0,0,2.7,3.3,2.55,2.8,3.4,2.45,,,,2.85,3.25,2.67,2.8,3.4,2.45,2.63,3.2,2.5,2.89,3.48,2.72,2.77,3.31,2.59,1.99,1.91,2.0,1.88,2.0,1.96,1.94,1.88,0.0,2.01,1.89,2.02,1.89,2.07,1.91,2.0,1.86,2.63,3.25,2.7,2.65,3.25,2.7,,,,2.72,3.36,2.76,2.6,3.4,2.62,2.63,3.25,2.7,2.78,3.4,2.8,2.67,3.3,2.72,2.05,1.85,2.04,1.88,2.13,1.9,2.0,1.83,0.0,1.93,2.0,1.95,1.97,1.95,2.0,1.91,1.96,Unknown,1,2,3,,,,,,,,,,,,,,,,,,,,,,,,,,,,,,,,,,,,,,,,,,,,,,,,,,,,,,,,,,,,,,,,,,,,,,,toulouse,marseille
F1,21/04/2024,20:00,Paris SG,Lyon,4,1,H,4,1,H,14,16,6,6,9,10,4,10,0,0,0,0,1.44,5.25,6.0,1.46,4.8,6.25,,,,1.5,5.06,5.71,1.44,5.0,6.0,1.44,4.5,6.0,1.53,5.3,6.25,1.48,4.97,5.85,1.44,2.75,1.51,2.65,1.51,2.75,1.47,2.67,-1.25,2.03,1.87,2.07,1.85,2.07,1.92,2.0,1.84,1.57,4.75,4.5,1.58,4.5,5.0,,,,1.61,4.65,5.16,1.57,4.6,4.8,1.55,4.5,5.25,1.65,5.0,6.0,1.58,4.65,5.05,1.44,2.75,1.47,2.8,1.51,2.8,1.46,2.73,-1.0,2.0,1.93,1.99,1.93,2.0,1.96,1.94,1.92,Unknown,0,0,0,,,,,,,,,,,,,,,,,,,,,,,,,,,,,,,,,,,,,,,,,,,,,,,,,,,,,,,,,,,,,,,,,,,,,,,paris sg,lyon
F1,24/04/2024,18:00,Lorient,Paris SG,1,4,A,0,2,A,11,15,6,7,8,7,3,6,1,1,0,0,7.5,5.0,1.4,7.0,5.25,1.39,,,,7.76,5.46,1.38,7.5,5.0,1.36,8.0,5.0,1.36,8.0,5.6,1.43,7.45,5.29,1.38,1.5,2.63,1.5,2.66,1.53,2.7,1.49,2.63,1.5,1.86,2.04,1.82,2.07,1.87,2.09,1.82,2.04,6.0,4.75,1.45,6.25,5.0,1.44,,,,6.68,5.13,1.45,6.5,5.0,1.4,7.0,5.0,1.4,7.4,5.5,1.5,6.59,5.04,1.43,1.44,2.75,1.47,2.81,1.5,2.88,1.45,2.77,1.25,1.98,1.95,1.96,1.96,2.0,2.0,1.93,1.92,Unknown,1,1,2,,,,,,,,,,,,,,,,,,,,,,,,,,,,,,,,,,,,,,,,,,,,,,,,,,,,,,,,,,,,,,,,,,,,,,,lorient,paris sg
F1,24/04/2024,20:00,Marseille,Nice,2,2,D,1,1,D,11,10,4,4,10,14,3,2,2,3,1,0,2.25,3.4,3.25,2.2,3.4,3.2,,,,2.27,3.45,3.31,2.15,3.5,3.2,2.25,3.3,3.25,2.28,3.57,3.4,2.23,3.42,3.27,2.06,1.84,2.06,1.84,2.08,1.87,2.02,1.81,-0.25,1.98,1.92,1.96,1.94,1.99,1.99,1.92,1.92,2.2,3.3,3.5,2.25,3.2,3.3,,,,2.25,3.3,3.57,2.25,3.25,3.25,2.15,3.2,3.5,2.38,3.35,3.65,2.25,3.23,3.43,2.3,1.62,2.32,1.67,2.38,1.7,2.28,1.64,-0.25,1.93,2.0,1.93,2.0,2.0,2.03,1.9,1.94,Unknown,4,3,7,,,,,,,,,,,,,,,,,,,,,,,,,,,,,,,,,,,,,,,,,,,,,,,,,,,,,,,,,,,,,,,,,,,,,,,marseille,nice
F1,24/04/2024,20:00,Monaco,Lille,1,0,H,0,0,D,19,13,7,4,9,9,7,5,1,2,0,0,2.25,3.6,3.0,2.25,3.6,2.95,,,,2.32,3.63,3.07,2.25,3.7,2.9,2.25,3.5,3.0,2.34,3.81,3.15,2.28,3.59,3.03,1.73,2.1,1.74,2.18,1.76,2.24,1.71,2.15,-0.25,2.0,1.9,2.02,1.89,2.02,1.94,1.97,1.87,2.45,3.6,2.7,2.45,3.5,2.75,,,,2.4,3.67,2.81,2.38,3.6,2.8,2.3,3.6,2.88,2.5,3.85,2.93,2.39,3.61,2.84,1.73,2.1,1.72,2.24,1.73,2.35,1.67,2.23,-0.25,2.08,1.73,2.1,1.84,2.19,1.85,2.06,1.79,Unknown,1,2,3,,,,,,,,,,,,,,,,,,,,,,,,,,,,,,,,,,,,,,,,,,,,,,,,,,,,,,,,,,,,,,,,,,,,,,,monaco,lille
F1,26/04/2024,20:00,Montpellier,Nantes,1,1,D,1,1,D,8,15,1,5,11,14,3,6,2,1,2,0,1.95,3.6,3.75,2.05,3.5,3.6,,,,2.04,3.6,3.85,2.0,3.5,3.6,2.0,3.4,3.75,2.08,3.7,3.88,2.02,3.56,3.75,1.95,1.95,1.96,1.94,2.0,2.05,1.91,1.92,-0.5,2.04,1.89,2.05,1.88,2.06,1.9,2.01,1.87,2.0,3.5,3.6,2.05,3.4,3.6,,,,2.07,3.53,3.82,2.0,3.5,3.6,2.0,3.4,3.7,2.11,3.7,3.82,2.02,3.49,3.68,2.01,1.89,2.01,1.9,2.02,2.05,1.93,1.88,-0.5,2.09,1.84,2.08,1.86,2.11,1.9,2.03,1.84,Unknown,6,1,7,,,,,,,,,,,,,,,,,,,,,,,,,,,,,,,,,,,,,,,,,,,,,,,,,,,,,,,,,,,,,,,,,,,,,,,montpellier,nantes
F1,27/04/2024,20:00,Paris SG,Le Havre,3,3,D,1,2,A,17,6,4,4,10,8,11,2,2,1,0,0,1.33,5.75,7.5,1.33,5.25,8.75,,,,1.34,5.5,9.32,1.3,5.5,9.0,1.3,5.25,10.0,1.36,5.75,10.0,1.33,5.45,8.99,1.62,2.3,1.65,2.33,1.68,2.45,1.62,2.32,-1.5,2.01,1.89,2.02,1.88,2.04,1.93,1.98,1.87,1.33,6.0,7.0,1.34,5.5,8.0,,,,1.33,5.86,9.25,1.3,5.5,9.0,1.3,5.5,9.0,1.36,6.21,9.27,1.32,5.59,8.62,1.44,2.75,1.48,2.76,1.55,2.84,1.48,2.64,-1.5,1.95,1.95,1.94,1.98,1.99,2.01,1.91,1.94,Unknown,2,1,3,,,,,,,,,,,,,,,,,,,,,,,,,,,,,,,,,,,,,,,,,,,,,,,,,,,,,,,,,,,,,,,,,,,,,,,paris sg,le havre
F1,28/04/2024,12:00,Metz,Lille,1,2,A,1,2,A,5,14,2,4,15,12,2,4,1,2,0,0,4.5,3.75,1.75,4.6,3.75,1.75,,,,4.73,3.92,1.76,4.5,3.8,1.73,4.6,3.5,1.7,4.8,3.98,1.81,4.61,3.81,1.75,1.98,1.92,1.96,1.93,2.0,2.0,1.91,1.91,0.75,1.91,1.99,1.92,1.99,1.92,2.0,1.88,1.95,5.5,3.8,1.62,5.25,3.9,1.65,,,,5.54,3.99,1.67,5.5,3.9,1.62,5.75,3.8,1.6,6.03,4.07,1.68,5.46,3.92,1.63,1.97,1.93,1.96,1.94,1.97,1.97,1.89,1.91,0.75,2.07,1.86,2.07,1.86,2.13,1.88,2.04,1.8,Unknown,1,2,3,,,,,,,,,,,,,,,,,,,,,,,,,,,,,,,,,,,,,,,,,,,,,,,,,,,,,,,,,,,,,,,,,,,,,,,metz,lille
F1,28/04/2024,14:00,Clermont,Reims,4,1,H,1,1,D,12,10,6,3,9,12,5,5,0,3,0,1,3.75,3.5,2.0,3.5,3.6,2.0,,,,3.56,3.6,2.1,3.5,3.5,2.05,3.5,3.3,2.0,3.75,3.65,2.14,3.56,3.53,2.06,1.91,1.99,1.89,2.0,1.94,2.01,1.86,1.96,0.5,1.83,2.07,1.81,2.1,1.83,2.1,1.81,2.06,3.4,3.75,2.05,3.3,3.7,2.05,,,,3.52,3.8,2.08,3.4,3.7,2.0,3.3,3.7,2.05,3.55,3.8,2.13,3.4,3.7,2.07,1.62,2.3,1.65,2.37,1.73,2.38,1.63,2.29,0.25,2.05,1.75,2.11,1.81,2.12,1.85,2.07,1.78,Unknown,0,5,5,,,,,,,,,,,,,,,,,,,,,,,,,,,,,,,,,,,,,,,,,,,,,,,,,,,,,,,,,,,,,,,,,,,,,,,clermont,reims
F1,28/04/2024,14:00,Lorient,Toulouse,1,2,A,1,0,H,15,14,5,5,14,17,5,1,1,3,0,0,2.6,3.4,2.63,2.65,3.3,2.6,,,,2.69,3.41,2.72,2.6,3.4,2.6,2.55,3.13,2.6,2.78,3.52,2.75,2.66,3.36,2.67,2.04,1.86,2.04,1.85,2.07,1.88,2.0,1.83,0.0,1.92,1.98,1.94,1.96,1.99,2.0,1.92,1.94,2.3,3.5,2.9,2.37,3.4,2.9,,,,2.46,3.5,2.98,2.45,3.5,2.75,2.4,3.4,2.9,2.6,3.62,3.03,2.45,3.45,2.86,1.92,1.98,1.93,1.98,1.95,2.01,1.89,1.93,0.0,1.73,2.08,1.78,2.16,1.89,2.2,1.79,2.08,Unknown,1,3,4,,,,,,,,,,,,,,,,,,,,,,,,,,,,,,,,,,,,,,,,,,,,,,,,,,,,,,,,,,,,,,,,,,,,,,,lorient,toulouse
F1,28/04/2024,14:00,Strasbourg,Nice,1,3,A,1,1,D,13,8,5,4,11,14,2,3,2,3,0,0,3.0,3.3,2.38,3.1,3.3,2.3,,,,3.24,3.22,2.42,3.1,3.4,2.25,3.0,3.1,2.3,3.27,3.47,2.44,3.12,3.27,2.36,2.1,1.73,2.18,1.74,2.19,1.8,2.11,1.73,0.25,1.84,2.06,1.85,2.07,1.85,2.08,1.82,2.0,3.3,3.3,2.2,3.4,3.2,2.2,,,,3.52,3.29,2.27,3.2,3.3,2.25,3.3,3.25,2.25,3.62,3.4,2.37,3.37,3.27,2.25,2.2,1.67,2.23,1.72,2.35,1.75,2.18,1.69,0.25,1.98,1.95,1.98,1.94,2.03,2.03,1.92,1.92,Unknown,2,3,5,,,,,,,,,,,,,,,,,,,,,,,,,,,,,,,,,,,,,,,,,,,,,,,,,,,,,,,,,,,,,,,,,,,,,,,strasbourg,nice
F1,28/04/2024,16:05,Rennes,Brest,4,5,A,2,1,H,21,10,7,5,14,15,7,4,4,1,0,0,2.25,3.3,3.3,2.25,3.4,3.1,,,,2.28,3.39,3.33,2.2,3.4,3.2,2.15,3.13,3.25,2.3,3.5,3.4,2.25,3.35,3.27,2.1,1.73,2.13,1.78,2.19,1.8,2.09,1.76,-0.25,1.95,1.95,1.97,1.93,1.99,1.98,1.92,1.91,2.15,3.3,3.5,2.2,3.25,3.4,,,,2.2,3.33,3.59,2.15,3.4,3.3,2.15,3.25,3.5,2.25,3.4,3.6,2.19,3.29,3.46,2.1,1.73,2.2,1.74,2.25,1.78,2.13,1.72,-0.25,1.89,2.04,1.91,2.04,1.93,2.04,1.86,1.97,Unknown,4,1,5,,,,,,,,,,,,,,,,,,,,,,,,,,,,,,,,,,,,,,,,,,,,,,,,,,,,,,,,,,,,,,,,,,,,,,,rennes,brest
F1,28/04/2024,18:00,Lyon,Monaco,3,2,H,2,1,H,15,13,4,5,15,14,3,3,1,3,0,0,2.55,3.75,2.55,2.55,3.8,2.45,,,,2.61,3.79,2.59,2.5,3.7,2.6,2.45,3.5,2.5,2.67,3.85,2.65,2.57,3.72,2.57,1.53,2.5,1.55,2.57,1.58,2.57,1.54,2.47,0.0,1.95,1.95,1.96,1.94,1.98,1.98,1.92,1.93,2.2,4.0,2.88,2.25,3.9,2.8,,,,2.26,4.06,2.94,2.2,4.0,2.8,2.2,4.0,2.8,2.39,4.1,2.94,2.29,3.96,2.78,1.36,3.2,1.37,3.26,1.38,3.4,1.35,3.23,-0.25,1.99,1.94,2.0,1.93,2.09,1.95,2.01,1.84,Unknown,1,3,4,,,,,,,,,,,,,,,,,,,,,,,,,,,,,,,,,,,,,,,,,,,,,,,,,,,,,,,,,,,,,,,,,,,,,,,lyon,monaco
F1,28/04/2024,20:00,Marseille,Lens,2,1,H,1,0,H,13,18,6,5,8,12,3,11,2,2,0,0,2.4,3.4,2.9,2.37,3.5,2.85,,,,2.51,3.52,2.85,2.45,3.5,2.7,2.4,3.25,2.75,2.58,3.59,2.9,2.46,3.45,2.83,1.98,1.92,1.95,1.93,1.99,1.96,1.91,1.87,0.0,1.73,2.08,1.83,2.08,1.88,2.08,1.79,2.06,2.2,3.6,3.2,2.15,3.5,3.2,,,,2.24,3.52,3.36,2.15,3.7,3.1,2.15,3.5,3.25,2.28,3.77,3.36,2.21,3.53,3.22,1.85,2.05,1.83,2.08,1.87,2.16,1.78,2.07,-0.25,1.94,1.99,1.94,1.98,1.99,2.02,1.9,1.94,Unknown,2,2,4,,,,,,,,,,,,,,,,,,,,,,,,,,,,,,,,,,,,,,,,,,,,,,,,,,,,,,,,,,,,,,,,,,,,,,,marseille,lens
F1,03/05/2024,18:00,Toulouse,Montpellier,1,2,A,1,1,D,15,5,5,3,17,14,8,0,3,4,1,1,2.05,3.8,3.3,2.1,3.7,3.2,,,,2.1,3.81,3.44,2.05,3.8,3.25,2.0,3.7,3.4,2.13,4.0,3.45,2.08,3.8,3.33,1.57,2.38,1.61,2.43,1.64,2.48,1.59,2.4,-0.25,1.85,2.08,1.84,2.1,1.86,2.1,1.81,2.04,2.0,3.8,3.5,2.0,3.75,3.4,,,,2.04,3.79,3.65,2.0,3.9,3.3,2.0,3.7,3.5,2.07,3.9,3.67,2.02,3.79,3.47,1.62,2.3,1.65,2.36,1.65,2.52,1.59,2.37,-0.5,2.05,1.88,2.05,1.88,2.05,1.88,2.03,1.84,Unknown,5,6,11,,,,,,,,,,,,,,,,,,,,,,,,,,,,,,,,,,,,,,,,,,,,,,,,,,,,,,,,,,,,,,,,,,,,,,,toulouse,montpellier
F1,03/05/2024,20:00,Lens,Lorient,2,0,H,0,0,D,18,11,6,5,10,14,4,4,1,2,0,0,1.44,5.0,6.5,1.43,4.8,6.75,,,,1.44,5.03,6.87,1.4,4.8,7.0,1.4,4.75,7.5,1.46,5.2,7.5,1.43,4.95,6.93,1.57,2.38,1.58,2.5,1.64,2.5,1.57,2.43,-1.25,1.99,1.94,1.96,1.96,1.99,1.99,1.93,1.91,1.44,5.0,6.5,1.44,4.75,6.5,,,,1.47,4.98,6.76,1.44,4.75,7.0,1.4,4.75,7.5,1.47,5.1,7.5,1.44,4.91,6.73,1.57,2.38,1.59,2.5,1.61,2.55,1.56,2.45,-1.25,2.0,1.93,2.01,1.92,2.01,1.96,1.95,1.89,Unknown,1,2,3,,,,,,,,,,,,,,,,,,,,,,,,,,,,,,,,,,,,,,,,,,,,,,,,,,,,,,,,,,,,,,,,,,,,,,,lens,lorient
F1,04/05/2024,14:00,Le Havre,Strasbourg,3,1,H,1,0,H,15,5,7,3,6,13,3,2,3,1,0,0,2.38,3.2,3.1,2.35,3.25,3.1,,,,2.44,3.28,3.15,2.38,3.25,3.1,2.38,3.1,3.13,2.47,3.36,3.25,2.4,3.22,3.14,2.3,1.62,2.36,1.64,2.39,1.68,2.31,1.62,-0.25,2.08,1.85,2.09,1.83,2.09,1.88,2.03,1.82,2.55,3.25,2.88,2.6,3.1,2.87,,,,2.61,3.13,3.08,2.5,3.3,2.8,2.55,3.1,2.9,2.66,3.3,3.08,2.57,3.15,2.93,2.3,1.62,2.35,1.65,2.42,1.71,2.27,1.64,0.0,1.81,2.13,1.81,2.14,1.84,2.14,1.79,2.08,Unknown,3,1,4,,,,,,,,,,,,,,,,,,,,,,,,,,,,,,,,,,,,,,,,,,,,,,,,,,,,,,,,,,,,,,,,,,,,,,,le havre,strasbourg
F1,04/05/2024,16:00,Monaco,Clermont,4,1,H,2,1,H,23,9,8,1,13,12,4,4,3,1,0,0,1.3,6.0,8.5,1.28,5.25,7.5,,,,1.31,6.26,8.38,1.29,6.0,9.0,1.29,5.75,9.5,1.33,6.5,9.5,1.31,5.99,8.61,1.36,3.2,1.38,3.12,1.4,3.22,1.37,3.07,-1.75,2.03,1.78,2.05,1.85,2.09,1.88,2.02,1.81,1.3,6.5,7.5,1.28,5.5,7.0,,,,1.3,6.44,8.64,1.29,6.5,8.0,1.29,6.0,8.5,1.33,6.7,9.0,1.3,6.24,8.2,1.29,3.75,1.33,3.43,1.31,4.0,1.28,3.65,-1.75,2.05,1.88,2.03,1.88,2.05,1.93,1.98,1.85,Unknown,3,1,4,,,,,,,,,,,,,,,,,,,,,,,,,,,,,,,,,,,,,,,,,,,,,,,,,,,,,,,,,,,,,,,,,,,,,,,monaco,clermont
F1,04/05/2024,18:00,Metz,Rennes,2,3,A,2,1,H,7,21,4,9,15,14,2,5,2,3,1,0,3.5,3.6,2.05,3.4,3.6,2.05,,,,3.49,3.75,2.08,3.4,3.7,2.0,3.5,3.4,2.05,3.7,3.82,2.12,3.47,3.65,2.06,1.89,2.01,1.88,2.01,1.92,2.02,1.86,1.95,0.5,1.84,2.09,1.83,2.09,1.85,2.09,1.82,2.05,3.75,3.6,1.95,3.7,3.5,1.98,,,,3.95,3.72,1.97,3.75,3.6,1.95,4.0,3.5,1.91,4.0,3.72,2.06,3.76,3.58,1.99,1.91,1.99,1.91,2.0,1.94,2.02,1.87,1.95,0.5,1.93,2.0,1.94,1.98,1.94,2.0,1.88,1.98,Unknown,4,3,7,,,,,,,,,,,,,,,,,,,,,,,,,,,,,,,,,,,,,,,,,,,,,,,,,,,,,,,,,,,,,,,,,,,,,,,metz,rennes
F1,04/05/2024,20:00,Brest,Nantes,0,0,D,0,0,D,9,9,2,1,6,14,6,0,3,2,0,0,1.73,3.8,4.75,1.7,3.6,5.25,,,,1.74,3.72,5.16,1.7,3.7,5.0,1.7,3.6,5.25,1.8,3.81,5.25,1.74,3.7,4.97,2.1,1.73,2.17,1.74,2.21,1.78,2.14,1.72,-0.75,2.0,1.93,1.98,1.93,2.01,1.93,1.95,1.88,1.7,3.6,5.25,1.71,3.7,5.0,,,,1.74,3.68,5.48,1.67,3.6,5.5,1.7,3.6,5.25,1.76,3.81,5.7,1.71,3.68,5.19,2.1,1.73,2.2,1.74,2.2,1.81,2.09,1.75,-0.75,1.98,1.95,1.97,1.95,1.98,1.99,1.92,1.91,Unknown,3,2,5,,,,,,,,,,,,,,,,,,,,,,,,,,,,,,,,,,,,,,,,,,,,,,,,,,,,,,,,,,,,,,,,,,,,,,,brest,nantes
F1,06/05/2024,20:00,Lille,Lyon,3,4,A,2,0,H,8,11,5,7,14,14,4,4,3,1,0,0,1.91,3.8,3.8,1.9,3.7,3.75,,,,1.92,3.89,3.9,1.85,3.8,3.8,1.87,3.5,3.7,1.96,3.95,4.0,1.91,3.77,3.84,1.73,2.1,1.75,2.16,1.82,2.17,1.74,2.09,-0.5,1.95,1.95,1.93,1.98,1.98,1.98,1.92,1.93,2.05,3.75,3.3,2.05,3.7,3.3,,,,2.11,3.78,3.45,2.0,3.75,3.4,2.05,3.7,3.3,2.11,3.85,3.51,2.07,3.75,3.38,1.62,2.3,1.65,2.38,1.65,2.5,1.6,2.36,-0.25,1.84,2.06,1.85,2.09,1.85,2.12,1.8,2.05,Unknown,3,1,4,,,,,,,,,,,,,,,,,,,,,,,,,,,,,,,,,,,,,,,,,,,,,,,,,,,,,,,,,,,,,,,,,,,,,,,lille,lyon
F1,10/05/2024,20:00,Brest,Reims,1,1,D,1,1,D,16,8,5,2,12,12,3,4,2,3,0,0,1.67,4.0,5.0,1.68,4.0,4.8,,,,1.7,4.01,5.2,1.67,3.8,5.0,1.65,3.9,5.0,1.72,4.24,5.3,1.69,4.02,4.96,1.73,2.1,1.76,2.15,1.8,2.19,1.74,2.13,-0.75,1.87,2.03,1.89,2.03,1.91,2.05,1.85,1.99,1.6,4.2,5.5,1.61,4.1,5.25,,,,1.64,4.2,5.52,1.62,3.9,5.5,1.57,4.1,5.5,1.66,4.4,5.7,1.62,4.17,5.26,1.67,2.2,1.69,2.26,1.73,2.31,1.66,2.24,-1.0,2.05,1.85,2.08,1.85,2.1,1.88,2.03,1.83,Unknown,2,3,5,,,,,,,,,,,,,,,,,,,,,,,,,,,,,,,,,,,,,,,,,,,,,,,,,,,,,,,,,,,,,,,,,,,,,,,brest,reims
F1,10/05/2024,20:00,Nice,Le Havre,1,0,H,1,0,H,13,12,6,3,10,9,6,1,2,0,0,0,1.53,4.0,6.5,1.55,4.1,6.0,,,,1.57,4.22,6.3,1.53,4.2,6.0,1.53,4.0,6.5,1.6,4.35,6.75,1.55,4.16,6.26,1.99,1.91,1.99,1.92,1.99,1.98,1.93,1.9,-1.0,1.98,1.92,2.0,1.93,1.99,1.96,1.93,1.91,1.55,4.0,6.5,1.55,4.0,6.0,,,,1.58,4.12,6.46,1.53,4.2,6.0,1.53,4.0,6.5,1.58,4.25,6.75,1.55,4.08,6.31,2.05,1.85,2.04,1.87,2.06,1.93,1.98,1.85,-1.0,1.99,1.91,2.01,1.91,2.02,1.97,1.95,1.9,Unknown,2,0,2,,,,,,,,,,,,,,,,,,,,,,,,,,,,,,,,,,,,,,,,,,,,,,,,,,,,,,,,,,,,,,,,,,,,,,,nice,le havre
F1,12/05/2024,20:00,Clermont,Lyon,0,1,A,0,0,D,18,6,5,2,8,12,7,2,1,2,0,0,5.25,4.5,1.55,5.25,4.6,1.53,,,,5.54,4.78,1.54,5.0,4.6,1.55,5.25,4.33,1.5,5.7,4.9,1.6,5.22,4.65,1.56,1.44,2.75,1.43,2.91,1.47,2.93,1.43,2.79,1.0,2.01,1.89,2.03,1.88,2.03,1.96,1.96,1.87,5.0,4.2,1.62,4.75,4.4,1.62,,,,5.02,4.4,1.65,4.8,4.4,1.6,4.8,4.4,1.6,5.3,4.65,1.69,4.9,4.44,1.62,1.44,2.75,1.43,2.95,1.48,3.12,1.41,2.94,1.0,1.86,2.07,1.87,2.06,1.95,2.07,1.85,2.0,Unknown,1,2,3,,,,,,,,,,,,,,,,,,,,,,,,,,,,,,,,,,,,,,,,,,,,,,,,,,,,,,,,,,,,,,,,,,,,,,,clermont,lyon
F1,12/05/2024,20:00,Marseille,Lorient,3,1,H,2,1,H,13,14,4,3,9,6,9,5,3,4,0,0,1.44,5.0,6.5,1.38,4.5,6.0,,,,1.47,4.84,6.63,1.4,5.0,7.0,1.36,4.5,7.0,1.49,5.2,7.14,1.43,4.9,6.7,1.53,2.5,1.57,2.51,1.57,2.57,1.54,2.48,-1.25,1.98,1.92,2.01,1.9,2.01,1.97,1.92,1.9,1.5,4.2,6.5,1.44,4.2,5.5,,,,1.51,4.71,6.34,1.4,5.0,7.0,1.44,4.5,7.0,1.52,5.1,7.44,1.47,4.69,6.53,1.62,2.3,1.63,2.39,1.65,2.55,1.58,2.4,-1.25,2.11,1.82,2.1,1.81,2.11,1.91,2.0,1.84,Unknown,3,4,7,,,,,,,,,,,,,,,,,,,,,,,,,,,,,,,,,,,,,,,,,,,,,,,,,,,,,,,,,,,,,,,,,,,,,,,marseille,lorient
F1,12/05/2024,20:00,Montpellier,Monaco,0,2,A,0,0,D,14,19,3,9,20,10,3,3,1,1,0,0,3.8,4.0,1.83,3.6,4.1,1.87,,,,3.92,4.26,1.83,3.6,4.2,1.83,3.6,3.9,1.8,3.99,4.4,1.88,3.73,4.18,1.85,1.4,3.0,1.4,3.04,1.42,3.12,1.39,2.96,0.75,1.78,2.03,1.86,2.05,1.86,2.1,1.79,2.02,4.2,4.33,1.67,4.1,4.5,1.7,,,,4.28,4.59,1.72,4.2,4.5,1.67,4.2,4.4,1.67,4.49,4.7,1.75,4.15,4.53,1.7,1.3,3.5,1.34,3.39,1.32,3.83,1.29,3.58,0.75,2.04,1.89,2.03,1.9,2.06,1.91,1.98,1.86,Unknown,1,1,2,,,,,,,,,,,,,,,,,,,,,,,,,,,,,,,,,,,,,,,,,,,,,,,,,,,,,,,,,,,,,,,,,,,,,,,montpellier,monaco
F1,12/05/2024,20:00,Nantes,Lille,1,2,A,0,2,A,9,12,5,3,17,7,5,4,4,2,0,0,4.0,3.5,1.91,3.8,3.4,1.98,,,,4.03,3.53,1.99,3.8,3.5,1.95,3.9,3.25,1.91,4.1,3.65,2.03,3.94,3.49,1.97,2.1,1.73,2.13,1.77,2.16,1.84,2.08,1.76,0.5,1.91,1.99,1.91,2.0,1.92,2.0,1.89,1.95,5.0,3.8,1.7,4.6,3.6,1.77,,,,5.16,3.88,1.73,4.8,3.75,1.7,4.8,3.75,1.73,5.26,3.88,1.85,4.78,3.71,1.77,2.02,1.88,2.06,1.85,2.07,1.88,2.0,1.83,0.75,1.98,1.95,1.97,1.95,2.01,2.1,1.85,1.99,Unknown,4,2,6,,,,,,,,,,,,,,,,,,,,,,,,,,,,,,,,,,,,,,,,,,,,,,,,,,,,,,,,,,,,,,,,,,,,,,,nantes,lille
F1,12/05/2024,20:00,Paris SG,Toulouse,1,3,A,1,1,D,15,18,3,5,12,8,4,6,0,0,0,0,1.4,6.0,5.75,1.4,5.25,6.75,,,,1.38,5.96,6.92,1.36,5.5,7.0,1.36,4.8,7.0,1.43,6.0,7.48,1.39,5.52,6.8,1.4,3.0,1.39,3.11,1.43,3.11,1.4,2.96,-1.5,2.03,1.87,2.02,1.88,2.06,1.89,2.01,1.84,1.36,6.0,7.5,1.35,5.5,7.5,,,,1.37,5.91,7.72,1.3,5.8,8.5,1.3,5.75,8.5,1.39,6.01,8.5,1.35,5.75,7.54,1.3,3.5,1.34,3.46,1.38,3.5,1.34,3.31,-1.5,1.91,2.02,1.93,2.0,2.0,2.03,1.92,1.94,Unknown,0,0,0,,,,,,,,,,,,,,,,,,,,,,,,,,,,,,,,,,,,,,,,,,,,,,,,,,,,,,,,,,,,,,,,,,,,,,,paris sg,toulouse
F1,12/05/2024,20:00,Rennes,Lens,1,1,D,0,0,D,16,8,6,4,12,14,4,3,2,3,0,0,2.5,3.4,2.8,2.55,3.4,2.65,,,,2.51,3.59,2.81,2.45,3.5,2.7,2.45,3.2,2.7,2.58,3.65,2.86,2.5,3.48,2.76,1.89,2.01,1.91,1.98,1.95,2.02,1.87,1.95,0.0,1.85,2.05,1.85,2.07,1.89,2.07,1.84,2.01,2.25,3.6,3.0,2.25,3.6,3.0,,,,2.3,3.66,3.13,2.25,3.5,3.0,2.25,3.5,3.0,2.32,3.7,3.18,2.27,3.58,3.06,1.67,2.2,1.7,2.25,1.75,2.28,1.68,2.21,-0.25,2.01,1.92,2.01,1.92,2.01,1.92,1.96,1.88,Unknown,2,3,5,,,,,,,,,,,,,,,,,,,,,,,,,,,,,,,,,,,,,,,,,,,,,,,,,,,,,,,,,,,,,,,,,,,,,,,rennes,lens
F1,12/05/2024,20:00,Strasbourg,Metz,2,1,H,0,0,D,10,11,2,2,10,10,3,6,2,2,0,0,2.2,3.6,3.1,2.15,3.5,3.25,,,,2.19,3.72,3.25,2.2,3.6,3.1,2.15,3.25,3.13,2.29,3.75,3.29,2.18,3.6,3.19,1.95,1.95,1.94,1.94,1.97,1.97,1.91,1.91,-0.25,1.92,1.98,1.91,1.99,1.97,1.99,1.88,1.94,2.05,3.6,3.4,2.1,3.5,3.4,,,,2.18,3.55,3.47,2.1,3.6,3.25,2.1,3.5,3.4,2.18,3.71,3.52,2.12,3.56,3.41,1.95,1.95,1.96,1.94,1.96,2.02,1.87,1.95,-0.25,1.87,2.06,1.89,2.03,1.89,2.07,1.83,2.0,Unknown,2,2,4,,,,,,,,,,,,,,,,,,,,,,,,,,,,,,,,,,,,,,,,,,,,,,,,,,,,,,,,,,,,,,,,,,,,,,,strasbourg,metz
F1,15/05/2024,20:00,Nice,Paris SG,1,2,A,1,2,A,12,11,4,4,13,10,7,2,1,3,1,0,2.5,3.6,2.63,2.4,3.6,2.7,,,,2.44,3.85,2.76,2.38,3.75,2.7,2.45,3.6,2.7,2.54,3.9,2.8,2.44,3.73,2.72,1.57,2.38,1.61,2.42,1.64,2.46,1.59,2.39,0.0,1.87,2.03,1.84,2.08,1.9,2.12,1.83,2.04,2.05,3.7,3.4,2.1,3.6,3.25,,,,2.09,3.77,3.51,2.1,3.7,3.25,2.05,3.6,3.4,2.17,3.9,3.51,2.1,3.73,3.32,1.67,2.2,1.7,2.25,1.7,2.45,1.63,2.3,-0.25,1.75,2.05,1.82,2.1,1.86,2.13,1.82,2.03,Unknown,3,3,6,,,,,,,,,,,,,,,,,,,,,,,,,,,,,,,,,,,,,,,,,,,,,,,,,,,,,,,,,,,,,,,,,,,,,,,nice,paris sg
F1,15/05/2024,20:00,Reims,Marseille,1,0,H,1,0,H,10,19,3,3,17,9,3,10,3,1,0,0,3.25,3.5,2.15,3.1,3.6,2.15,,,,3.3,3.68,2.18,3.2,3.7,2.1,3.2,3.6,2.15,3.4,3.79,2.26,3.22,3.64,2.17,1.67,2.2,1.68,2.28,1.73,2.32,1.68,2.22,0.25,2.0,1.9,2.0,1.91,2.02,1.94,1.95,1.87,4.0,3.75,1.85,3.8,3.8,1.87,,,,4.11,4.02,1.86,4.2,3.8,1.8,4.1,3.8,1.8,4.23,4.02,1.92,3.99,3.88,1.86,1.62,2.3,1.66,2.35,1.68,2.35,1.63,2.3,0.5,2.05,1.88,2.06,1.87,2.11,1.91,2.01,1.86,Unknown,3,1,4,,,,,,,,,,,,,,,,,,,,,,,,,,,,,,,,,,,,,,,,,,,,,,,,,,,,,,,,,,,,,,,,,,,,,,,reims,marseille
F1,19/05/2024,20:00,Le Havre,Marseille,1,2,A,0,0,D,13,22,6,7,11,11,5,3,1,0,0,0,4.5,3.6,1.8,4.4,3.6,1.8,,,,4.43,3.77,1.82,4.4,3.8,1.75,4.33,3.5,1.75,4.6,3.95,1.85,4.41,3.72,1.81,1.84,2.06,1.85,2.03,1.9,2.07,1.83,1.99,0.75,1.84,2.06,1.83,2.07,1.85,2.09,1.81,2.01,4.75,3.7,1.75,4.5,3.9,1.73,,,,4.48,3.95,1.79,4.5,4.0,1.7,4.6,3.8,1.73,4.87,4.1,1.79,4.56,3.91,1.74,1.73,2.1,1.76,2.14,1.78,2.23,1.72,2.15,0.75,1.9,2.03,1.88,2.02,1.96,2.03,1.9,1.94,Unknown,1,0,1,,,,,,,,,,,,,,,,,,,,,,,,,,,,,,,,,,,,,,,,,,,,,,,,,,,,,,,,,,,,,,,,,,,,,,,le havre,marseille
F1,19/05/2024,20:00,Lens,Montpellier,2,2,D,2,0,H,27,11,13,2,10,13,1,0,0,1,0,0,1.44,4.75,6.5,1.46,4.8,6.0,,,,1.43,5.16,6.65,1.4,5.0,6.5,1.36,4.75,6.5,1.48,5.4,6.9,1.43,4.98,6.45,1.44,2.75,1.43,2.88,1.45,2.98,1.43,2.81,-1.25,1.91,1.99,1.9,1.99,1.97,1.99,1.89,1.93,1.33,5.5,8.0,1.31,5.75,8.75,,,,1.3,6.06,8.76,1.29,6.0,9.0,1.25,6.0,10.0,1.44,6.5,10.0,1.32,5.83,8.52,1.36,3.2,1.37,3.19,1.37,3.39,1.35,3.21,-1.5,1.75,2.05,1.81,2.08,2.1,2.16,1.84,2.02,Unknown,0,1,1,,,,,,,,,,,,,,,,,,,,,,,,,,,,,,,,,,,,,,,,,,,,,,,,,,,,,,,,,,,,,,,,,,,,,,,lens,montpellier
F1,19/05/2024,20:00,Lille,Nice,2,2,D,0,1,A,12,10,3,4,9,9,3,5,3,3,1,0,1.65,4.0,5.0,1.61,3.9,5.0,,,,1.61,4.01,5.09,1.65,4.0,5.0,1.57,3.8,5.25,1.7,4.2,5.6,1.64,4.03,5.18,1.8,2.0,1.76,2.04,1.87,2.1,1.79,2.04,-0.75,1.82,2.08,1.78,2.05,1.87,2.13,1.8,2.03,1.48,4.5,6.0,1.46,4.4,6.25,,,,1.51,4.47,6.62,1.44,4.5,6.5,1.45,4.5,7.0,1.55,4.6,7.0,1.49,4.46,6.52,1.67,2.2,1.68,2.26,1.72,2.31,1.67,2.23,-1.0,1.78,2.03,1.83,2.1,1.85,2.12,1.8,2.06,Unknown,5,3,8,,,,,,,,,,,,,,,,,,,,,,,,,,,,,,,,,,,,,,,,,,,,,,,,,,,,,,,,,,,,,,,,,,,,,,,lille,nice
F1,19/05/2024,20:00,Lorient,Clermont,5,0,H,2,0,H,32,9,10,4,20,8,9,2,3,3,0,0,1.67,4.0,4.75,1.7,4.1,4.4,,,,1.65,4.41,4.78,1.62,4.4,4.6,1.6,4.0,4.6,1.71,4.5,4.9,1.67,4.28,4.63,1.5,2.63,1.5,2.63,1.54,2.69,1.5,2.58,-0.75,1.85,2.05,1.81,2.07,1.91,2.1,1.82,2.01,1.62,4.2,5.0,1.63,4.2,4.75,,,,1.64,4.49,4.92,1.6,4.4,4.75,1.6,4.33,5.0,1.68,4.6,5.21,1.63,4.39,4.82,1.44,2.75,1.46,2.8,1.48,2.86,1.45,2.75,-1.0,2.06,1.87,2.04,1.87,2.08,1.88,2.03,1.83,Unknown,3,3,6,,,,,,,,,,,,,,,,,,,,,,,,,,,,,,,,,,,,,,,,,,,,,,,,,,,,,,,,,,,,,,,,,,,,,,,lorient,clermont
F1,19/05/2024,20:00,Lyon,Strasbourg,2,1,H,1,0,H,15,10,6,4,7,10,7,2,1,0,0,0,1.42,4.75,7.5,1.44,5.0,6.25,,,,1.4,5.22,7.3,1.4,5.0,7.0,1.36,4.8,7.0,1.45,5.5,7.7,1.41,5.1,6.94,1.4,3.0,1.41,2.96,1.44,3.07,1.41,2.9,-1.25,1.88,2.02,1.87,2.02,1.93,2.06,1.84,1.99,1.3,5.25,9.5,1.31,5.75,8.75,,,,1.35,5.61,8.36,1.3,5.8,8.5,1.29,5.75,9.5,1.35,6.2,9.77,1.32,5.73,8.81,1.4,3.0,1.45,2.86,1.45,3.07,1.4,2.95,-1.5,1.86,2.07,1.92,1.99,1.92,2.07,1.84,2.02,Unknown,1,0,1,,,,,,,,,,,,,,,,,,,,,,,,,,,,,,,,,,,,,,,,,,,,,,,,,,,,,,,,,,,,,,,,,,,,,,,lyon,strasbourg
F1,19/05/2024,20:00,Metz,Paris SG,0,2,A,0,2,A,10,20,2,8,6,9,1,11,2,1,0,0,5.5,4.0,1.62,4.8,4.5,1.6,,,,5.23,4.41,1.6,5.0,4.6,1.55,4.8,4.2,1.55,5.5,4.71,1.66,5.06,4.44,1.6,1.44,2.75,1.44,2.85,1.48,2.98,1.43,2.82,1.0,1.91,1.99,1.89,2.0,1.95,2.0,1.89,1.95,4.5,3.6,1.8,4.33,4.0,1.73,,,,4.47,3.92,1.79,4.2,4.2,1.73,4.33,4.0,1.73,4.74,4.2,1.81,4.35,3.91,1.77,1.53,2.5,1.56,2.54,1.56,2.6,1.51,2.54,0.75,1.88,2.05,1.9,2.0,1.94,2.05,1.87,1.96,Unknown,2,1,3,,,,,,,,,,,,,,,,,,,,,,,,,,,,,,,,,,,,,,,,,,,,,,,,,,,,,,,,,,,,,,,,,,,,,,,metz,paris sg
F1,19/05/2024,20:00,Monaco,Nantes,4,0,H,3,0,H,10,6,6,3,14,23,2,2,1,2,0,0,1.38,5.0,7.5,1.4,5.25,6.75,,,,1.41,5.33,6.67,1.36,5.5,7.0,1.33,5.0,7.0,1.45,5.6,7.5,1.4,5.25,6.87,1.4,3.0,1.4,3.01,1.43,3.07,1.4,2.92,-1.5,2.05,1.85,2.04,1.85,2.1,1.87,2.03,1.82,1.55,4.75,5.0,1.53,4.75,5.25,,,,1.58,4.8,5.12,1.44,5.0,5.8,1.5,4.75,5.5,1.58,5.3,6.0,1.53,4.89,5.39,1.4,3.0,1.4,3.04,1.42,3.33,1.37,3.1,-1.0,1.93,2.0,1.93,1.98,1.93,2.2,1.83,2.05,Unknown,1,2,3,,,,,,,,,,,,,,,,,,,,,,,,,,,,,,,,,,,,,,,,,,,,,,,,,,,,,,,,,,,,,,,,,,,,,,,monaco,nantes
F1,19/05/2024,20:00,Reims,Rennes,2,1,H,0,0,D,6,15,4,5,11,17,2,4,1,1,0,0,2.88,3.3,2.5,2.75,3.5,2.45,,,,2.85,3.54,2.47,2.8,3.4,2.45,2.63,3.5,2.38,2.88,3.71,2.53,2.79,3.53,2.46,1.62,2.3,1.6,2.4,1.67,2.45,1.6,2.36,0.0,2.07,1.83,2.1,1.81,2.11,1.85,2.05,1.81,3.1,3.5,2.25,2.95,3.6,2.25,,,,3.15,3.71,2.24,2.8,3.5,2.38,2.9,3.75,2.25,3.16,3.75,2.42,2.94,3.63,2.3,1.53,2.5,1.52,2.6,1.56,2.6,1.51,2.53,0.25,1.94,1.99,1.94,1.96,1.95,2.1,1.84,2.0,Unknown,1,1,2,,,,,,,,,,,,,,,,,,,,,,,,,,,,,,,,,,,,,,,,,,,,,,,,,,,,,,,,,,,,,,,,,,,,,,,reims,rennes
F1,19/05/2024,20:00,Toulouse,Brest,0,3,A,0,0,D,8,12,2,6,12,17,6,2,1,2,0,0,4.0,3.75,1.9,4.0,3.75,1.85,,,,3.84,3.95,1.9,3.9,3.9,1.83,3.75,3.6,1.83,4.02,4.0,1.94,3.86,3.87,1.89,1.67,2.2,1.68,2.25,1.73,2.3,1.65,2.24,0.5,1.99,1.91,1.98,1.91,2.02,1.92,1.96,1.89,3.0,3.6,2.3,2.87,3.6,2.3,,,,2.89,3.79,2.36,2.88,3.8,2.25,2.88,3.6,2.3,3.25,3.8,2.38,2.94,3.67,2.29,1.62,2.3,1.65,2.34,1.68,2.37,1.62,2.29,0.25,1.85,2.08,1.84,2.08,1.87,2.09,1.84,2.0,Unknown,1,2,3,,,,,,,,,,,,,,,,,,,,,,,,,,,,,,,,,,,,,,,,,,,,,,,,,,,,,,,,,,,,,,,,,,,,,,,toulouse,brest
F1,16/08/2024,19:45,Le Havre,Paris SG,1,4,A,0,1,A,5,14,2,9,9,9,2,8,3,0,0,0,7.0,4.75,1.42,6.75,4.8,1.43,,,,7.84,4.94,1.42,7.5,4.75,1.4,,,,8.0,5.06,1.46,7.41,4.86,1.42,1.62,2.3,1.65,2.36,1.69,2.42,1.63,2.33,1.25,1.95,1.98,1.97,1.95,1.97,1.98,1.92,1.92,7.0,4.75,1.42,7.0,4.75,1.43,,,,7.8,4.76,1.43,7.5,4.75,1.4,,,,7.8,5.0,1.46,7.3,4.73,1.43,1.67,2.2,1.71,2.23,1.75,2.3,1.69,2.2,1.25,1.93,2.0,1.95,1.97,1.95,2.02,1.89,1.95,Unknown,3,0,3,7.5,5.0,1.4,7.55,5.06,1.46,8.0,5.2,1.45,1.66,2.44,1.97,1.97,7.0,4.6,1.33,7.48,4.87,1.45,8.2,5.2,1.44,1.76,2.3,1.95,2.02,,,,,,,,,,,,,,,,,,,,,,,,,,,,,,,,,,,,,,,,,,,,,le havre,paris sg
F1,17/08/2024,16:00,Brest,Marseille,1,5,A,1,3,A,7,7,5,5,10,8,5,0,4,1,0,0,3.0,3.3,2.4,2.8,3.4,2.45,,,,2.96,3.37,2.51,2.88,3.4,2.4,,,,3.0,3.65,2.55,2.88,3.4,2.46,1.89,2.01,1.88,2.0,1.92,2.02,1.87,1.97,0.0,2.1,1.7,2.13,1.8,2.14,1.82,2.1,1.78,3.25,3.2,2.3,3.0,3.25,2.37,,,,3.3,3.34,2.35,3.1,3.4,2.3,,,,3.4,3.45,2.42,3.16,3.32,2.34,2.08,1.82,2.07,1.85,2.14,1.89,2.0,1.82,0.25,1.89,2.04,1.91,2.02,1.91,2.08,1.85,2.01,Unknown,4,1,5,2.9,3.3,2.45,2.95,3.65,2.49,3.05,3.5,2.58,1.89,2.06,2.17,1.84,3.2,3.25,2.25,3.4,3.26,2.33,3.35,3.35,2.46,2.18,1.82,1.9,2.09,,,,,,,,,,,,,,,,,,,,,,,,,,,,,,,,,,,,,,,,,,,,,brest,marseille
F1,17/08/2024,18:00,Reims,Lille,0,2,A,0,1,A,2,21,0,6,6,13,0,8,2,2,1,0,3.3,3.4,2.2,3.3,3.4,2.15,,,,3.36,3.38,2.27,3.3,3.5,2.15,,,,3.6,3.63,2.29,3.33,3.41,2.2,1.99,1.91,1.97,1.92,2.0,1.95,1.95,1.88,0.25,1.99,1.94,1.94,1.96,2.0,1.96,1.95,1.88,3.0,3.2,2.45,2.85,3.25,2.5,,,,3.03,3.26,2.56,2.75,3.3,2.6,,,,3.03,3.4,2.66,2.87,3.28,2.55,2.1,1.73,2.2,1.74,2.21,1.86,2.07,1.78,0.0,2.1,1.7,2.14,1.81,2.14,1.85,2.07,1.8,Unknown,4,2,6,3.4,3.3,2.2,3.4,3.63,2.25,3.55,3.45,2.3,2.0,1.81,2.0,1.96,2.75,3.1,2.45,3.03,3.3,2.51,3.1,3.35,2.6,2.2,1.81,2.13,1.86,,,,,,,,,,,,,,,,,,,,,,,,,,,,,,,,,,,,,,,,,,,,,reims,lille
F1,17/08/2024,20:00,Monaco,St Etienne,1,0,H,1,0,H,13,7,6,4,13,14,5,4,1,1,0,0,1.48,4.5,6.25,1.52,4.4,5.75,,,,1.51,4.64,6.26,1.5,4.4,6.5,,,,1.54,4.9,6.5,1.5,4.64,6.1,1.57,2.38,1.59,2.45,1.66,2.5,1.58,2.42,-1.0,1.75,2.05,1.81,2.09,1.82,2.1,1.78,2.08,1.36,5.25,7.5,1.35,5.5,8.0,,,,1.38,5.55,7.85,1.33,5.5,8.0,,,,1.4,5.7,8.75,1.35,5.43,7.95,1.44,2.75,1.45,2.89,1.48,2.91,1.44,2.81,-1.5,2.0,1.93,2.0,1.93,2.0,2.01,1.95,1.91,Unknown,1,1,2,1.5,4.6,6.5,1.54,4.82,6.26,1.53,4.9,6.8,1.61,2.52,1.82,2.15,1.29,5.0,8.0,1.36,5.54,8.75,1.37,6.0,9.4,1.48,3.0,1.95,2.0,,,,,,,,,,,,,,,,,,,,,,,,,,,,,,,,,,,,,,,,,,,,,monaco,st etienne
F1,18/08/2024,14:00,Auxerre,Nice,2,1,H,1,1,D,16,9,7,2,11,17,3,5,0,0,0,0,3.1,3.25,2.35,3.1,3.2,2.35,,,,3.22,3.18,2.45,3.1,3.2,2.38,,,,3.28,3.41,2.47,3.14,3.21,2.39,2.2,1.67,2.23,1.71,2.25,1.75,2.19,1.69,0.25,1.85,2.08,1.83,2.09,1.85,2.09,1.82,2.02,2.88,3.4,2.4,2.95,3.2,2.45,,,,3.0,3.47,2.46,2.9,3.3,2.45,,,,3.06,3.49,2.57,2.97,3.3,2.46,1.98,1.92,1.94,1.96,2.11,2.0,2.01,1.83,0.25,1.82,2.11,1.82,2.13,1.83,2.17,1.77,2.1,Unknown,0,0,0,3.1,3.25,2.4,3.23,3.41,2.42,3.3,3.35,2.44,2.26,1.73,1.89,2.08,3.0,3.1,2.4,3.06,3.49,2.39,3.15,3.4,2.54,2.08,1.9,1.84,2.16,,,,,,,,,,,,,,,,,,,,,,,,,,,,,,,,,,,,,,,,,,,,,auxerre,nice
F1,18/08/2024,16:00,Angers,Lens,0,1,A,0,1,A,4,10,3,5,6,10,7,3,1,0,0,0,5.75,3.8,1.62,5.0,3.9,1.66,,,,5.66,3.96,1.65,5.5,3.9,1.65,,,,5.75,4.15,1.7,5.35,3.92,1.65,1.92,1.98,1.9,1.99,1.94,2.01,1.88,1.96,0.75,2.08,1.85,2.08,1.83,2.08,1.85,2.01,1.81,7.0,3.75,1.55,6.0,3.8,1.58,,,,6.84,4.04,1.57,6.0,4.0,1.57,,,,7.42,4.1,1.61,6.48,3.93,1.57,2.1,1.73,2.03,1.88,2.2,1.93,2.03,1.81,1.0,1.87,2.06,1.94,1.98,1.94,2.07,1.86,2.01,Unknown,1,0,1,5.5,3.9,1.65,5.38,4.15,1.7,5.9,4.1,1.68,1.94,1.99,2.1,1.86,6.5,4.0,1.5,7.42,3.84,1.58,7.4,4.2,1.59,2.06,1.91,1.96,2.0,,,,,,,,,,,,,,,,,,,,,,,,,,,,,,,,,,,,,,,,,,,,,angers,lens
F1,18/08/2024,16:00,Montpellier,Strasbourg,1,1,D,0,0,D,7,11,5,4,20,18,6,4,4,3,0,0,2.0,3.3,3.75,2.1,3.3,3.6,,,,2.12,3.35,3.8,2.05,3.4,3.6,,,,2.14,3.69,3.86,2.08,3.39,3.64,1.98,1.92,2.0,1.89,2.02,1.93,1.96,1.87,-0.5,2.09,1.84,2.12,1.79,2.12,1.84,2.08,1.8,2.0,3.5,3.5,2.05,3.5,3.4,,,,2.1,3.63,3.6,2.1,3.5,3.4,,,,2.12,3.65,3.81,2.08,3.53,3.54,1.73,2.1,1.72,2.23,1.85,2.23,1.78,2.07,-0.25,1.75,2.05,1.83,2.11,1.85,2.14,1.79,2.06,Unknown,4,3,7,2.1,3.4,3.6,2.1,3.69,3.73,2.12,3.55,3.85,2.0,1.91,2.12,1.87,2.05,3.4,3.5,2.08,3.62,3.65,2.18,3.55,3.8,1.84,2.16,1.87,2.13,,,,,,,,,,,,,,,,,,,,,,,,,,,,,,,,,,,,,,,,,,,,,montpellier,strasbourg
F1,18/08/2024,16:00,Toulouse,Nantes,0,0,D,0,0,D,7,6,3,2,10,8,10,5,1,3,0,0,2.1,3.3,3.7,2.1,3.25,3.7,,,,2.11,3.29,3.92,2.05,3.3,3.75,,,,2.13,3.5,4.0,2.08,3.3,3.75,2.2,1.67,2.28,1.68,2.31,1.72,2.23,1.67,-0.25,1.84,2.09,1.8,2.12,1.84,2.15,1.78,2.07,2.1,3.4,3.6,2.1,3.25,3.6,,,,2.12,3.34,3.87,2.0,3.4,3.8,,,,2.13,3.43,4.1,2.08,3.33,3.75,2.1,1.73,2.17,1.76,2.25,1.79,2.15,1.72,-0.25,1.84,2.09,1.82,2.12,1.84,2.16,1.79,2.07,Unknown,1,3,4,2.1,3.3,3.75,2.12,3.5,3.87,2.14,3.35,3.95,2.3,1.71,1.83,2.17,2.0,3.25,3.75,2.08,3.43,3.87,2.14,3.45,4.0,2.22,1.8,1.83,2.18,,,,,,,,,,,,,,,,,,,,,,,,,,,,,,,,,,,,,,,,,,,,,toulouse,nantes
F1,18/08/2024,19:45,Rennes,Lyon,3,0,H,2,0,H,22,16,8,2,13,12,7,7,2,1,0,0,2.35,3.5,2.9,2.25,3.5,3.1,,,,2.47,3.38,3.01,2.3,3.5,3.0,,,,2.47,3.76,3.1,2.36,3.45,2.95,1.8,2.0,1.86,2.04,1.88,2.1,1.8,2.03,-0.25,2.1,1.83,2.13,1.81,2.13,1.88,2.03,1.81,2.25,3.4,3.1,2.3,3.4,3.0,,,,2.35,3.45,3.21,2.3,3.4,3.1,,,,2.44,3.58,3.21,2.33,3.42,3.08,1.95,1.95,1.95,1.95,1.97,2.03,1.89,1.94,-0.25,2.02,1.91,2.03,1.9,2.06,1.91,1.99,1.86,Unknown,2,1,3,2.3,3.5,2.9,2.39,3.76,3.03,2.46,3.55,3.1,1.87,2.08,2.14,1.85,2.2,3.25,3.0,2.42,3.58,2.97,2.42,3.55,3.25,2.0,1.99,2.06,1.91,,,,,,,,,,,,,,,,,,,,,,,,,,,,,,,,,,,,,,,,,,,,,rennes,lyon
F1,23/08/2024,19:45,Paris SG,Montpellier,6,0,H,2,0,H,21,6,10,3,9,16,10,2,1,4,0,0,1.25,7.0,10.0,1.24,6.75,10.5,,,,1.25,6.94,10.85,1.22,6.5,12.0,,,,1.26,7.8,13.2,1.23,6.93,11.18,1.33,3.4,1.33,3.43,1.35,3.52,1.32,3.35,-2.0,2.04,1.86,2.07,1.82,2.06,1.88,2.0,1.85,1.22,7.0,11.0,1.22,7.0,11.5,,,,1.23,7.15,12.02,1.2,7.0,12.0,,,,1.24,7.25,12.5,1.21,6.96,11.63,1.36,3.2,1.36,3.25,1.36,3.55,1.33,3.26,-2.0,2.02,1.88,2.04,1.88,2.04,1.94,1.98,1.87,Unknown,1,4,5,1.22,7.0,12.0,1.23,7.8,13.2,1.25,7.6,13.0,1.37,3.6,2.09,1.9,1.15,6.5,12.0,1.24,7.2,11.7,1.23,7.8,15.5,1.38,3.5,2.0,1.99,,,,,,,,,,,,,,,,,,,,,,,,,,,,,,,,,,,,,,,,,,,,,paris sg,montpellier
F1,24/08/2024,16:00,Lyon,Monaco,0,2,A,0,0,D,2,15,1,4,10,7,0,6,0,0,0,1,2.5,3.8,2.6,2.45,3.7,2.65,,,,2.62,3.73,2.61,2.45,3.75,2.62,,,,2.62,4.02,2.7,2.51,3.75,2.61,1.5,2.63,1.53,2.6,1.53,2.67,1.5,2.56,0.0,1.93,1.97,1.95,1.95,1.95,2.0,1.92,1.97,2.63,3.8,2.45,2.65,3.7,2.45,,,,2.79,3.73,2.49,2.6,3.7,2.5,,,,2.85,3.87,2.61,2.71,3.72,2.46,1.5,2.63,1.54,2.6,1.54,2.69,1.51,2.59,0.0,2.07,1.86,2.08,1.85,2.11,1.87,2.05,1.84,Unknown,0,2,2,2.5,3.9,2.63,2.56,4.02,2.66,2.62,4.0,2.66,,,1.97,2.0,2.6,3.5,2.4,2.85,3.87,2.37,2.8,3.85,2.58,1.54,2.78,2.07,1.9,,,,,,,,,,,,,,,,,,,,,,,,,,,,,,,,,,,,,,,,,,,,,lyon,monaco
F1,24/08/2024,18:00,Lille,Angers,2,0,H,1,0,H,11,5,6,2,9,17,3,2,1,2,0,0,1.36,4.75,9.0,1.35,4.8,9.25,,,,1.33,4.72,8.77,1.35,4.6,10.0,,,,1.39,5.13,10.1,1.35,4.87,9.4,1.98,1.92,1.96,1.84,2.03,1.93,1.96,1.87,-1.25,1.85,2.05,1.83,2.0,1.89,2.06,1.84,2.01,1.33,4.75,9.5,1.35,4.8,9.75,,,,1.36,4.96,10.48,1.35,4.75,9.5,,,,1.39,5.3,11.0,1.35,4.92,9.81,2.07,1.83,2.07,1.85,2.08,2.0,1.95,1.88,-1.25,1.86,2.07,1.88,2.05,1.88,2.11,1.83,2.03,Unknown,1,2,3,1.36,4.75,10.0,1.39,5.13,10.1,1.4,5.1,11.0,2.04,1.92,1.9,2.03,1.29,4.75,9.5,1.39,4.92,9.12,1.37,5.2,11.5,2.06,1.92,1.87,2.09,,,,,,,,,,,,,,,,,,,,,,,,,,,,,,,,,,,,,,,,,,,,,lille,angers
F1,24/08/2024,20:00,St Etienne,Le Havre,0,2,A,0,0,D,18,14,5,5,11,9,2,4,3,3,0,0,2.1,3.4,3.5,2.05,3.4,3.6,,,,2.11,3.45,3.71,2.05,3.4,3.6,,,,2.14,3.56,3.78,2.09,3.41,3.61,2.1,1.73,2.15,1.76,2.18,1.8,2.1,1.75,-0.25,1.82,2.08,1.82,2.1,1.85,2.12,1.8,2.05,1.95,3.4,3.9,2.0,3.3,3.8,,,,2.04,3.42,4.09,2.0,3.3,3.9,,,,2.11,3.45,4.2,2.02,3.36,3.95,2.2,1.67,2.23,1.72,2.38,1.73,2.23,1.67,-0.5,2.04,1.89,2.05,1.88,2.05,1.9,2.01,1.86,Unknown,3,3,6,2.1,3.4,3.7,2.14,3.56,3.73,2.16,3.5,3.85,,,1.85,2.14,2.0,3.2,3.9,2.11,3.42,3.8,2.1,3.4,4.2,2.32,1.73,2.1,1.89,,,,,,,,,,,,,,,,,,,,,,,,,,,,,,,,,,,,,,,,,,,,,st etienne,le havre
F1,25/08/2024,14:00,Lens,Brest,2,0,H,2,0,H,22,10,11,2,8,6,5,2,0,0,1,0,1.8,3.7,4.5,1.78,3.7,4.4,,,,1.81,3.71,4.69,1.75,3.7,4.6,,,,1.84,3.85,4.9,1.79,3.69,4.55,2.02,1.88,2.02,1.87,2.04,1.91,1.98,1.85,-0.75,2.06,1.84,2.06,1.85,2.08,1.89,2.01,1.83,1.85,3.5,4.33,1.88,3.5,4.2,,,,1.9,3.56,4.48,1.85,3.4,4.5,,,,1.93,3.6,4.6,1.88,3.51,4.37,2.0,1.8,2.11,1.8,2.16,1.84,2.07,1.77,-0.5,1.91,2.02,1.91,2.01,1.91,2.04,1.89,1.98,Unknown,2,0,2,1.8,3.75,4.6,1.84,3.85,4.71,1.86,3.7,4.9,2.06,1.89,2.1,1.86,1.85,3.3,4.5,1.87,3.59,4.6,1.92,3.65,4.8,2.12,1.87,1.91,2.08,,,,,,,,,,,,,,,,,,,,,,,,,,,,,,,,,,,,,,,,,,,,,lens,brest
F1,25/08/2024,16:00,Nantes,Auxerre,2,0,H,1,0,H,8,10,6,3,9,6,3,12,0,0,0,1,2.25,3.3,3.25,2.25,3.4,3.1,,,,2.25,3.22,3.22,2.3,3.4,3.1,,,,2.38,3.54,3.33,2.28,3.33,3.19,2.1,1.73,2.06,1.74,2.11,1.85,2.05,1.78,-0.25,1.99,1.91,1.93,1.87,2.0,1.96,1.95,1.88,2.55,3.3,2.75,2.45,3.4,2.8,,,,2.66,3.39,2.81,2.5,3.4,2.75,,,,2.66,3.47,3.32,2.47,3.36,2.93,2.0,1.9,2.0,1.91,2.02,1.93,1.96,1.87,0.0,1.91,2.02,1.91,2.02,1.92,2.08,1.86,2.03,Unknown,0,2,2,2.38,3.3,3.1,2.33,3.54,3.29,2.44,3.4,3.3,,,2.08,1.9,2.4,3.2,2.9,2.63,3.37,2.83,2.66,3.4,2.98,2.04,1.96,1.88,2.11,,,,,,,,,,,,,,,,,,,,,,,,,,,,,,,,,,,,,,,,,,,,,nantes,auxerre
F1,25/08/2024,16:00,Nice,Toulouse,1,1,D,0,0,D,10,15,4,3,11,21,4,4,4,1,0,0,1.85,3.4,4.5,1.82,3.6,4.2,,,,1.88,3.53,4.57,1.85,3.6,4.2,,,,1.9,3.77,4.7,1.85,3.56,4.37,2.05,1.85,2.08,1.8,2.09,1.88,2.01,1.82,-0.5,1.87,2.03,1.88,2.03,1.89,2.07,1.85,2.01,2.1,3.0,3.9,2.05,3.25,3.75,,,,2.16,3.2,3.98,2.1,3.2,3.75,,,,2.16,3.6,4.2,2.08,3.29,3.85,2.38,1.57,2.47,1.6,2.47,1.83,2.21,1.66,-0.25,1.85,2.08,1.83,2.11,1.85,2.14,1.79,2.07,Unknown,4,1,5,1.85,3.6,4.5,1.9,3.77,4.45,1.91,3.6,4.8,,,1.91,2.07,2.05,3.25,3.75,2.15,3.18,3.99,2.16,3.35,4.0,2.36,1.7,1.84,2.17,,,,,,,,,,,,,,,,,,,,,,,,,,,,,,,,,,,,,,,,,,,,,nice,toulouse
F1,25/08/2024,16:00,Strasbourg,Rennes,3,1,H,1,0,H,9,13,5,5,7,19,2,5,2,4,0,0,3.1,3.5,2.25,2.95,3.5,2.3,,,,3.19,3.5,2.3,3.2,3.5,2.2,,,,3.27,3.69,2.32,3.12,3.5,2.26,1.86,2.04,1.85,2.05,1.89,2.07,1.83,2.01,0.25,1.92,1.98,1.91,2.0,1.95,2.0,1.88,1.93,3.25,3.25,2.25,3.25,3.25,2.25,,,,3.39,3.26,2.35,3.25,3.4,2.2,,,,3.4,3.4,2.35,3.26,3.28,2.28,2.1,1.73,2.2,1.74,2.24,1.77,2.13,1.72,0.25,1.9,2.03,1.92,2.01,1.92,2.04,1.88,1.96,Unknown,2,4,6,3.1,3.4,2.3,3.24,3.69,2.3,3.4,3.6,2.32,1.85,2.06,1.98,2.0,3.25,3.2,2.25,3.34,3.34,2.31,3.4,3.4,2.38,2.24,1.78,1.94,2.04,,,,,,,,,,,,,,,,,,,,,,,,,,,,,,,,,,,,,,,,,,,,,strasbourg,rennes
F1,25/08/2024,19:45,Marseille,Reims,2,2,D,1,0,H,16,12,10,3,10,13,2,4,1,1,0,0,1.53,4.5,5.5,1.57,4.33,5.25,,,,1.56,4.47,5.84,1.55,4.2,5.8,,,,1.59,4.61,6.0,1.55,4.39,5.68,1.62,2.3,1.64,2.35,1.69,2.38,1.63,2.3,-1.0,1.9,2.0,1.92,1.98,1.92,2.02,1.89,1.96,1.36,5.25,8.0,1.35,5.25,8.5,,,,1.38,5.44,8.88,1.35,5.0,8.5,,,,1.38,5.64,9.0,1.35,5.36,8.48,1.57,2.38,1.59,2.49,1.61,2.55,1.56,2.46,-1.5,2.06,1.87,2.0,1.87,2.06,1.94,1.98,1.88,Unknown,1,1,2,1.55,4.33,5.5,1.59,4.61,5.84,1.58,4.6,6.2,,,1.91,2.04,1.33,5.0,8.5,1.36,5.64,8.55,1.38,5.6,9.6,1.6,2.58,2.03,1.96,,,,,,,,,,,,,,,,,,,,,,,,,,,,,,,,,,,,,,,,,,,,,marseille,reims
F1,30/08/2024,19:45,Lyon,Strasbourg,4,3,H,1,1,D,22,14,13,7,10,6,9,2,3,2,0,0,1.85,3.75,4.0,1.85,3.75,3.9,,,,1.89,3.83,4.18,1.85,3.75,4.0,,,,1.97,3.88,4.4,1.88,3.76,4.05,1.73,2.1,1.75,2.17,1.79,2.25,1.72,2.15,-0.5,1.89,2.04,1.9,2.03,1.9,2.05,1.87,2.0,2.05,3.6,3.4,2.05,3.6,3.4,,,,2.12,3.64,3.56,2.05,3.6,3.4,,,,2.12,3.76,3.85,2.04,3.64,3.59,1.73,2.1,1.76,2.16,1.82,2.25,1.73,2.14,-0.5,2.05,1.75,2.11,1.81,2.11,1.9,2.04,1.82,Unknown,3,2,5,1.87,3.8,4.1,1.93,3.88,4.19,1.94,3.9,4.3,1.78,2.26,1.94,2.05,1.95,3.5,3.7,2.05,3.7,3.66,2.14,3.75,3.7,1.81,2.2,2.14,1.87,,,,,,,,,,,,,,,,,,,,,,,,,,,,,,,,,,,,,,,,,,,,,lyon,strasbourg
F1,31/08/2024,16:00,Brest,St Etienne,4,0,H,2,0,H,17,3,7,0,12,28,7,2,0,5,0,0,1.8,3.8,4.33,1.8,3.7,4.33,,,,1.85,3.83,4.28,1.8,3.7,4.4,,,,1.88,3.96,4.56,1.82,3.76,4.31,2.07,1.83,2.08,1.8,2.1,1.88,2.04,1.8,-0.75,2.03,1.78,2.11,1.79,2.12,1.86,2.06,1.79,1.73,4.1,4.5,1.73,3.8,4.6,,,,1.76,3.91,4.81,1.73,3.7,4.8,,,,1.77,4.16,5.2,1.74,3.86,4.71,1.9,2.0,1.91,2.0,2.01,2.0,1.92,1.91,-0.75,2.02,1.91,2.0,1.93,2.02,1.95,1.96,1.88,Unknown,0,5,5,1.8,3.8,4.33,1.88,3.81,4.56,1.89,3.75,4.5,2.1,1.82,2.15,1.8,1.73,3.75,4.75,1.75,4.16,4.56,1.79,4.0,5.1,1.94,2.04,2.03,1.94,,,,,,,,,,,,,,,,,,,,,,,,,,,,,,,,,,,,,,,,,,,,,brest,st etienne
F1,31/08/2024,18:00,Montpellier,Nantes,1,3,A,1,2,A,11,10,5,5,11,13,8,3,2,2,0,0,2.25,3.4,3.2,2.2,3.4,3.2,,,,2.35,3.38,3.22,2.25,3.4,3.2,,,,2.38,3.56,3.3,2.28,3.4,3.17,2.04,1.86,2.05,1.85,2.07,1.89,2.01,1.83,-0.25,2.01,1.89,2.02,1.88,2.04,1.94,1.96,1.89,2.2,3.5,3.1,2.25,3.4,3.1,,,,2.31,3.53,3.22,2.25,3.5,3.1,,,,2.31,3.61,3.27,2.26,3.51,3.15,1.85,2.05,1.86,2.05,1.9,2.06,1.84,1.99,-0.25,2.0,1.93,2.0,1.93,2.0,1.94,1.95,1.9,Unknown,2,2,4,2.2,3.4,3.3,2.35,3.56,3.24,2.38,3.4,3.3,2.06,1.87,2.04,1.93,2.2,3.4,3.1,2.27,3.61,3.2,2.34,3.65,3.3,1.9,2.08,2.02,1.96,,,,,,,,,,,,,,,,,,,,,,,,,,,,,,,,,,,,,,,,,,,,,montpellier,nantes
F1,31/08/2024,20:00,Toulouse,Marseille,1,3,A,0,2,A,4,11,2,5,10,12,2,3,4,2,1,0,3.8,3.8,1.9,3.7,3.6,1.95,,,,4.09,3.74,1.91,3.9,3.6,1.91,,,,4.2,3.92,1.95,3.93,3.7,1.92,1.8,2.0,1.8,2.09,1.85,2.11,1.8,2.04,0.5,1.99,1.91,1.98,1.92,2.01,1.93,1.94,1.91,3.0,3.7,2.2,3.0,3.5,2.25,,,,3.16,3.62,2.3,3.2,3.5,2.2,,,,3.25,3.8,2.31,3.13,3.59,2.23,1.73,2.1,1.75,2.19,1.78,2.2,1.73,2.13,0.25,1.93,2.0,1.93,2.0,1.98,2.0,1.92,1.92,Unknown,6,2,8,4.2,3.6,1.91,4.06,3.92,1.95,4.2,3.85,1.95,1.78,2.14,2.02,1.97,3.0,3.4,2.2,3.23,3.8,2.18,3.2,3.65,2.36,1.79,2.24,1.94,2.04,,,,,,,,,,,,,,,,,,,,,,,,,,,,,,,,,,,,,,,,,,,,,toulouse,marseille
F1,01/09/2024,14:00,Monaco,Lens,1,1,D,0,0,D,14,12,3,4,11,21,7,7,1,4,0,0,1.85,3.9,3.9,1.83,3.9,3.9,,,,1.83,3.74,3.9,1.91,3.8,3.8,,,,1.93,4.08,4.1,1.86,3.89,3.92,1.57,2.38,1.58,2.33,1.64,2.48,1.58,2.39,-0.5,1.87,2.03,1.84,1.96,1.89,2.06,1.86,1.99,2.0,3.7,3.5,2.0,3.6,3.5,,,,2.08,3.71,3.6,1.95,3.7,3.7,,,,2.08,3.87,3.97,1.99,3.72,3.65,1.67,2.2,1.71,2.25,1.71,2.3,1.67,2.23,-0.5,2.08,1.85,2.09,1.85,2.09,1.91,2.01,1.86,Unknown,1,4,5,1.8,4.0,4.0,1.93,4.08,3.98,1.88,4.2,4.2,1.62,2.4,1.88,2.11,1.95,3.6,3.6,2.01,3.79,3.73,2.06,3.8,3.85,1.73,2.34,2.1,1.9,,,,,,,,,,,,,,,,,,,,,,,,,,,,,,,,,,,,,,,,,,,,,monaco,lens
F1,01/09/2024,16:00,Angers,Nice,1,4,A,0,2,A,12,12,7,9,14,13,4,7,6,4,0,1,4.0,3.3,2.0,4.0,3.3,1.98,,,,4.2,3.35,2.01,3.9,3.3,2.0,,,,4.33,3.52,2.03,4.06,3.36,1.99,2.3,1.62,2.36,1.64,2.37,1.69,2.29,1.64,0.5,1.87,2.03,1.89,2.02,1.91,2.06,1.87,1.99,4.33,3.3,1.9,4.33,3.25,1.93,,,,4.51,3.35,1.96,4.33,3.3,1.91,,,,4.62,3.45,2.06,4.3,3.32,1.95,2.3,1.62,2.39,1.64,2.39,1.66,2.32,1.62,0.5,1.96,1.97,1.95,1.97,1.96,1.98,1.91,1.95,Unknown,6,6,12,4.2,3.3,1.95,4.19,3.52,2.03,4.4,3.4,2.06,2.36,1.68,1.92,2.06,4.5,3.2,1.9,4.62,3.39,1.93,4.8,3.4,2.0,2.46,1.65,1.99,2.0,,,,,,,,,,,,,,,,,,,,,,,,,,,,,,,,,,,,,,,,,,,,,angers,nice
F1,01/09/2024,16:00,Le Havre,Auxerre,3,1,H,1,1,D,21,7,8,2,10,15,2,2,1,5,0,1,2.75,3.3,2.6,2.65,3.3,2.6,,,,2.81,3.28,2.69,2.75,3.25,2.6,,,,2.85,3.42,2.7,2.77,3.28,2.63,2.1,1.73,2.2,1.73,2.22,1.77,2.15,1.72,0.0,2.0,1.9,2.0,1.91,2.02,1.92,1.98,1.89,2.8,3.3,2.55,2.7,3.25,2.6,,,,2.96,3.27,2.6,2.75,3.25,2.6,,,,2.96,3.37,2.71,2.83,3.26,2.59,2.1,1.73,2.12,1.79,2.24,1.8,2.09,1.76,0.0,2.08,1.85,2.1,1.84,2.1,1.88,2.02,1.85,Unknown,1,7,8,2.8,3.25,2.63,2.85,3.42,2.69,2.86,3.3,2.72,2.22,1.73,2.03,1.91,2.75,3.1,2.6,2.86,3.37,2.61,2.98,3.35,2.68,2.16,1.83,2.1,1.9,,,,,,,,,,,,,,,,,,,,,,,,,,,,,,,,,,,,,,,,,,,,,le havre,auxerre
F1,01/09/2024,16:00,Reims,Rennes,2,1,H,1,1,D,11,13,7,5,9,12,3,5,2,1,0,0,2.9,3.5,2.38,2.85,3.5,2.37,,,,2.94,3.29,2.37,2.88,3.5,2.38,,,,3.08,3.69,2.47,2.92,3.44,2.4,1.83,2.07,1.77,2.02,1.86,2.1,1.8,2.04,0.25,1.82,2.08,1.77,2.05,1.83,2.11,1.78,2.05,3.2,3.5,2.2,3.2,3.4,2.2,,,,3.36,3.51,2.24,3.1,3.5,2.25,,,,3.39,3.57,2.34,3.19,3.48,2.24,1.86,2.04,1.86,2.05,1.89,2.1,1.82,2.02,0.25,1.98,1.95,1.98,1.94,2.01,1.98,1.92,1.91,Unknown,2,1,3,2.9,3.4,2.4,3.02,3.69,2.42,3.0,3.6,2.48,1.8,2.04,1.82,2.14,3.1,3.3,2.2,3.39,3.57,2.19,3.4,3.55,2.32,1.87,2.1,2.0,1.99,,,,,,,,,,,,,,,,,,,,,,,,,,,,,,,,,,,,,,,,,,,,,reims,rennes
F1,01/09/2024,19:45,Lille,Paris SG,1,3,A,0,2,A,10,10,4,7,7,5,3,1,3,2,0,0,3.9,3.8,1.85,3.8,3.6,1.93,,,,4.31,3.74,1.86,4.0,3.75,1.85,,,,4.4,4.02,1.93,4.07,3.74,1.88,1.73,2.1,1.77,2.13,1.81,2.2,1.75,2.11,0.5,2.03,1.87,2.04,1.88,2.06,1.92,1.99,1.87,4.2,3.9,1.75,4.33,3.8,1.75,,,,4.53,3.94,1.8,4.33,3.9,1.75,,,,4.6,4.1,1.84,4.36,3.87,1.78,1.73,2.1,1.71,2.24,1.75,2.32,1.68,2.2,0.75,1.87,2.06,1.88,2.04,1.94,2.06,1.86,1.98,Unknown,3,2,5,4.2,3.8,1.85,4.25,4.02,1.88,4.3,3.85,1.92,1.74,2.16,2.05,1.92,4.2,3.7,1.73,4.55,4.03,1.78,4.7,4.0,1.84,1.74,2.34,1.9,2.08,,,,,,,,,,,,,,,,,,,,,,,,,,,,,,,,,,,,,,,,,,,,,lille,paris sg
F1,13/09/2024,19:45,St Etienne,Lille,1,0,H,1,0,H,10,17,5,4,12,10,2,7,1,1,0,0,5.5,3.6,1.7,4.75,3.6,1.75,,,,5.22,3.78,1.72,5.0,3.6,1.73,,,,5.5,3.83,1.86,5.01,3.68,1.75,1.92,1.98,1.93,1.96,1.98,2.0,1.9,1.93,0.75,1.95,1.95,1.95,1.93,2.0,2.04,1.88,1.94,5.25,3.6,1.7,5.0,3.7,1.7,,,,5.4,3.67,1.73,5.5,3.6,1.67,,,,5.57,3.86,1.75,5.2,3.7,1.71,1.97,1.93,1.96,1.93,1.99,2.0,1.91,1.91,0.75,1.95,1.95,1.94,1.94,1.98,1.97,1.92,1.91,Unknown,1,1,2,5.0,3.6,1.75,4.87,3.66,1.86,5.7,3.75,1.78,1.96,2.02,1.97,1.99,5.0,3.8,1.67,5.57,3.69,1.72,5.8,3.85,1.75,2.0,1.98,2.01,1.96,,,,,,,,,,,,,,,,,,,,,,,,,,,,,,,,,,,,,,,,,,,,,st etienne,lille
F1,14/09/2024,16:00,Marseille,Nice,2,0,H,1,0,H,10,12,5,4,18,4,1,2,5,2,1,0,1.7,3.9,4.5,1.77,3.8,4.33,,,,1.75,3.97,4.6,1.75,3.8,4.4,,,,1.81,4.09,4.7,1.76,3.93,4.49,1.73,2.1,1.74,2.16,1.79,2.2,1.73,2.14,-0.75,1.95,1.95,1.97,1.92,1.99,1.96,1.93,1.89,1.85,3.5,4.33,1.83,3.6,4.2,,,,1.88,3.63,4.47,1.8,3.7,4.33,,,,1.94,3.7,4.57,1.88,3.59,4.29,1.99,1.91,2.0,1.91,2.0,2.0,1.93,1.9,-0.5,1.9,2.03,1.89,2.03,1.94,2.04,1.88,1.99,Unknown,7,2,9,1.73,4.0,4.6,1.81,4.09,4.56,1.78,4.1,5.0,1.74,2.3,1.99,1.97,1.8,3.6,4.2,1.89,3.54,4.57,1.95,3.65,4.6,2.04,1.95,1.94,2.05,,,,,,,,,,,,,,,,,,,,,,,,,,,,,,,,,,,,,,,,,,,,,marseille,nice
F1,14/09/2024,18:00,Auxerre,Monaco,0,3,A,0,2,A,13,19,3,9,13,16,1,6,3,0,0,0,3.9,3.75,1.85,3.8,3.9,1.85,,,,4.02,3.8,1.89,3.9,3.75,1.91,,,,4.1,4.07,1.94,3.88,3.89,1.89,1.5,2.63,1.52,2.6,1.52,2.72,1.49,2.62,0.5,2.02,1.88,2.0,1.88,2.06,1.91,1.98,1.88,4.5,3.8,1.73,4.2,3.9,1.77,,,,4.58,4.02,1.78,4.0,3.8,1.83,,,,4.81,4.2,1.87,4.31,3.96,1.79,1.57,2.38,1.58,2.47,1.61,2.75,1.54,2.5,0.75,1.93,2.0,1.93,1.99,1.94,2.07,1.87,1.98,Unknown,3,0,3,4.0,3.9,1.87,3.95,4.07,1.94,4.1,4.0,1.91,1.57,2.56,2.05,1.91,4.2,3.9,1.67,4.81,3.92,1.76,4.8,4.1,1.82,1.6,2.6,1.94,2.03,,,,,,,,,,,,,,,,,,,,,,,,,,,,,,,,,,,,,,,,,,,,,auxerre,monaco
F1,14/09/2024,20:00,Paris SG,Brest,3,1,H,1,1,D,22,5,9,3,7,13,9,1,2,3,0,0,1.27,6.0,10.0,1.28,6.25,9.5,,,,1.28,6.16,9.59,1.29,5.8,9.5,,,,1.32,6.5,10.5,1.28,6.11,9.73,1.44,2.75,1.44,2.81,1.45,2.9,1.43,2.77,-1.75,2.01,1.89,2.01,1.86,2.03,1.94,1.98,1.85,1.3,6.0,9.0,1.3,6.0,9.0,,,,1.29,6.06,10.46,1.29,5.8,10.0,,,,1.31,6.4,11.0,1.29,5.99,9.74,1.44,2.75,1.45,2.84,1.52,2.92,1.44,2.8,-1.75,2.07,1.86,2.05,1.87,2.1,1.89,2.01,1.83,Unknown,2,3,5,1.25,6.5,10.0,1.31,6.45,10.4,1.29,7.0,11.0,1.47,2.98,1.99,1.89,1.22,5.5,9.0,1.31,6.09,9.52,1.32,6.2,11.5,1.48,3.0,2.07,1.9,,,,,,,,,,,,,,,,,,,,,,,,,,,,,,,,,,,,,,,,,,,,,paris sg,brest
F1,15/09/2024,14:00,Rennes,Montpellier,3,0,H,2,0,H,11,12,6,4,10,7,3,4,1,3,0,0,1.62,4.0,5.25,1.61,4.2,5.0,,,,1.63,4.26,5.16,1.65,4.0,5.0,,,,1.68,4.4,5.5,1.63,4.2,5.08,1.62,2.3,1.65,2.31,1.69,2.42,1.64,2.3,-1.0,2.06,1.84,2.08,1.82,2.11,1.85,2.06,1.81,1.42,5.0,7.0,1.43,5.0,6.5,,,,1.44,5.16,6.92,1.44,4.75,6.5,,,,1.47,5.21,7.37,1.43,4.99,6.74,1.44,2.75,1.47,2.81,1.52,2.88,1.46,2.75,-1.25,1.9,2.03,1.9,2.02,1.97,2.06,1.88,1.96,Unknown,1,3,4,1.6,4.2,5.0,1.68,4.4,5.22,1.66,4.3,5.8,1.66,2.36,2.08,1.85,1.36,4.6,6.5,1.43,5.08,7.37,1.47,5.1,7.6,1.51,2.92,1.96,2.03,,,,,,,,,,,,,,,,,,,,,,,,,,,,,,,,,,,,,,,,,,,,,rennes,montpellier
F1,15/09/2024,16:00,Nantes,Reims,1,2,A,1,1,D,18,11,6,4,14,5,6,3,3,1,0,0,2.38,3.4,3.0,2.3,3.4,3.0,,,,2.43,3.37,3.03,2.38,3.3,3.0,,,,2.49,3.47,3.1,2.39,3.38,3.0,1.99,1.91,1.98,1.89,2.0,1.95,1.95,1.88,-0.25,2.09,1.81,2.1,1.81,2.12,1.85,2.03,1.8,2.38,3.2,3.1,2.37,3.2,3.1,,,,2.52,3.25,3.1,2.4,3.2,3.1,,,,2.52,3.35,3.18,2.42,3.25,3.09,2.1,1.73,2.17,1.76,2.24,1.78,2.12,1.74,-0.25,2.11,1.82,2.15,1.8,2.15,1.86,2.06,1.81,Unknown,3,1,4,2.4,3.3,3.1,2.49,3.47,3.08,2.46,3.45,3.25,1.99,1.91,2.1,1.89,2.4,3.3,2.88,2.43,3.28,3.18,2.52,3.3,3.25,2.22,1.78,2.15,1.86,,,,,,,,,,,,,,,,,,,,,,,,,,,,,,,,,,,,,,,,,,,,,nantes,reims
F1,15/09/2024,16:00,Strasbourg,Angers,1,1,D,1,0,H,10,12,5,2,11,14,6,9,4,1,0,0,1.7,3.8,5.25,1.72,3.75,4.8,,,,1.69,3.82,5.31,1.73,3.7,4.8,,,,1.76,3.99,5.5,1.71,3.81,5.02,1.97,1.93,1.95,1.92,1.99,1.96,1.93,1.9,-0.75,1.92,1.98,1.91,1.98,1.94,2.0,1.89,1.92,1.6,4.1,5.5,1.66,3.8,5.25,,,,1.64,4.07,5.74,1.62,3.9,5.5,,,,1.67,4.18,6.0,1.63,3.98,5.51,1.95,1.95,1.94,1.96,1.98,2.0,1.92,1.91,-0.75,1.75,2.05,1.81,2.11,1.84,2.13,1.8,2.05,Unknown,4,1,5,1.67,3.8,5.5,1.76,3.99,5.07,1.73,3.95,5.7,1.83,1.93,1.93,2.05,1.57,3.9,5.5,1.63,4.18,5.61,1.68,4.0,6.0,2.0,1.97,1.86,2.12,,,,,,,,,,,,,,,,,,,,,,,,,,,,,,,,,,,,,,,,,,,,,strasbourg,angers
F1,15/09/2024,16:00,Toulouse,Le Havre,2,0,H,0,0,D,15,5,7,3,10,11,6,5,1,1,0,0,1.8,3.6,4.5,1.77,3.75,4.4,,,,1.85,3.71,4.37,1.83,3.6,4.4,,,,1.87,3.85,4.7,1.83,3.7,4.38,2.02,1.88,2.04,1.84,2.05,1.91,2.0,1.84,-0.5,1.85,2.05,1.85,2.04,1.88,2.08,1.83,2.03,1.9,3.4,4.33,1.88,3.5,4.2,,,,1.93,3.51,4.38,1.91,3.3,4.33,,,,1.97,3.65,4.5,1.91,3.49,4.27,2.2,1.67,2.19,1.75,2.24,1.78,2.14,1.73,-0.5,1.94,1.99,1.94,1.98,1.95,2.0,1.9,1.96,Unknown,1,1,2,1.85,3.6,4.5,1.87,3.83,4.55,1.9,3.75,4.6,1.99,1.85,1.9,2.07,1.85,3.4,4.33,1.97,3.47,4.27,1.96,3.5,4.7,2.22,1.8,1.96,2.03,,,,,,,,,,,,,,,,,,,,,,,,,,,,,,,,,,,,,,,,,,,,,toulouse,le havre
F1,15/09/2024,19:45,Lens,Lyon,0,0,D,0,0,D,12,8,5,3,12,11,5,8,0,0,0,0,1.8,3.75,4.33,1.83,3.8,4.0,,,,1.86,3.8,4.18,1.85,3.7,4.2,,,,1.92,3.95,4.4,1.85,3.78,4.12,1.73,2.1,1.7,2.21,1.75,2.26,1.7,2.18,-0.5,1.86,2.04,1.86,2.02,1.88,2.11,1.85,2.02,1.75,3.9,4.33,1.8,3.9,4.0,,,,1.82,3.96,4.39,1.83,3.8,4.0,,,,1.84,4.15,4.4,1.8,3.95,4.2,1.53,2.5,1.58,2.53,1.58,2.55,1.55,2.48,-0.75,2.06,1.87,2.05,1.88,2.1,1.88,2.01,1.84,Unknown,0,0,0,1.8,3.8,4.4,1.91,3.85,4.29,1.87,3.95,4.6,1.75,2.26,1.87,2.13,1.75,3.9,4.2,1.83,4.0,4.26,1.85,4.1,4.5,1.6,2.62,2.06,1.91,,,,,,,,,,,,,,,,,,,,,,,,,,,,,,,,,,,,,,,,,,,,,lens,lyon
F1,20/09/2024,19:45,Nice,St Etienne,8,0,H,6,0,H,18,8,12,2,7,13,3,2,0,1,0,0,1.53,4.1,6.5,1.55,4.1,6.25,,,,1.55,4.25,6.57,1.53,4.0,6.5,,,,1.59,4.4,6.7,1.54,4.2,6.4,1.93,1.97,1.92,1.99,1.96,1.99,1.9,1.94,-1.0,1.93,2.0,1.93,1.98,1.94,2.01,1.91,1.94,1.45,4.33,7.0,1.47,4.33,6.75,,,,1.49,4.45,7.5,1.5,4.2,6.5,,,,1.52,4.55,7.52,1.48,4.35,7.03,1.86,2.04,1.88,2.03,1.9,2.04,1.85,1.99,-1.0,1.75,2.05,1.79,2.14,1.85,2.16,1.79,2.08,Unknown,0,1,1,1.53,4.2,6.5,1.59,4.4,6.37,1.57,4.3,7.0,1.97,2.0,1.96,2.0,1.44,4.2,7.0,1.52,4.3,7.17,1.53,4.6,7.6,1.92,2.06,1.86,2.11,,,,,,,,,,,,,,,,,,,,,,,,,,,,,,,,,,,,,,,,,,,,,nice,st etienne
F1,21/09/2024,16:00,Lille,Strasbourg,3,3,D,2,2,D,15,12,7,9,16,12,9,5,2,2,0,0,1.7,4.0,4.75,1.68,3.8,4.8,,,,1.74,3.88,4.93,1.73,3.8,4.75,,,,1.78,4.04,5.2,1.72,3.9,4.79,1.87,2.03,1.87,2.02,1.9,2.05,1.84,2.0,-0.75,1.98,1.95,1.96,1.94,1.99,2.0,1.91,1.92,1.55,4.33,5.75,1.57,4.2,5.5,,,,1.56,4.46,6.04,1.57,4.2,5.5,,,,1.59,4.5,6.1,1.57,4.32,5.74,1.73,2.1,1.74,2.19,1.82,2.19,1.74,2.12,-1.0,1.93,2.0,1.93,1.99,2.0,2.0,1.94,1.91,Unknown,2,2,4,1.73,3.9,5.0,1.78,4.04,4.86,1.78,3.95,5.2,1.9,2.04,2.02,1.96,1.53,4.2,5.5,1.58,4.41,5.8,1.59,4.5,6.4,1.79,2.24,1.98,1.98,,,,,,,,,,,,,,,,,,,,,,,,,,,,,,,,,,,,,,,,,,,,,lille,strasbourg
F1,21/09/2024,18:00,Rennes,Lens,1,1,D,1,0,H,11,10,6,2,16,20,4,3,2,4,0,0,2.35,3.4,3.0,2.45,3.3,2.87,,,,2.44,3.34,3.09,2.38,3.3,3.0,,,,2.47,3.5,3.14,2.41,3.33,3.0,2.0,1.8,2.09,1.8,2.12,1.84,2.05,1.79,-0.25,2.09,1.84,2.1,1.83,2.1,1.84,2.04,1.8,2.35,3.5,2.9,2.35,3.4,2.95,,,,2.39,3.5,3.09,2.4,3.4,2.9,,,,2.48,3.58,3.12,2.38,3.44,2.98,1.95,1.95,1.94,1.96,2.0,2.0,1.93,1.9,-0.25,2.09,1.84,2.07,1.86,2.1,1.86,2.04,1.82,Unknown,2,4,6,2.4,3.3,3.0,2.46,3.5,3.1,2.52,3.45,3.1,2.12,1.83,2.16,1.84,2.38,3.3,2.9,2.48,3.58,2.87,2.5,3.5,3.15,1.98,2.0,2.14,1.86,,,,,,,,,,,,,,,,,,,,,,,,,,,,,,,,,,,,,,,,,,,,,rennes,lens
F1,21/09/2024,20:00,Reims,Paris SG,1,1,D,1,0,H,8,11,1,4,11,6,3,5,2,1,0,0,6.5,4.75,1.44,6.25,4.6,1.47,,,,6.91,5.01,1.44,6.5,4.75,1.44,,,,7.1,5.2,1.49,6.59,4.92,1.44,1.53,2.5,1.54,2.59,1.55,2.63,1.52,2.52,1.25,1.98,1.95,1.96,1.94,1.99,1.99,1.9,1.92,7.0,5.0,1.4,7.25,5.0,1.39,,,,7.69,5.14,1.41,7.5,4.8,1.4,,,,7.8,5.4,1.43,7.37,5.02,1.4,1.5,2.63,1.5,2.7,1.53,2.7,1.49,2.63,1.25,2.06,1.87,2.05,1.88,2.1,1.88,2.02,1.83,Unknown,2,1,3,7.0,5.0,1.44,6.88,5.02,1.49,7.4,5.3,1.47,1.57,2.68,1.97,1.97,7.0,4.75,1.36,7.44,5.13,1.43,8.2,5.3,1.44,1.54,2.8,2.07,1.89,,,,,,,,,,,,,,,,,,,,,,,,,,,,,,,,,,,,,,,,,,,,,reims,paris sg
F1,22/09/2024,14:00,Monaco,Le Havre,3,1,H,1,1,D,14,9,4,2,10,17,6,4,1,3,0,0,1.36,4.75,8.5,1.38,5.0,7.5,,,,1.38,5.23,8.11,1.36,5.0,8.0,,,,1.4,5.5,8.55,1.37,5.13,7.99,1.57,2.38,1.62,2.4,1.63,2.5,1.59,2.38,-1.5,2.07,1.86,2.08,1.84,2.11,1.88,2.03,1.82,1.42,4.75,7.0,1.44,4.6,7.0,,,,1.43,4.86,7.84,1.44,4.5,7.5,,,,1.46,5.0,8.5,1.42,4.74,7.55,1.67,2.2,1.68,2.28,1.72,2.3,1.66,2.24,-1.25,1.97,1.96,1.97,1.95,2.0,2.05,1.93,1.91,Unknown,1,3,4,1.36,5.0,8.5,1.4,5.49,8.55,1.4,5.4,9.4,1.62,2.5,2.07,1.84,1.4,4.5,8.0,1.45,4.87,7.44,1.46,4.9,8.6,1.72,2.34,1.99,1.99,,,,,,,,,,,,,,,,,,,,,,,,,,,,,,,,,,,,,,,,,,,,,monaco,le havre
F1,22/09/2024,16:00,Angers,Nantes,1,1,D,1,1,D,4,9,1,3,13,16,3,6,1,4,0,0,3.2,3.3,2.3,3.1,3.2,2.37,,,,3.32,3.2,2.39,3.1,3.2,2.38,,,,3.37,3.39,2.4,3.2,3.22,2.36,2.3,1.62,2.32,1.66,2.35,1.7,2.27,1.65,0.25,1.88,2.05,1.88,2.04,1.9,2.07,1.84,1.99,3.0,3.25,2.45,3.1,3.1,2.4,,,,3.19,3.15,2.52,3.2,3.2,2.3,,,,3.38,3.36,2.52,3.19,3.18,2.4,2.3,1.62,2.39,1.64,2.39,1.67,2.31,1.63,0.25,1.73,2.08,1.81,2.14,1.89,2.17,1.81,2.05,Unknown,1,4,5,3.3,3.1,2.4,3.31,3.39,2.39,3.4,3.25,2.46,2.34,1.68,1.89,2.08,3.1,3.1,2.3,3.38,3.36,2.29,3.35,3.3,2.48,2.46,1.67,1.89,2.1,,,,,,,,,,,,,,,,,,,,,,,,,,,,,,,,,,,,,,,,,,,,,angers,nantes
F1,22/09/2024,16:00,Brest,Toulouse,2,0,H,1,0,H,9,10,5,1,15,18,4,3,1,1,0,0,2.15,3.5,3.4,2.15,3.5,3.25,,,,2.16,3.57,3.44,2.15,3.4,3.4,,,,2.17,3.7,3.56,2.14,3.51,3.38,2.0,1.9,2.0,1.89,2.02,1.94,1.96,1.87,-0.25,1.87,2.06,1.88,2.03,1.88,2.06,1.83,1.99,2.8,3.2,2.6,2.75,3.25,2.55,,,,2.93,3.17,2.7,2.7,3.3,2.6,,,,2.93,3.4,3.0,2.76,3.26,2.66,2.2,1.67,2.25,1.7,2.25,1.87,2.09,1.77,0.0,2.05,1.88,2.04,1.88,2.05,1.91,2.0,1.88,Unknown,1,1,2,2.1,3.4,3.5,2.17,3.64,3.56,2.18,3.65,3.7,2.0,1.9,1.88,2.11,2.7,3.1,2.63,2.77,3.27,2.75,2.92,3.35,2.76,2.18,1.83,2.03,1.95,,,,,,,,,,,,,,,,,,,,,,,,,,,,,,,,,,,,,,,,,,,,,brest,toulouse
F1,22/09/2024,16:00,Montpellier,Auxerre,3,2,H,0,1,A,14,11,5,6,13,20,11,5,3,4,0,0,2.3,3.3,3.2,2.3,3.4,3.0,,,,2.39,3.37,3.14,2.3,3.5,3.0,,,,2.4,3.75,3.3,2.32,3.46,3.06,1.73,2.1,1.78,2.12,1.83,2.15,1.75,2.07,-0.25,2.03,1.9,2.06,1.85,2.06,1.91,1.97,1.85,2.0,3.5,3.7,2.1,3.6,3.3,,,,2.06,3.71,3.67,2.15,3.5,3.3,,,,2.3,3.71,3.75,2.13,3.57,3.4,1.62,2.3,1.65,2.38,1.68,2.38,1.64,2.29,-0.25,1.73,2.08,1.79,2.15,2.0,2.17,1.82,2.03,Unknown,3,4,7,2.25,3.4,3.3,2.37,3.75,3.06,2.36,3.5,3.4,1.78,2.14,2.02,1.96,2.1,3.5,3.3,2.09,3.56,3.69,2.14,3.75,3.7,1.68,2.44,1.88,2.13,,,,,,,,,,,,,,,,,,,,,,,,,,,,,,,,,,,,,,,,,,,,,montpellier,auxerre
F1,22/09/2024,19:45,Lyon,Marseille,2,3,A,0,0,D,18,6,9,5,13,7,10,3,4,3,0,1,2.9,3.8,2.2,2.9,3.8,2.2,,,,3.06,3.91,2.21,2.9,3.7,2.25,,,,3.12,4.0,2.29,2.98,3.8,2.22,1.57,2.38,1.57,2.51,1.59,2.52,1.56,2.41,0.25,1.95,1.98,1.95,1.95,1.96,2.0,1.88,1.93,2.7,3.75,2.38,2.8,3.6,2.37,,,,2.87,3.67,2.45,2.75,3.6,2.4,,,,2.96,3.85,2.47,2.83,3.67,2.38,1.62,2.3,1.66,2.34,1.66,2.41,1.62,2.32,0.25,1.75,2.05,1.8,2.13,1.84,2.17,1.79,2.06,Unknown,4,5,9,3.0,3.7,2.25,3.09,3.96,2.28,3.2,3.9,2.3,1.62,2.54,1.97,2.0,2.8,3.5,2.38,2.9,3.85,2.34,2.94,3.8,2.5,1.7,2.4,1.84,2.17,,,,,,,,,,,,,,,,,,,,,,,,,,,,,,,,,,,,,,,,,,,,,lyon,marseille
F1,27/09/2024,18:00,Auxerre,Brest,3,0,H,2,0,H,15,8,4,4,13,16,2,3,2,0,0,0,2.75,3.4,2.55,2.7,3.4,2.55,,,,2.86,3.38,2.62,2.75,3.3,2.6,,,,2.9,3.45,2.63,2.8,3.37,2.57,1.93,1.97,1.92,1.98,1.96,1.99,1.89,1.94,0.0,2.03,1.87,2.05,1.88,2.07,1.89,2.03,1.86,2.9,3.4,2.45,2.95,3.3,2.37,,,,3.11,3.38,2.44,3.0,3.25,2.4,,,,3.17,3.45,2.51,3.01,3.33,2.42,1.93,1.97,1.93,1.97,1.95,2.0,1.9,1.93,0.25,1.73,2.08,1.84,2.1,1.86,2.16,1.79,2.07,Unknown,2,0,2,2.8,3.4,2.55,2.9,3.44,2.63,2.94,3.5,2.64,1.95,2.02,2.1,1.89,2.9,3.25,2.4,3.17,3.45,2.36,3.15,3.4,2.52,1.97,2.0,1.84,2.16,,,,,,,,,,,,,,,,,,,,,,,,,,,,,,,,,,,,,,,,,,,,,auxerre,brest
F1,27/09/2024,20:00,Paris SG,Rennes,3,1,H,1,0,H,22,13,7,5,9,11,6,4,1,3,0,0,1.38,5.25,7.5,1.38,5.0,7.75,,,,1.37,5.3,8.67,1.36,5.0,8.0,,,,1.41,5.4,8.67,1.38,5.12,8.03,1.57,2.38,1.61,2.44,1.65,2.55,1.59,2.4,-1.25,1.78,2.03,1.85,2.09,1.89,2.09,1.82,2.01,1.42,5.0,6.5,1.43,4.8,6.75,,,,1.43,4.91,7.65,1.4,4.8,7.5,,,,1.45,5.4,8.4,1.41,4.97,7.49,1.62,2.3,1.63,2.38,1.63,2.49,1.59,2.38,-1.25,1.95,1.95,1.98,1.94,1.98,2.05,1.89,1.96,Unknown,1,3,4,1.36,5.0,8.0,1.41,5.35,8.2,1.41,5.4,9.0,1.65,2.52,1.9,2.08,1.36,4.75,7.5,1.45,5.13,6.95,1.45,5.2,8.2,1.64,2.54,1.98,2.01,,,,,,,,,,,,,,,,,,,,,,,,,,,,,,,,,,,,,,,,,,,,,paris sg,rennes
F1,28/09/2024,16:00,Lens,Nice,0,0,D,0,0,D,22,15,7,4,16,7,11,4,4,2,1,0,2.05,3.4,3.75,2.05,3.5,3.6,,,,2.08,3.42,3.83,2.05,3.4,3.6,,,,2.1,3.63,3.9,2.05,3.45,3.72,2.1,1.73,2.13,1.78,2.15,1.82,2.09,1.76,-0.5,2.07,1.83,2.09,1.83,2.1,1.85,2.05,1.82,1.9,3.5,4.2,1.9,3.4,4.2,,,,1.94,3.46,4.45,1.95,3.4,4.0,,,,1.97,3.56,4.5,1.92,3.44,4.27,2.1,1.73,2.13,1.79,2.16,1.79,2.08,1.75,-0.5,1.94,1.99,1.95,1.97,1.95,1.99,1.93,1.94,Unknown,6,2,8,2.0,3.4,3.9,2.08,3.63,3.86,2.08,3.55,4.0,2.16,1.82,2.09,1.9,1.83,3.25,4.2,1.97,3.56,4.13,2.0,3.5,4.6,2.18,1.82,2.0,1.99,,,,,,,,,,,,,,,,,,,,,,,,,,,,,,,,,,,,,,,,,,,,,lens,nice
F1,28/09/2024,18:00,Le Havre,Lille,0,3,A,0,2,A,7,18,4,10,11,9,1,5,2,1,0,0,4.75,3.7,1.75,4.4,3.7,1.8,,,,4.7,3.71,1.81,4.33,3.7,1.8,,,,4.75,3.83,1.84,4.55,3.71,1.8,2.08,1.82,2.07,1.83,2.11,1.86,2.04,1.81,0.75,1.85,2.05,1.85,2.07,1.87,2.07,1.82,2.01,4.0,3.5,1.95,4.2,3.5,1.88,,,,4.41,3.53,1.92,4.2,3.4,1.91,,,,4.5,3.64,1.97,4.24,3.5,1.91,2.05,1.75,2.09,1.83,2.23,1.84,2.07,1.78,0.5,1.94,1.99,2.0,1.93,2.01,2.02,1.95,1.92,Unknown,2,1,3,4.6,3.75,1.8,4.71,3.83,1.84,5.0,3.85,1.84,2.08,1.84,1.89,2.09,4.33,3.4,1.85,4.4,3.64,1.89,4.6,3.6,1.97,2.1,1.87,2.02,1.97,,,,,,,,,,,,,,,,,,,,,,,,,,,,,,,,,,,,,,,,,,,,,le havre,lille
F1,28/09/2024,20:00,Monaco,Montpellier,2,1,H,1,1,D,21,9,7,4,17,17,6,2,4,3,0,1,1.33,5.5,7.5,1.36,5.25,7.75,,,,1.34,5.7,8.48,1.33,5.5,8.5,,,,1.37,6.01,9.15,1.34,5.59,8.22,1.44,2.7,1.44,2.87,1.47,2.9,1.44,2.79,-1.5,1.98,1.92,1.96,1.94,2.0,2.01,1.93,1.92,1.27,5.75,9.5,1.27,6.25,9.5,,,,1.29,6.22,9.74,1.22,7.0,11.0,,,,1.3,7.0,11.0,1.26,6.35,10.11,1.3,3.5,1.33,3.44,1.35,3.7,1.31,3.46,-1.75,1.95,1.98,1.94,1.96,1.96,2.09,1.87,1.98,Unknown,4,5,9,1.33,5.5,8.5,1.35,6.01,9.15,1.37,6.0,9.4,1.47,3.0,1.98,1.96,1.22,6.0,10.5,1.29,6.18,10.6,1.31,6.8,10.0,1.36,3.75,1.98,2.01,,,,,,,,,,,,,,,,,,,,,,,,,,,,,,,,,,,,,,,,,,,,,monaco,montpellier
F1,29/09/2024,14:00,Toulouse,Lyon,1,2,A,1,1,D,10,4,4,1,12,15,3,4,2,2,0,0,2.45,3.4,2.88,2.45,3.4,2.8,,,,2.5,3.55,2.85,2.5,3.4,2.75,,,,2.53,3.69,2.9,2.47,3.49,2.82,1.84,2.06,1.81,2.08,1.89,2.08,1.81,1.99,0.0,1.83,2.07,1.83,2.09,1.86,2.1,1.82,2.06,2.45,3.5,2.8,2.37,3.5,2.85,,,,2.43,3.57,2.98,2.4,3.4,2.88,,,,2.5,3.6,3.05,2.4,3.5,2.92,1.67,2.15,1.74,2.21,1.75,2.3,1.69,2.18,-0.25,2.08,1.73,2.11,1.83,2.13,1.85,2.04,1.81,Unknown,2,2,4,2.45,3.4,2.88,2.53,3.69,2.87,2.6,3.6,2.92,1.85,2.12,1.88,2.1,2.3,3.3,2.9,2.5,3.57,2.85,2.52,3.55,3.05,1.76,2.3,2.16,1.85,,,,,,,,,,,,,,,,,,,,,,,,,,,,,,,,,,,,,,,,,,,,,toulouse,lyon
F1,29/09/2024,16:00,Angers,Reims,1,3,A,0,2,A,14,21,3,10,7,11,5,4,0,3,0,0,3.6,3.2,2.2,3.3,3.3,2.2,,,,3.59,3.28,2.22,3.5,3.2,2.2,,,,3.63,3.37,2.27,3.46,3.27,2.21,2.08,1.73,2.15,1.76,2.18,1.8,2.1,1.75,0.25,2.0,1.9,2.0,1.9,2.0,1.92,1.95,1.87,3.6,3.2,2.15,3.5,3.25,2.15,,,,3.78,3.26,2.19,3.6,3.2,2.15,,,,3.82,3.32,2.22,3.65,3.23,2.17,2.08,1.73,2.16,1.76,2.17,1.79,2.12,1.74,0.25,2.05,1.88,2.06,1.87,2.08,1.89,2.01,1.84,Unknown,0,3,3,3.3,3.3,2.25,3.61,3.37,2.27,3.7,3.35,2.3,2.16,1.78,2.04,1.94,3.7,3.1,2.1,3.82,3.28,2.16,3.95,3.3,2.22,2.22,1.8,2.1,1.88,,,,,,,,,,,,,,,,,,,,,,,,,,,,,,,,,,,,,,,,,,,,,angers,reims
F1,29/09/2024,16:00,Nantes,St Etienne,2,2,D,1,0,H,16,5,3,3,11,12,8,4,2,2,1,0,1.73,3.8,4.75,1.73,3.75,4.6,,,,1.78,3.71,4.92,1.75,3.6,4.75,,,,1.84,3.84,5.0,1.76,3.73,4.71,2.02,1.88,2.05,1.85,2.06,1.91,1.97,1.86,-0.75,1.99,1.91,2.03,1.88,2.03,1.92,1.97,1.85,1.73,3.7,4.75,1.73,3.7,4.8,,,,1.78,3.71,5.05,1.75,3.6,4.8,,,,1.82,3.84,5.3,1.75,3.74,4.83,2.1,1.73,2.12,1.79,2.12,1.94,2.0,1.83,-0.75,2.03,1.9,2.02,1.91,2.03,1.95,1.98,1.88,Unknown,4,2,6,1.73,3.8,5.0,1.84,3.75,4.87,1.79,3.95,5.2,2.06,1.9,2.02,1.94,1.7,3.6,5.0,1.72,3.84,5.3,1.8,3.85,5.4,2.1,1.9,2.03,1.95,,,,,,,,,,,,,,,,,,,,,,,,,,,,,,,,,,,,,,,,,,,,,nantes,st etienne
F1,29/09/2024,19:45,Strasbourg,Marseille,1,0,H,1,0,H,14,10,6,3,17,7,8,3,2,1,0,0,3.4,3.9,2.0,3.3,3.9,2.0,,,,3.56,3.83,2.03,3.4,3.75,2.05,,,,3.63,4.0,2.08,3.47,3.84,2.01,1.57,2.35,1.61,2.41,1.65,2.44,1.58,2.35,0.5,1.86,2.04,1.87,2.04,1.89,2.06,1.85,2.01,3.1,3.75,2.15,3.1,3.7,2.15,,,,3.18,3.69,2.26,3.2,3.6,2.15,,,,3.32,3.83,2.26,3.18,3.69,2.17,1.65,2.2,1.68,2.3,1.68,2.4,1.63,2.31,0.25,1.98,1.95,1.95,1.97,2.02,1.97,1.95,1.9,Unknown,2,1,3,3.5,3.8,2.0,3.63,3.86,2.08,3.65,4.0,2.06,1.64,2.48,1.9,2.06,3.1,3.4,2.05,3.32,3.83,2.13,3.4,3.75,2.24,1.71,2.38,2.04,1.95,,,,,,,,,,,,,,,,,,,,,,,,,,,,,,,,,,,,,,,,,,,,,strasbourg,marseille
F1,04/10/2024,19:45,Marseille,Angers,1,1,D,0,0,D,13,8,4,3,12,9,9,3,4,0,1,1,1.25,6.0,12.0,1.25,6.25,11.0,,,,1.24,6.59,12.26,1.22,6.0,13.0,,,,1.26,7.01,14.0,1.23,6.46,12.63,1.53,2.5,1.54,2.58,1.56,2.63,1.52,2.51,-1.75,1.91,1.99,1.93,1.97,1.93,2.03,1.88,1.95,1.27,5.75,11.0,1.28,5.75,10.5,,,,1.27,6.17,10.94,1.29,5.8,11.0,,,,1.29,6.5,13.0,1.27,5.94,10.92,1.53,2.5,1.56,2.52,1.58,2.62,1.54,2.49,-1.75,2.04,1.86,2.07,1.85,2.09,1.92,2.01,1.85,Unknown,6,2,8,1.22,6.5,14.0,1.25,7.01,13.4,1.26,7.0,15.5,1.57,2.7,1.97,2.0,1.22,5.5,12.0,1.29,5.87,11.8,1.31,6.2,12.5,1.62,2.58,2.13,1.87,,,,,,,,,,,,,,,,,,,,,,,,,,,,,,,,,,,,,,,,,,,,,marseille,angers
F1,05/10/2024,16:00,St Etienne,Auxerre,3,1,H,1,0,H,13,11,5,3,13,10,5,4,3,1,0,0,2.7,3.4,2.6,2.65,3.5,2.55,,,,2.79,3.47,2.58,2.75,3.4,2.5,,,,2.84,3.63,2.65,2.74,3.45,2.57,1.91,1.99,1.92,1.97,1.95,2.0,1.89,1.94,0.0,2.01,1.89,2.03,1.88,2.05,1.9,2.0,1.87,3.0,3.3,2.35,3.0,3.3,2.35,,,,3.22,3.31,2.41,3.0,3.5,2.3,,,,3.23,3.6,2.42,3.04,3.43,2.35,1.98,1.92,1.99,1.92,1.99,2.1,1.83,2.02,0.25,1.84,2.09,1.87,2.07,1.89,2.09,1.85,2.02,Unknown,3,1,4,2.8,3.4,2.55,2.81,3.63,2.61,2.82,3.55,2.68,1.93,2.02,2.04,1.92,2.9,3.2,2.25,2.97,3.58,2.42,3.2,3.5,2.46,1.88,2.1,1.89,2.1,,,,,,,,,,,,,,,,,,,,,,,,,,,,,,,,,,,,,,,,,,,,,st etienne,auxerre
F1,05/10/2024,18:00,Lille,Toulouse,2,1,H,0,1,A,10,9,3,3,13,8,4,6,3,2,0,0,1.73,4.1,4.5,1.75,3.8,4.5,,,,1.75,4.02,4.64,1.75,3.75,4.6,,,,1.79,4.1,4.76,1.75,3.96,4.55,1.84,2.06,1.84,2.06,1.88,2.08,1.83,2.02,-0.75,1.97,1.93,1.97,1.93,1.98,1.95,1.94,1.89,1.75,3.9,4.33,1.78,3.7,4.4,,,,1.79,3.81,4.8,1.83,3.6,4.33,,,,1.87,4.0,4.84,1.78,3.78,4.56,1.98,1.92,1.96,1.94,2.0,2.0,1.92,1.91,-0.75,2.04,1.89,2.03,1.89,2.11,1.91,2.01,1.85,Unknown,3,2,5,1.73,4.0,4.6,1.79,4.06,4.76,1.79,4.1,4.9,1.87,2.08,2.01,1.96,1.75,3.6,4.5,1.77,4.0,4.63,1.83,3.9,5.0,2.0,1.99,2.07,1.91,,,,,,,,,,,,,,,,,,,,,,,,,,,,,,,,,,,,,,,,,,,,,lille,toulouse
F1,05/10/2024,20:00,Rennes,Monaco,1,2,A,1,2,A,14,5,3,2,9,16,10,4,2,4,0,0,2.7,3.5,2.55,2.7,3.6,2.45,,,,2.75,3.65,2.53,2.7,3.6,2.45,,,,2.77,3.83,2.58,2.7,3.65,2.5,1.62,2.3,1.65,2.34,1.7,2.38,1.63,2.31,0.0,2.02,1.88,2.04,1.87,2.05,1.91,2.02,1.87,2.75,3.3,2.6,2.8,3.4,2.45,,,,2.76,3.49,2.64,2.9,3.5,2.38,,,,3.06,3.56,2.64,2.89,3.45,2.46,1.73,2.1,1.79,2.13,1.83,2.2,1.76,2.1,0.0,2.03,1.9,2.01,1.92,2.14,1.92,2.06,1.84,Unknown,2,4,6,2.7,3.7,2.5,2.77,3.83,2.55,2.8,3.75,2.64,1.66,2.4,2.05,1.93,2.88,3.4,2.38,3.06,3.44,2.42,2.94,3.55,2.62,1.84,2.18,2.11,1.89,,,,,,,,,,,,,,,,,,,,,,,,,,,,,,,,,,,,,,,,,,,,,rennes,monaco
F1,06/10/2024,14:00,Lyon,Nantes,2,0,H,1,0,H,17,11,6,6,10,5,6,9,1,2,0,0,1.75,3.6,4.75,1.8,3.8,4.2,,,,1.79,3.95,4.43,1.83,3.7,4.2,,,,1.85,4.04,4.75,1.8,3.85,4.37,1.73,2.1,1.76,2.14,1.81,2.16,1.76,2.1,-0.75,2.02,1.88,2.04,1.87,2.04,1.9,2.0,1.84,1.65,3.9,5.5,1.66,4.0,5.0,,,,1.68,4.05,5.27,1.67,3.8,5.0,,,,1.8,4.1,5.77,1.7,3.94,4.95,1.67,2.2,1.71,2.24,1.75,2.3,1.69,2.2,-0.75,1.85,2.08,1.87,2.06,1.99,2.12,1.87,1.99,Unknown,1,2,3,1.8,3.9,4.5,1.85,4.04,4.4,1.81,3.95,4.9,1.77,2.22,2.04,1.93,1.62,3.75,4.75,1.66,3.95,5.77,1.74,4.1,5.4,1.75,2.28,1.94,2.04,,,,,,,,,,,,,,,,,,,,,,,,,,,,,,,,,,,,,,,,,,,,,lyon,nantes
F1,06/10/2024,16:00,Brest,Le Havre,2,0,H,1,0,H,8,14,3,0,19,11,1,9,4,0,1,1,1.8,3.6,4.5,1.85,3.5,4.4,,,,1.83,3.55,4.83,1.85,3.4,4.5,,,,1.88,3.72,4.9,1.84,3.54,4.55,2.1,1.73,2.19,1.73,2.22,1.77,2.15,1.72,-0.5,1.83,2.07,1.83,2.08,1.85,2.09,1.83,2.03,1.8,3.6,4.5,1.8,3.5,4.6,,,,1.84,3.57,4.77,1.83,3.5,4.5,,,,1.92,3.69,4.8,1.83,3.55,4.58,2.2,1.67,2.22,1.73,2.25,1.78,2.16,1.71,-0.5,1.85,2.08,1.85,2.08,1.87,2.11,1.84,2.04,Unknown,6,2,8,1.85,3.5,4.6,1.87,3.72,4.71,1.89,3.6,5.0,2.22,1.75,1.89,2.11,1.75,3.4,4.5,1.82,3.69,4.77,1.88,3.7,5.0,2.26,1.77,1.88,2.12,,,,,,,,,,,,,,,,,,,,,,,,,,,,,,,,,,,,,,,,,,,,,brest,le havre
F1,06/10/2024,16:00,Reims,Montpellier,4,2,H,2,1,H,18,10,5,3,15,13,4,4,3,5,0,0,1.8,3.8,4.33,1.82,3.9,4.0,,,,1.81,3.99,4.28,1.83,3.8,4.0,,,,1.86,4.12,4.4,1.82,3.93,4.13,1.62,2.3,1.64,2.36,1.7,2.38,1.64,2.29,-0.5,1.78,2.03,1.81,2.09,1.85,2.11,1.81,2.05,1.65,4.1,5.0,1.66,4.1,4.75,,,,1.67,4.19,5.18,1.65,4.0,5.0,,,,1.71,4.25,5.25,1.66,4.14,4.9,1.57,2.38,1.61,2.46,1.61,2.53,1.57,2.41,-0.75,1.83,2.1,1.85,2.09,1.86,2.11,1.82,2.04,Unknown,3,5,8,1.8,3.9,4.2,1.86,4.12,4.24,1.85,4.1,4.5,1.69,2.34,1.85,2.16,1.6,3.8,4.75,1.68,4.18,5.09,1.69,4.2,5.5,1.63,2.54,1.85,2.14,,,,,,,,,,,,,,,,,,,,,,,,,,,,,,,,,,,,,,,,,,,,,reims,montpellier
F1,06/10/2024,16:00,Strasbourg,Lens,2,2,D,1,2,A,8,12,5,5,15,18,3,5,2,4,0,0,3.0,3.3,2.4,2.87,3.4,2.4,,,,2.99,3.48,2.44,2.9,3.4,2.4,,,,3.02,3.65,2.5,2.93,3.43,2.41,1.92,1.98,1.91,1.98,1.95,2.0,1.88,1.94,0.25,1.81,2.09,1.81,2.11,1.83,2.13,1.78,2.06,2.63,3.3,2.7,2.7,3.4,2.55,,,,2.7,3.45,2.72,2.7,3.3,2.6,,,,2.87,3.53,2.72,2.72,3.41,2.6,1.91,1.99,1.89,2.01,1.93,2.03,1.87,1.96,0.0,1.95,1.98,1.95,1.97,2.06,1.99,1.98,1.91,Unknown,2,4,6,2.9,3.4,2.4,3.01,3.65,2.44,3.05,3.45,2.52,1.94,2.0,1.83,2.17,2.7,3.2,2.45,2.87,3.39,2.58,2.94,3.5,2.64,1.92,2.06,2.1,1.9,,,,,,,,,,,,,,,,,,,,,,,,,,,,,,,,,,,,,,,,,,,,,strasbourg,lens
F1,06/10/2024,19:45,Nice,Paris SG,1,1,D,1,0,H,9,19,3,9,7,9,5,15,1,2,0,0,4.75,4.0,1.7,4.8,3.9,1.68,,,,5.07,4.03,1.69,4.8,4.0,1.67,,,,5.2,4.25,1.74,4.88,4.0,1.69,1.73,2.1,1.71,2.21,1.75,2.3,1.69,2.17,0.75,2.0,1.9,2.02,1.89,2.02,1.91,1.97,1.86,5.25,4.33,1.57,5.0,4.2,1.62,,,,5.57,4.31,1.61,5.5,4.2,1.6,,,,5.64,4.45,1.62,5.35,4.27,1.59,1.62,2.3,1.63,2.38,1.67,2.41,1.61,2.32,1.0,1.9,2.03,1.9,2.02,1.92,2.04,1.86,1.99,Unknown,1,2,3,5.0,4.0,1.67,4.87,4.25,1.74,5.4,4.1,1.72,1.73,2.24,2.05,1.9,5.0,4.1,1.5,5.64,4.45,1.59,6.0,4.5,1.62,1.67,2.46,1.92,2.05,,,,,,,,,,,,,,,,,,,,,,,,,,,,,,,,,,,,,,,,,,,,,nice,paris sg
F1,18/10/2024,19:45,Monaco,Lille,0,0,D,0,0,D,14,3,4,1,13,14,6,1,1,5,1,0,1.91,3.6,3.8,1.93,3.6,3.8,,,,1.94,3.75,4.04,1.91,3.6,3.9,,,,2.03,3.87,4.1,1.93,3.71,3.89,1.67,2.2,1.73,2.22,1.76,2.24,1.7,2.18,-0.5,1.95,1.95,1.95,1.97,1.98,1.98,1.93,1.94,2.0,3.5,3.6,2.1,3.6,3.3,,,,2.13,3.63,3.52,2.05,3.5,3.5,,,,2.15,3.76,3.93,2.05,3.63,3.57,1.67,2.2,1.69,2.29,1.7,2.3,1.64,2.23,-0.5,2.01,1.77,2.13,1.8,2.15,1.88,2.05,1.82,Unknown,3,5,8,1.91,3.7,4.0,1.97,3.87,4.02,1.98,3.85,4.1,1.75,2.28,1.98,2.0,2.0,3.5,3.5,2.05,3.57,3.82,2.16,3.65,3.65,1.71,2.38,2.18,1.84,,,,,,,,,,,,,,,,,,,,,,,,,,,,,,,,,,,,,,,,,,,,,monaco,lille
F1,19/10/2024,16:00,Brest,Rennes,1,1,D,0,0,D,12,6,2,4,18,15,2,4,2,2,0,0,2.9,3.25,2.5,2.87,3.3,2.45,,,,2.99,3.22,2.58,3.0,3.2,2.45,,,,3.05,3.42,2.59,2.93,3.25,2.52,2.04,1.86,2.03,1.87,2.06,1.89,1.99,1.81,0.0,2.08,1.82,2.11,1.81,2.13,1.85,2.08,1.81,2.63,3.2,2.75,2.65,3.2,2.7,,,,2.73,3.23,2.84,2.7,3.2,2.7,,,,2.73,3.35,2.85,2.68,3.22,2.77,2.1,1.73,2.15,1.78,2.16,1.86,2.09,1.77,0.0,1.92,2.01,1.93,2.0,1.93,2.02,1.91,1.97,Unknown,2,2,4,2.88,3.25,2.55,3.0,3.42,2.57,3.0,3.4,2.68,2.06,1.88,2.11,1.89,2.63,3.1,2.75,2.73,3.23,2.83,2.8,3.3,2.9,2.2,1.81,1.96,2.03,,,,,,,,,,,,,,,,,,,,,,,,,,,,,,,,,,,,,,,,,,,,,brest,rennes
F1,19/10/2024,18:00,St Etienne,Lens,0,2,A,0,1,A,15,13,1,5,12,16,2,7,1,2,0,0,5.25,3.75,1.67,5.0,3.75,1.68,,,,5.3,3.84,1.7,5.0,3.8,1.7,,,,5.5,4.02,1.76,5.07,3.85,1.7,1.95,1.95,1.93,1.95,1.98,1.97,1.91,1.92,0.75,1.99,1.91,1.99,1.92,2.0,1.94,1.95,1.89,6.0,4.2,1.55,5.75,4.2,1.55,,,,5.92,4.38,1.58,5.8,4.2,1.55,,,,6.06,4.5,1.58,5.89,4.32,1.55,1.73,2.1,1.71,2.22,1.73,2.29,1.67,2.21,1.0,1.96,1.97,1.94,1.98,2.04,1.98,1.95,1.91,Unknown,1,2,3,5.0,3.9,1.7,5.12,4.02,1.75,5.5,4.0,1.74,1.94,1.98,2.02,1.94,5.5,4.1,1.53,6.01,4.3,1.58,6.4,4.4,1.6,1.74,2.3,1.97,1.99,,,,,,,,,,,,,,,,,,,,,,,,,,,,,,,,,,,,,,,,,,,,,st etienne,lens
F1,19/10/2024,20:00,Paris SG,Strasbourg,4,2,H,1,0,H,18,16,10,8,10,12,5,5,2,2,0,0,1.27,5.75,10.0,1.29,6.0,9.0,,,,1.26,6.67,9.83,1.25,6.0,11.0,,,,1.29,6.9,11.0,1.27,6.44,9.77,1.33,3.2,1.35,3.29,1.38,3.4,1.35,3.19,-1.75,1.89,1.89,1.92,1.97,1.98,1.98,1.91,1.92,1.3,5.5,9.0,1.3,6.0,9.0,,,,1.3,6.2,9.32,1.29,6.0,9.5,,,,1.33,6.75,11.0,1.29,6.18,9.5,1.33,3.4,1.34,3.38,1.36,3.45,1.33,3.34,-1.75,2.04,1.89,2.03,1.88,2.07,1.96,1.96,1.89,Unknown,2,2,4,1.25,6.5,11.0,1.29,6.88,10.8,1.29,7.2,11.0,1.37,3.5,1.93,1.99,1.25,6.0,10.0,1.33,5.77,9.79,1.31,6.6,11.0,1.36,3.65,2.05,1.94,,,,,,,,,,,,,,,,,,,,,,,,,,,,,,,,,,,,,,,,,,,,,paris sg,strasbourg
F1,20/10/2024,14:00,Le Havre,Lyon,0,4,A,0,1,A,7,16,1,8,17,11,4,6,3,4,0,0,3.75,3.5,2.0,3.5,3.6,2.0,,,,3.88,3.57,2.01,3.75,3.6,1.95,,,,3.89,3.87,2.02,3.7,3.62,1.99,1.73,2.1,1.79,2.1,1.83,2.14,1.77,2.08,0.5,1.87,2.03,1.88,2.02,1.89,2.06,1.86,2.0,4.75,3.8,1.73,4.5,3.9,1.73,,,,4.85,3.93,1.75,4.5,3.9,1.73,,,,5.12,4.1,1.75,4.74,3.93,1.72,1.67,2.2,1.68,2.3,1.7,2.35,1.66,2.25,0.75,1.95,1.98,1.95,1.97,2.0,1.99,1.94,1.91,Unknown,3,4,7,3.9,3.5,1.95,3.85,3.87,2.01,4.0,3.75,2.04,1.79,2.14,1.94,2.04,4.6,3.75,1.65,5.07,3.91,1.73,5.1,4.0,1.78,1.71,2.36,1.98,2.0,,,,,,,,,,,,,,,,,,,,,,,,,,,,,,,,,,,,,,,,,,,,,le havre,lyon
F1,20/10/2024,16:00,Auxerre,Reims,2,1,H,1,0,H,10,15,8,3,6,10,5,9,2,3,0,0,2.63,3.4,2.6,2.55,3.5,2.6,,,,2.78,3.46,2.6,2.6,3.5,2.6,,,,2.78,3.73,2.65,2.67,3.49,2.59,1.73,2.1,1.75,2.16,1.8,2.19,1.74,2.12,0.0,1.99,1.91,2.02,1.89,2.02,1.94,1.97,1.91,3.25,3.4,2.2,3.1,3.4,2.25,,,,3.37,3.56,2.22,3.25,3.3,2.25,,,,3.45,3.56,2.3,3.25,3.46,2.23,1.73,2.1,1.75,2.18,1.82,2.18,1.75,2.11,0.25,2.0,1.93,2.0,1.93,2.01,2.0,1.94,1.91,Unknown,2,3,5,2.7,3.4,2.63,2.74,3.73,2.62,2.84,3.6,2.68,1.77,2.2,2.05,1.93,3.1,3.3,2.2,3.45,3.49,2.2,3.4,3.55,2.32,1.79,2.22,1.99,1.99,,,,,,,,,,,,,,,,,,,,,,,,,,,,,,,,,,,,,,,,,,,,,auxerre,reims
F1,20/10/2024,16:00,Nantes,Nice,1,1,D,0,0,D,11,13,7,7,10,11,4,8,2,1,0,0,3.25,3.1,2.38,3.1,3.2,2.35,,,,3.26,3.16,2.44,3.1,3.2,2.38,,,,3.26,3.39,2.48,3.16,3.17,2.4,2.2,1.67,2.29,1.68,2.32,1.71,2.24,1.67,0.25,1.85,2.05,1.84,2.08,1.87,2.09,1.82,2.02,2.88,3.2,2.55,2.85,3.1,2.55,,,,2.94,3.18,2.69,2.88,3.1,2.6,,,,2.97,3.35,2.72,2.88,3.16,2.62,2.1,1.73,2.16,1.75,2.2,1.79,2.12,1.74,0.0,2.08,1.85,2.05,1.88,2.09,1.88,2.04,1.85,Unknown,2,1,3,3.1,3.1,2.45,3.23,3.39,2.43,3.35,3.25,2.46,2.28,1.7,1.88,2.09,2.8,3.0,2.63,2.88,3.19,2.7,3.0,3.2,2.74,2.2,1.81,2.09,1.9,,,,,,,,,,,,,,,,,,,,,,,,,,,,,,,,,,,,,,,,,,,,,nantes,nice
F1,20/10/2024,16:00,Toulouse,Angers,1,1,D,0,1,A,18,8,6,4,11,9,8,2,2,4,0,0,1.57,3.75,6.5,1.57,3.9,6.0,,,,1.6,3.95,6.24,1.6,3.8,6.0,,,,1.64,4.09,6.5,1.58,3.89,6.17,2.0,1.8,2.12,1.78,2.13,1.83,2.06,1.78,-1.0,2.06,1.84,2.07,1.85,2.08,1.86,2.02,1.83,1.45,4.1,8.0,1.47,4.2,7.0,,,,1.49,4.39,7.63,1.5,4.2,7.0,,,,1.53,4.5,8.3,1.49,4.28,7.21,1.99,1.91,1.98,1.93,2.0,1.95,1.92,1.91,-1.0,1.75,2.05,1.8,2.12,1.88,2.15,1.81,2.05,Unknown,2,4,6,1.6,3.8,6.5,1.64,4.09,6.26,1.65,4.0,6.8,2.1,1.8,2.05,1.82,1.47,4.1,7.0,1.49,4.21,8.21,1.53,4.4,8.0,2.02,1.97,1.87,2.11,,,,,,,,,,,,,,,,,,,,,,,,,,,,,,,,,,,,,,,,,,,,,toulouse,angers
F1,20/10/2024,19:45,Montpellier,Marseille,0,5,A,0,3,A,13,21,5,10,11,18,3,2,1,3,1,0,4.33,4.0,1.73,4.2,4.1,1.75,,,,4.37,4.04,1.79,4.2,4.0,1.75,,,,4.5,4.29,1.81,4.26,4.06,1.76,1.53,2.5,1.57,2.49,1.59,2.52,1.54,2.46,0.75,1.85,1.93,1.89,2.01,1.93,2.01,1.88,1.94,4.33,4.0,1.75,4.5,4.1,1.7,,,,4.46,4.05,1.74,4.75,3.9,1.7,,,,4.82,4.25,1.79,4.53,4.08,1.72,1.53,2.5,1.55,2.59,1.55,2.63,1.52,2.56,0.75,1.91,2.02,1.92,2.01,2.02,2.02,1.94,1.92,Unknown,3,3,6,4.5,4.0,1.75,4.35,4.29,1.81,4.6,4.2,1.81,1.59,2.56,1.95,2.02,4.75,3.9,1.67,4.82,4.11,1.73,4.8,4.2,1.8,1.58,2.7,1.97,2.01,,,,,,,,,,,,,,,,,,,,,,,,,,,,,,,,,,,,,,,,,,,,,montpellier,marseille
F1,25/10/2024,19:45,Rennes,Le Havre,1,0,H,0,0,D,20,5,4,1,10,7,14,0,2,4,0,1,1.45,4.0,7.5,1.49,4.2,7.0,,,,1.49,4.37,7.65,1.5,4.0,7.0,,,,1.52,4.56,7.8,1.49,4.31,7.19,1.95,1.95,1.95,1.95,1.98,1.97,1.92,1.91,-1.0,1.83,2.1,1.83,2.11,1.9,2.16,1.81,2.05,1.53,3.9,7.0,1.5,4.33,6.5,,,,1.53,4.26,6.98,1.44,4.4,7.5,,,,1.56,4.7,8.1,1.5,4.26,6.93,1.92,1.98,1.91,2.0,1.99,2.04,1.87,1.96,-1.0,1.9,2.03,1.92,2.01,1.96,2.2,1.85,2.03,Unknown,2,6,8,1.47,4.2,7.5,1.52,4.56,7.19,1.51,4.5,8.2,1.98,1.99,1.85,2.12,1.44,4.0,6.5,1.55,4.03,7.24,1.55,4.4,7.8,1.95,2.02,1.93,2.04,,,,,,,,,,,,,,,,,,,,,,,,,,,,,,,,,,,,,,,,,,,,,rennes,le havre
F1,26/10/2024,16:00,Angers,St Etienne,4,2,H,2,1,H,13,19,8,7,10,13,2,3,1,3,0,0,2.45,3.3,2.9,2.37,3.3,2.95,,,,2.48,3.19,3.16,2.4,3.25,3.0,,,,2.5,3.47,3.18,2.44,3.25,3.05,2.1,1.73,2.15,1.76,2.16,1.81,2.1,1.76,-0.25,2.1,1.8,2.12,1.81,2.12,1.84,2.07,1.79,2.2,3.5,3.2,2.25,3.3,3.2,,,,2.29,3.4,3.37,2.25,3.25,3.3,,,,2.31,3.57,3.47,2.25,3.39,3.27,1.93,1.85,2.01,1.9,2.02,2.0,1.94,1.88,-0.25,1.99,1.94,1.97,1.95,2.01,1.98,1.94,1.92,Unknown,1,3,4,2.5,3.25,3.0,2.48,3.47,3.1,2.52,3.35,3.25,2.18,1.77,2.14,1.84,2.2,3.3,3.3,2.3,3.57,3.16,2.34,3.5,3.45,2.0,1.96,2.0,1.99,,,,,,,,,,,,,,,,,,,,,,,,,,,,,,,,,,,,,,,,,,,,,angers,st etienne
F1,26/10/2024,18:00,Reims,Brest,1,2,A,1,2,A,11,13,3,4,15,11,7,3,3,2,0,0,2.15,3.5,3.25,2.2,3.5,3.1,,,,2.2,3.55,3.38,2.2,3.4,3.25,,,,2.23,3.73,3.41,2.19,3.53,3.26,1.84,2.06,1.85,2.04,1.88,2.08,1.84,2.0,-0.25,1.85,1.93,1.91,2.0,1.93,2.0,1.89,1.94,1.85,3.5,4.33,1.87,3.5,4.33,,,,1.9,3.54,4.53,1.91,3.5,4.2,,,,1.95,3.65,4.6,1.88,3.52,4.3,2.08,1.82,2.06,1.85,2.11,1.88,2.02,1.81,-0.5,1.9,2.03,1.91,2.01,1.91,2.03,1.88,1.98,Unknown,3,2,5,2.15,3.6,3.3,2.23,3.73,3.36,2.22,3.65,3.5,1.88,2.04,1.91,2.06,1.85,3.4,4.4,1.9,3.59,4.44,1.94,3.6,4.7,2.1,1.9,1.95,2.04,,,,,,,,,,,,,,,,,,,,,,,,,,,,,,,,,,,,,,,,,,,,,reims,brest
F1,26/10/2024,20:00,Lens,Lille,0,2,A,0,0,D,11,11,4,3,16,14,8,2,4,4,0,0,2.3,3.4,3.1,2.35,3.3,3.0,,,,2.38,3.35,3.18,2.3,3.4,3.1,,,,2.39,3.56,3.23,2.34,3.36,3.1,2.02,1.88,2.02,1.87,2.04,1.9,1.99,1.85,-0.25,2.03,1.87,2.05,1.86,2.07,1.89,2.0,1.84,2.05,3.4,3.7,2.1,3.25,3.6,,,,2.1,3.38,3.89,2.1,3.3,3.6,,,,2.2,3.47,3.89,2.12,3.32,3.69,2.1,1.73,2.1,1.79,2.2,1.81,2.09,1.76,-0.25,1.75,2.05,1.8,2.13,1.91,2.17,1.8,2.06,Unknown,4,4,8,2.3,3.3,3.2,2.39,3.56,3.16,2.42,3.4,3.3,2.02,1.88,2.06,1.92,2.05,3.2,3.7,2.14,3.47,3.61,2.16,3.45,3.95,2.16,1.84,1.85,2.15,,,,,,,,,,,,,,,,,,,,,,,,,,,,,,,,,,,,,,,,,,,,,lens,lille
F1,27/10/2024,14:00,Lyon,Auxerre,2,2,D,1,0,H,12,17,8,4,7,14,5,4,0,4,0,0,1.48,5.0,5.5,1.55,4.5,5.5,,,,1.49,4.89,6.14,1.5,4.6,5.8,,,,1.55,5.0,6.2,1.49,4.81,5.83,1.44,2.75,1.47,2.79,1.48,2.8,1.45,2.7,-1.25,2.05,1.85,2.04,1.88,2.05,1.88,2.01,1.82,1.42,5.25,5.75,1.44,5.0,6.25,,,,1.46,5.07,6.72,1.44,4.8,6.5,,,,1.49,5.44,6.8,1.44,5.06,6.41,1.4,3.0,1.44,2.93,1.45,3.1,1.41,2.94,-1.25,1.91,1.99,1.94,1.98,1.98,2.01,1.9,1.95,Unknown,0,4,4,1.5,4.75,5.5,1.53,4.97,6.2,1.54,4.9,6.4,1.49,2.86,2.05,1.89,1.4,4.75,6.5,1.46,5.44,6.18,1.46,5.3,7.6,1.44,3.2,1.94,2.05,,,,,,,,,,,,,,,,,,,,,,,,,,,,,,,,,,,,,,,,,,,,,lyon,auxerre
F1,27/10/2024,16:00,Montpellier,Toulouse,0,3,A,0,3,A,9,15,2,6,8,20,1,3,1,2,1,0,3.1,3.6,2.2,3.1,3.6,2.2,,,,3.23,3.68,2.21,3.1,3.6,2.2,,,,3.26,3.79,2.28,3.15,3.61,2.2,1.73,2.1,1.75,2.16,1.79,2.19,1.74,2.12,0.25,1.95,1.95,1.97,1.93,1.98,1.96,1.92,1.9,3.2,3.7,2.1,3.25,3.6,2.1,,,,3.44,3.7,2.14,3.2,3.6,2.15,,,,3.44,3.8,2.21,3.28,3.68,2.12,1.67,2.2,1.68,2.32,1.71,2.33,1.64,2.26,0.25,2.04,1.86,2.06,1.87,2.07,1.89,2.01,1.84,Unknown,3,2,5,3.25,3.5,2.2,3.26,3.79,2.25,3.35,3.65,2.3,1.76,2.18,1.99,1.98,3.1,3.6,2.1,3.18,3.8,2.21,3.45,3.8,2.2,1.71,2.38,2.06,1.92,,,,,,,,,,,,,,,,,,,,,,,,,,,,,,,,,,,,,,,,,,,,,montpellier,toulouse
F1,27/10/2024,16:00,Nice,Monaco,2,1,H,1,1,D,17,11,9,5,16,11,6,6,2,5,0,1,3.2,3.5,2.2,2.95,3.5,2.25,,,,3.35,3.5,2.23,3.1,3.5,2.25,,,,3.36,3.73,2.28,3.2,3.48,2.23,1.8,2.0,1.85,2.05,1.87,2.12,1.81,2.03,0.25,1.95,1.95,1.97,1.93,1.97,1.97,1.92,1.91,3.9,3.7,1.91,3.9,3.7,1.9,,,,4.04,3.72,1.95,3.9,3.6,1.91,,,,4.26,3.81,1.97,3.89,3.7,1.92,1.8,2.0,1.79,2.12,1.84,2.12,1.79,2.04,0.5,1.95,1.95,1.96,1.96,2.0,1.99,1.92,1.94,Unknown,2,7,9,3.3,3.4,2.2,3.33,3.73,2.24,3.4,3.55,2.3,1.84,2.06,1.99,1.98,3.9,3.6,1.9,4.26,3.81,1.88,4.2,3.8,1.98,1.84,2.16,2.0,1.99,,,,,,,,,,,,,,,,,,,,,,,,,,,,,,,,,,,,,,,,,,,,,nice,monaco
F1,27/10/2024,16:00,Strasbourg,Nantes,3,1,H,1,0,H,9,8,5,6,15,17,5,4,2,3,0,0,1.85,3.6,4.2,1.87,3.6,4.0,,,,1.88,3.69,4.33,1.91,3.6,4.0,,,,1.92,3.88,4.33,1.88,3.66,4.12,1.86,1.92,1.89,1.99,1.94,2.01,1.88,1.94,-0.5,1.87,2.03,1.88,2.03,1.91,2.06,1.87,1.99,1.95,3.5,3.9,1.93,3.6,3.8,,,,2.0,3.5,4.11,2.0,3.4,3.9,,,,2.06,3.6,4.2,1.98,3.51,3.94,1.95,1.95,1.97,1.93,1.99,1.96,1.92,1.91,-0.5,2.0,1.9,2.01,1.92,2.02,1.92,1.98,1.89,Unknown,2,3,5,1.87,3.6,4.2,1.92,3.88,4.25,1.91,3.8,4.5,1.89,1.96,1.91,2.07,1.91,3.4,4.0,1.96,3.58,4.14,2.02,3.55,4.3,1.98,2.0,2.02,1.94,,,,,,,,,,,,,,,,,,,,,,,,,,,,,,,,,,,,,,,,,,,,,strasbourg,nantes
F1,27/10/2024,19:45,Marseille,Paris SG,0,3,A,0,3,A,5,19,1,8,4,7,1,2,1,0,1,0,3.9,3.7,1.9,3.4,3.8,1.98,,,,3.8,4.05,1.91,3.5,3.9,1.95,,,,3.9,4.19,1.99,3.65,3.92,1.93,1.53,2.5,1.52,2.62,1.54,2.66,1.51,2.54,0.5,1.95,1.95,1.99,1.92,1.99,1.99,1.92,1.94,4.1,3.7,1.83,3.9,3.9,1.83,,,,4.14,4.04,1.85,4.2,3.8,1.8,,,,4.21,4.1,1.89,4.02,3.95,1.84,1.53,2.5,1.55,2.61,1.59,2.62,1.52,2.55,0.5,2.05,1.85,2.07,1.86,2.08,1.88,2.03,1.85,Unknown,3,0,3,3.8,3.9,1.95,3.77,4.19,1.96,4.0,4.0,1.99,1.53,2.66,2.01,1.98,4.1,3.9,1.8,4.21,3.8,1.89,4.4,4.0,1.87,1.59,2.66,2.13,1.87,,,,,,,,,,,,,,,,,,,,,,,,,,,,,,,,,,,,,,,,,,,,,marseille,paris sg
F1,01/11/2024,18:00,Monaco,Angers,0,1,A,0,1,A,11,10,3,3,16,12,4,4,1,1,0,0,1.22,6.5,12.0,1.22,6.75,12.0,,,,1.21,7.49,12.84,1.2,7.0,13.0,,,,1.23,7.7,14.5,1.21,7.06,13.02,1.44,2.75,1.43,2.94,1.45,2.98,1.42,2.86,-2.0,2.05,1.88,2.02,1.88,2.06,1.93,2.0,1.86,1.27,6.25,10.0,1.26,6.5,10.0,,,,1.26,6.65,10.42,1.22,6.5,12.0,,,,1.29,7.3,14.0,1.24,6.67,11.0,1.36,3.2,1.38,3.18,1.43,3.35,1.38,3.07,-1.75,1.91,2.02,1.92,1.99,1.96,2.07,1.85,2.0,Unknown,1,1,2,1.2,7.0,14.0,1.23,7.55,14.1,1.23,7.8,16.0,1.46,3.1,2.06,1.88,1.18,7.0,14.0,1.29,6.35,10.6,1.26,7.2,14.0,1.43,3.2,1.87,2.11,,,,,,,,,,,,,,,,,,,,,,,,,,,,,,,,,,,,,,,,,,,,,monaco,angers
F1,01/11/2024,20:00,Lille,Lyon,1,1,D,1,0,H,14,14,2,3,12,10,4,9,3,1,0,0,2.15,3.75,3.1,2.15,3.6,3.1,,,,2.25,3.69,3.2,2.15,3.7,3.1,,,,2.26,3.89,3.3,2.19,3.71,3.14,1.62,2.3,1.65,2.36,1.68,2.4,1.62,2.33,-0.25,1.95,1.98,1.96,1.96,1.97,2.0,1.9,1.94,2.2,3.75,3.0,2.2,3.7,3.0,,,,2.28,3.75,3.1,2.2,3.7,3.0,,,,2.28,3.84,3.23,2.23,3.7,3.05,1.57,2.38,1.61,2.44,1.65,2.45,1.59,2.37,-0.25,2.01,1.92,1.99,1.93,2.01,1.97,1.94,1.91,Unknown,3,1,4,2.2,3.7,3.2,2.25,3.89,3.19,2.28,3.85,3.3,1.66,2.48,1.98,2.01,2.2,3.6,3.0,2.25,3.84,3.07,2.32,3.8,3.2,1.65,2.5,2.01,1.96,,,,,,,,,,,,,,,,,,,,,,,,,,,,,,,,,,,,,,,,,,,,,lille,lyon
F1,02/11/2024,16:00,Paris SG,Lens,1,0,H,1,0,H,18,13,8,2,3,20,7,4,1,5,0,1,1.42,5.0,6.25,1.42,4.8,7.0,,,,1.43,5.01,7.21,1.44,4.6,7.0,,,,1.47,5.2,7.3,1.43,4.94,6.95,1.53,2.5,1.56,2.54,1.57,2.57,1.54,2.48,-1.25,1.95,1.95,1.93,1.98,1.96,1.98,1.91,1.92,1.42,5.0,6.25,1.41,5.0,7.0,,,,1.42,5.07,7.73,1.4,4.8,7.5,,,,1.46,5.4,8.3,1.41,5.05,7.15,1.53,2.5,1.55,2.58,1.55,2.72,1.51,2.58,-1.25,1.92,2.01,1.91,2.02,1.92,2.1,1.87,1.98,Unknown,1,7,8,1.4,4.75,7.0,1.47,5.12,7.14,1.45,5.3,7.8,1.6,2.58,1.93,1.98,1.36,5.0,7.0,1.46,5.16,6.69,1.44,5.4,8.2,1.58,2.66,1.92,2.06,,,,,,,,,,,,,,,,,,,,,,,,,,,,,,,,,,,,,,,,,,,,,paris sg,lens
F1,02/11/2024,18:00,Brest,Nice,0,1,A,0,1,A,16,12,6,3,9,4,6,2,0,2,0,0,2.63,3.25,2.75,2.6,3.2,2.75,,,,2.71,3.17,2.87,2.7,3.1,2.75,,,,2.75,3.31,2.87,2.67,3.18,2.79,2.2,1.67,2.22,1.71,2.22,1.77,2.18,1.7,0.0,1.89,2.01,1.89,2.01,1.94,2.04,1.89,1.99,3.0,3.1,2.5,2.95,3.1,2.5,,,,3.05,3.15,2.62,2.9,3.1,2.6,,,,3.08,3.2,2.65,2.97,3.14,2.57,2.3,1.62,2.33,1.67,2.38,1.72,2.28,1.65,0.0,2.11,1.82,2.13,1.82,2.14,1.83,2.09,1.8,Unknown,0,2,2,2.7,3.1,2.8,2.75,3.31,2.86,2.76,3.25,2.98,2.22,1.75,1.91,2.06,2.9,3.0,2.55,3.08,3.18,2.56,3.1,3.2,2.68,2.36,1.71,2.15,1.85,,,,,,,,,,,,,,,,,,,,,,,,,,,,,,,,,,,,,,,,,,,,,brest,nice
F1,02/11/2024,20:00,St Etienne,Strasbourg,2,0,H,0,0,D,13,9,3,3,9,4,2,3,2,1,0,0,3.8,3.7,1.91,3.5,3.75,1.95,,,,3.76,3.82,1.97,3.75,3.6,1.95,,,,3.83,3.96,2.02,3.57,3.77,1.97,1.62,2.3,1.61,2.19,1.71,2.33,1.65,2.27,0.5,1.92,1.98,1.93,1.98,1.98,1.99,1.87,1.96,3.4,3.7,2.05,3.2,3.6,2.15,,,,2.49,3.29,2.73,3.2,3.6,2.15,,,,3.75,3.78,2.75,3.29,3.63,2.16,1.67,2.2,1.78,2.02,1.78,2.32,1.69,2.19,0.5,1.86,2.07,1.45,2.67,1.91,2.67,1.76,2.13,Unknown,2,1,3,3.75,3.8,1.95,3.83,3.85,2.02,3.95,3.95,2.02,1.68,2.4,1.97,2.02,3.4,3.5,2.1,3.46,3.78,2.1,3.5,3.7,2.2,1.75,2.32,1.86,2.15,,,,,,,,,,,,,,,,,,,,,,,,,,,,,,,,,,,,,,,,,,,,,st etienne,strasbourg
F1,03/11/2024,14:00,Toulouse,Reims,1,0,H,0,0,D,13,13,6,2,16,15,6,7,0,3,0,0,2.0,3.5,3.75,1.98,3.6,3.7,,,,2.12,3.52,3.6,2.1,3.4,3.5,,,,2.15,3.65,3.75,2.07,3.52,3.55,1.92,1.98,1.94,1.94,1.96,2.02,1.89,1.94,-0.25,1.75,2.05,1.83,2.08,1.85,2.13,1.79,2.05,1.9,3.5,4.2,1.9,3.5,4.1,,,,1.93,3.59,4.31,1.91,3.4,4.2,,,,1.97,3.68,4.47,1.9,3.56,4.19,2.01,1.89,2.05,1.87,2.06,1.94,1.99,1.85,-0.5,1.94,1.99,1.93,1.99,1.94,2.06,1.9,1.97,Unknown,0,3,3,2.05,3.4,3.75,2.15,3.62,3.64,2.14,3.5,3.85,1.94,1.98,1.84,2.16,1.85,3.4,4.33,1.97,3.56,4.13,1.95,3.6,4.6,2.06,1.93,1.95,2.04,,,,,,,,,,,,,,,,,,,,,,,,,,,,,,,,,,,,,,,,,,,,,toulouse,reims
F1,03/11/2024,16:00,Auxerre,Rennes,4,0,H,2,0,H,16,7,8,4,11,15,3,8,0,2,0,0,3.5,3.6,2.05,3.5,3.6,2.0,,,,3.51,3.59,2.13,3.5,3.4,2.1,,,,3.6,3.66,2.15,3.45,3.57,2.09,1.8,2.0,1.8,2.09,1.87,2.12,1.79,2.06,0.25,2.08,1.82,2.07,1.85,2.11,1.85,2.03,1.8,3.4,3.6,2.05,3.3,3.6,2.1,,,,3.53,3.59,2.14,3.4,3.5,2.1,,,,3.54,3.7,2.18,3.4,3.59,2.11,1.8,2.0,1.8,2.12,1.9,2.19,1.76,2.09,0.25,2.09,1.84,2.07,1.86,2.11,1.91,2.04,1.83,Unknown,0,2,2,3.5,3.6,2.05,3.6,3.66,2.15,3.7,3.6,2.14,1.83,2.12,2.13,1.85,3.3,3.4,2.0,3.3,3.7,2.18,3.65,3.7,2.16,1.83,2.18,2.13,1.87,,,,,,,,,,,,,,,,,,,,,,,,,,,,,,,,,,,,,,,,,,,,,auxerre,rennes
F1,03/11/2024,16:00,Le Havre,Montpellier,1,0,H,0,0,D,12,15,4,1,11,13,2,10,2,1,0,0,2.2,3.5,3.2,2.1,3.5,3.3,,,,2.28,3.37,3.37,2.2,3.4,3.25,,,,2.29,3.56,3.37,2.21,3.44,3.26,1.9,2.0,1.9,1.99,1.94,2.01,1.86,1.97,-0.25,1.95,1.95,1.96,1.94,1.97,1.99,1.9,1.93,2.25,3.4,3.2,2.2,3.4,3.3,,,,2.3,3.3,3.45,2.2,3.4,3.3,,,,2.3,3.5,3.45,2.23,3.38,3.27,2.02,1.88,2.07,1.85,2.07,2.0,1.93,1.89,-0.25,1.98,1.95,1.97,1.95,1.98,1.97,1.92,1.92,Unknown,2,1,3,2.15,3.5,3.3,2.29,3.56,3.36,2.32,3.55,3.35,1.9,2.0,1.99,1.96,2.15,3.3,3.3,2.3,3.46,3.26,2.3,3.5,3.5,2.02,1.96,1.97,2.01,,,,,,,,,,,,,,,,,,,,,,,,,,,,,,,,,,,,,,,,,,,,,le havre,montpellier
F1,03/11/2024,19:45,Nantes,Marseille,1,2,A,1,1,D,7,9,3,4,16,6,2,5,1,1,0,0,3.7,3.5,2.05,3.7,3.5,2.0,,,,3.74,3.5,2.08,3.8,3.4,2.0,,,,3.95,3.63,2.08,3.74,3.52,2.01,1.97,1.93,1.97,1.92,2.0,1.96,1.93,1.9,0.5,1.87,2.03,1.88,2.03,1.89,2.05,1.85,2.02,3.5,3.4,2.1,3.4,3.4,2.15,,,,3.54,3.44,2.2,3.25,3.4,2.2,,,,3.86,3.52,2.2,3.48,3.39,2.14,1.91,1.99,1.94,1.96,1.94,2.03,1.88,1.94,0.25,2.05,1.88,2.03,1.89,2.13,1.9,2.02,1.84,Unknown,1,1,2,3.8,3.5,2.0,3.94,3.63,2.06,3.9,3.6,2.08,1.96,1.94,1.89,2.08,3.4,3.1,2.1,3.58,3.49,2.15,3.75,3.5,2.2,1.95,2.04,2.1,1.88,,,,,,,,,,,,,,,,,,,,,,,,,,,,,,,,,,,,,,,,,,,,,nantes,marseille
F1,08/11/2024,19:45,Marseille,Auxerre,1,3,A,0,3,A,19,10,5,6,13,16,5,3,3,2,0,0,1.4,5.0,7.5,1.42,5.0,6.75,,,,1.4,5.34,7.52,1.4,4.8,7.5,,,,1.44,5.4,7.8,1.4,5.12,7.36,1.5,2.63,1.52,2.66,1.54,2.75,1.5,2.59,-1.25,1.85,2.05,1.87,2.06,1.89,2.08,1.83,2.01,1.44,4.75,6.5,1.46,4.8,6.25,,,,1.45,5.06,6.92,1.5,4.6,6.5,,,,1.5,5.1,7.0,1.45,4.91,6.61,1.53,2.5,1.55,2.6,1.57,2.66,1.52,2.55,-1.25,1.97,1.93,1.98,1.94,2.03,1.94,1.96,1.89,Unknown,3,2,5,1.36,5.0,7.5,1.44,5.35,7.55,1.43,5.4,8.4,1.55,2.76,1.9,2.05,1.4,4.75,7.0,1.47,4.87,6.94,1.46,5.1,8.0,1.56,2.76,2.01,1.96,,,,,,,,,,,,,,,,,,,,,,,,,,,,,,,,,,,,,,,,,,,,,marseille,auxerre
F1,09/11/2024,16:00,Strasbourg,Monaco,1,3,A,1,0,H,5,19,2,8,16,18,1,2,5,2,0,0,3.4,3.7,2.0,3.3,3.7,2.05,,,,3.69,3.65,2.04,3.2,3.9,2.05,,,,3.77,4.08,2.08,3.48,3.76,2.03,1.57,2.38,1.61,2.43,1.61,2.55,1.56,2.41,0.5,1.86,2.04,1.86,2.05,1.87,2.08,1.84,2.03,3.8,3.7,1.91,3.6,3.6,1.98,,,,4.04,3.67,1.96,3.75,3.5,2.0,,,,4.04,3.8,2.02,3.75,3.66,1.98,1.67,2.2,1.71,2.25,1.71,2.38,1.67,2.24,0.5,1.95,1.98,1.95,1.97,1.95,2.01,1.88,1.98,Unknown,5,2,7,3.6,3.75,2.0,3.63,4.08,2.02,3.65,3.9,2.08,1.59,2.46,1.89,2.08,3.6,3.5,1.91,3.94,3.78,1.95,3.95,3.8,2.02,1.73,2.34,1.94,2.03,,,,,,,,,,,,,,,,,,,,,,,,,,,,,,,,,,,,,,,,,,,,,strasbourg,monaco
F1,09/11/2024,18:00,Lens,Nantes,3,2,H,1,1,D,15,9,3,3,14,8,6,1,2,0,0,0,1.6,3.9,5.75,1.61,3.9,5.5,,,,1.61,4.02,5.99,1.6,3.9,5.8,,,,1.65,4.12,6.2,1.61,3.94,5.86,2.07,1.83,2.07,1.83,2.08,1.87,2.02,1.82,-1.0,2.09,1.81,2.08,1.83,2.12,1.83,2.06,1.8,1.62,3.8,5.5,1.63,3.7,5.75,,,,1.62,3.85,6.45,1.65,3.7,5.8,,,,1.69,3.92,6.45,1.65,3.79,5.77,2.1,1.73,2.15,1.77,2.16,1.79,2.11,1.75,-0.75,1.82,2.11,1.79,2.13,1.86,2.13,1.82,2.04,Unknown,2,0,2,1.62,3.8,6.0,1.65,4.12,6.05,1.66,4.0,6.4,2.12,1.86,2.16,1.8,1.62,3.75,5.5,1.69,3.92,5.48,1.66,4.0,6.4,2.2,1.81,1.84,2.15,,,,,,,,,,,,,,,,,,,,,,,,,,,,,,,,,,,,,,,,,,,,,lens,nantes
F1,09/11/2024,20:00,Angers,Paris SG,2,4,A,0,4,A,10,26,3,12,5,16,6,8,0,3,0,0,12.0,6.25,1.22,11.5,6.5,1.23,,,,11.51,6.59,1.24,12.0,6.5,1.22,,,,13.0,7.02,1.27,11.59,6.49,1.24,1.4,3.0,1.45,2.82,1.45,3.05,1.4,2.89,1.75,2.03,1.87,2.02,1.87,2.05,1.91,1.99,1.84,10.0,5.75,1.27,10.5,6.0,1.26,,,,11.43,6.02,1.28,11.0,5.5,1.29,,,,13.0,6.7,1.3,11.08,6.15,1.26,1.5,2.63,1.51,2.62,1.51,2.88,1.48,2.67,1.75,1.9,2.03,1.91,1.99,2.03,2.04,1.91,1.94,Unknown,0,3,3,12.0,6.0,1.25,12.2,7.02,1.26,13.0,6.6,1.29,1.48,2.96,2.01,1.92,11.0,6.0,1.22,10.5,6.06,1.3,12.0,6.4,1.3,1.51,2.88,2.07,1.9,,,,,,,,,,,,,,,,,,,,,,,,,,,,,,,,,,,,,,,,,,,,,angers,paris sg
F1,10/11/2024,14:00,Nice,Lille,2,2,D,0,1,A,17,13,5,6,12,9,6,2,2,2,0,0,2.55,3.2,2.9,2.45,3.3,2.85,,,,2.55,3.26,3.0,2.5,3.3,2.88,,,,2.57,3.46,3.01,2.52,3.26,2.9,2.1,1.73,2.13,1.78,2.16,1.81,2.09,1.76,0.0,1.8,2.1,1.81,2.13,1.85,2.13,1.79,2.07,2.25,3.25,3.3,2.35,3.25,3.1,,,,2.37,3.31,3.3,2.38,3.1,3.2,,,,2.4,3.37,3.36,2.35,3.26,3.19,2.07,1.83,2.08,1.84,2.13,1.85,2.05,1.8,-0.25,2.0,1.93,2.03,1.89,2.05,1.94,2.0,1.86,Unknown,2,2,4,2.5,3.25,2.9,2.57,3.46,2.98,2.64,3.3,3.05,2.16,1.8,1.85,2.13,2.3,3.1,3.2,2.37,3.33,3.25,2.4,3.4,3.4,2.1,1.89,2.06,1.93,,,,,,,,,,,,,,,,,,,,,,,,,,,,,,,,,,,,,,,,,,,,,nice,lille
F1,10/11/2024,16:00,Le Havre,Reims,0,3,A,0,2,A,10,18,3,7,10,17,8,7,1,4,0,0,3.3,3.2,2.3,3.2,3.3,2.25,,,,3.43,3.23,2.32,3.25,3.3,2.25,,,,3.43,3.52,2.33,3.28,3.27,2.28,2.1,1.73,2.13,1.78,2.16,1.83,2.07,1.77,0.25,1.92,1.98,1.93,1.98,1.93,2.0,1.89,1.93,3.5,3.1,2.25,3.4,3.1,2.25,,,,3.57,3.19,2.3,3.5,3.1,2.25,,,,3.7,3.25,2.4,3.43,3.15,2.29,2.2,1.67,2.28,1.69,2.37,1.73,2.24,1.66,0.25,1.98,1.95,1.96,1.96,2.01,2.03,1.91,1.94,Unknown,1,4,5,3.3,3.3,2.25,3.4,3.52,2.29,3.45,3.4,2.32,2.1,1.8,1.96,1.99,3.3,3.0,2.15,3.7,3.17,2.25,3.65,3.25,2.34,2.32,1.74,1.98,1.98,,,,,,,,,,,,,,,,,,,,,,,,,,,,,,,,,,,,,,,,,,,,,le havre,reims
F1,10/11/2024,16:00,Montpellier,Brest,3,1,H,2,0,H,14,19,8,6,18,13,3,7,5,1,0,0,3.25,3.5,2.2,3.1,3.5,2.2,,,,3.41,3.49,2.2,3.3,3.5,2.15,,,,3.41,3.75,2.23,3.27,3.51,2.18,1.8,2.0,1.83,2.06,1.85,2.14,1.79,2.05,0.25,1.99,1.91,2.0,1.91,2.0,1.94,1.95,1.88,2.88,3.2,2.55,2.85,3.2,2.5,,,,2.99,3.21,2.63,2.88,3.3,2.45,,,,3.04,3.35,2.63,2.89,3.26,2.55,2.1,1.73,2.18,1.75,2.18,1.88,2.02,1.81,0.0,2.09,1.84,2.1,1.84,2.1,1.85,2.07,1.82,Unknown,5,1,6,3.3,3.6,2.1,3.39,3.75,2.2,3.4,3.65,2.24,1.81,2.08,2.04,1.94,2.75,3.1,2.4,3.04,3.27,2.53,3.0,3.4,2.62,2.14,1.86,2.12,1.85,,,,,,,,,,,,,,,,,,,,,,,,,,,,,,,,,,,,,,,,,,,,,montpellier,brest
F1,10/11/2024,16:00,Rennes,Toulouse,0,2,A,0,2,A,7,9,1,2,16,16,5,3,3,1,0,0,2.15,3.4,3.4,2.15,3.4,3.4,,,,2.24,3.37,3.44,2.15,3.4,3.4,,,,2.24,3.54,3.5,2.18,3.38,3.4,2.0,1.8,2.1,1.79,2.12,1.84,2.05,1.79,-0.25,1.9,2.0,1.93,1.98,1.93,2.04,1.86,1.97,2.25,3.4,3.1,2.3,3.4,3.1,,,,2.35,3.43,3.22,2.25,3.4,3.2,,,,2.41,3.5,3.31,2.31,3.36,3.16,2.05,1.85,2.06,1.86,2.13,1.86,2.04,1.8,-0.25,2.02,1.91,2.03,1.9,2.05,1.94,1.97,1.88,Unknown,3,1,4,2.2,3.3,3.4,2.24,3.54,3.5,2.24,3.4,3.65,2.08,1.82,1.92,2.05,2.2,3.1,3.0,2.26,3.5,3.31,2.36,3.5,3.35,2.1,1.89,2.04,1.94,,,,,,,,,,,,,,,,,,,,,,,,,,,,,,,,,,,,,,,,,,,,,rennes,toulouse
F1,10/11/2024,19:45,Lyon,St Etienne,1,0,H,1,0,H,17,10,7,6,11,13,7,6,3,2,0,0,1.33,5.5,8.0,1.35,5.5,7.5,,,,1.36,5.74,7.8,1.33,5.5,8.0,,,,1.37,5.99,8.7,1.35,5.53,7.82,1.4,3.0,1.43,2.92,1.44,3.02,1.4,2.9,-1.5,1.93,1.97,1.94,1.96,1.98,2.0,1.92,1.92,1.3,5.75,8.5,1.3,5.75,9.0,,,,1.34,5.91,9.06,1.33,5.5,9.0,,,,1.35,6.01,9.3,1.32,5.78,8.75,1.4,3.0,1.41,3.04,1.43,3.15,1.4,2.99,-1.5,1.88,2.05,1.89,2.05,1.91,2.08,1.86,2.0,Unknown,3,2,5,1.33,5.5,8.5,1.36,5.99,8.7,1.38,5.8,9.2,1.42,3.05,1.9,1.96,1.25,5.0,8.5,1.34,6.01,8.54,1.34,6.0,10.5,1.43,3.2,1.9,2.08,,,,,,,,,,,,,,,,,,,,,,,,,,,,,,,,,,,,,,,,,,,,,lyon,st etienne
F1,22/11/2024,18:00,Monaco,Brest,3,2,H,2,0,H,10,12,4,4,7,12,2,8,2,2,0,0,1.5,4.33,6.5,1.53,4.33,5.75,,,,1.53,4.41,6.54,1.5,4.2,6.5,,,,1.57,4.55,6.6,1.52,4.38,6.3,1.73,2.1,1.78,2.13,1.79,2.19,1.75,2.12,-1.0,1.87,2.06,1.88,2.04,1.95,2.07,1.86,1.99,1.57,4.0,5.75,1.57,4.1,5.75,,,,1.6,4.19,5.92,1.53,4.0,6.0,,,,1.6,4.4,6.59,1.56,4.21,5.96,1.8,2.0,1.83,2.06,1.84,2.2,1.79,2.05,-1.0,2.04,1.89,2.03,1.89,2.04,1.98,1.95,1.91,Unknown,2,2,4,1.5,4.33,6.5,1.56,4.55,6.41,1.56,4.6,6.8,1.82,2.18,1.9,2.05,1.53,4.1,5.5,1.57,4.17,6.59,1.62,4.3,6.4,1.87,2.14,2.05,1.92,,,,,,,,,,,,,,,,,,,,,,,,,,,,,,,,,,,,,,,,,,,,,monaco,brest
F1,22/11/2024,20:00,Paris SG,Toulouse,3,0,H,1,0,H,17,11,8,2,11,14,7,5,1,2,0,0,1.36,5.5,7.0,1.37,5.25,7.5,,,,1.37,5.48,8.39,1.36,5.0,7.5,,,,1.43,5.67,8.89,1.36,5.4,7.89,1.5,2.63,1.51,2.69,1.52,2.75,1.48,2.63,-1.5,2.03,1.87,2.05,1.88,2.06,1.89,2.0,1.85,1.4,5.5,6.5,1.4,5.25,6.75,,,,1.39,5.46,7.72,1.4,4.8,7.0,,,,1.44,5.66,8.31,1.39,5.23,7.33,1.4,3.0,1.43,2.96,1.54,3.14,1.44,2.81,-1.25,1.78,2.03,1.82,2.09,1.92,2.11,1.82,2.03,Unknown,1,2,3,1.33,5.5,8.5,1.43,5.4,7.75,1.38,5.8,9.2,1.52,2.9,2.04,1.9,1.36,5.0,7.5,1.42,5.6,6.9,1.4,5.7,8.8,1.48,3.0,1.85,2.13,,,,,,,,,,,,,,,,,,,,,,,,,,,,,,,,,,,,,,,,,,,,,paris sg,toulouse
F1,23/11/2024,16:00,Lens,Marseille,1,3,A,0,0,D,16,7,7,4,17,9,6,0,3,3,0,0,2.25,3.5,3.1,2.25,3.6,3.0,,,,2.31,3.52,3.17,2.38,3.3,2.9,,,,2.38,3.6,3.23,2.3,3.5,3.06,1.73,2.1,1.78,2.13,1.81,2.16,1.75,2.1,-0.25,2.0,1.9,2.0,1.91,2.04,1.92,1.97,1.86,2.25,3.4,3.2,2.3,3.4,3.1,,,,2.35,3.37,3.27,2.25,3.4,3.1,,,,2.37,3.55,3.31,2.29,3.43,3.15,1.92,1.98,1.93,1.98,1.93,2.12,1.85,1.98,-0.25,2.03,1.9,2.02,1.9,2.05,1.97,1.97,1.89,Unknown,3,3,6,2.3,3.5,3.0,2.37,3.52,3.23,2.4,3.65,3.15,1.8,2.12,2.07,1.92,2.2,3.2,3.1,2.36,3.46,3.14,2.38,3.45,3.4,1.95,2.04,2.03,1.94,,,,,,,,,,,,,,,,,,,,,,,,,,,,,,,,,,,,,,,,,,,,,lens,marseille
F1,23/11/2024,18:00,St Etienne,Montpellier,1,0,H,0,0,D,11,11,4,3,19,11,5,11,3,5,0,0,2.3,3.6,2.9,2.3,3.5,2.9,,,,2.38,3.44,3.11,2.4,3.4,2.8,,,,2.42,3.6,3.13,2.37,3.48,2.97,1.73,2.1,1.73,2.19,1.8,2.24,1.71,2.16,-0.25,2.04,1.86,2.06,1.86,2.06,1.88,2.01,1.82,2.45,3.3,2.88,2.35,3.3,3.0,,,,2.47,3.38,3.06,2.3,3.25,3.1,,,,2.47,3.43,3.19,2.39,3.33,3.06,1.86,2.04,1.88,2.03,1.92,2.09,1.86,1.97,-0.25,2.08,1.73,2.13,1.82,2.13,1.89,2.04,1.82,Unknown,3,5,8,2.38,3.5,3.0,2.42,3.54,3.13,2.44,3.65,3.05,1.76,2.2,2.11,1.87,2.38,3.2,3.0,2.37,3.38,3.19,2.48,3.45,3.2,1.98,2.0,2.12,1.87,,,,,,,,,,,,,,,,,,,,,,,,,,,,,,,,,,,,,,,,,,,,,st etienne,montpellier
F1,23/11/2024,20:00,Reims,Lyon,1,1,D,0,1,A,14,13,6,7,11,13,4,2,2,0,0,0,2.75,3.75,2.35,2.75,3.6,2.4,,,,2.86,3.77,2.39,2.8,3.5,2.38,,,,2.94,3.83,2.48,2.81,3.67,2.39,1.57,2.38,1.62,2.41,1.65,2.45,1.59,2.38,0.25,1.82,2.08,1.83,2.09,1.83,2.16,1.78,2.07,3.1,3.75,2.15,3.0,3.6,2.2,,,,3.13,3.77,2.24,3.0,3.6,2.2,,,,3.29,3.83,2.33,3.06,3.71,2.19,1.53,2.5,1.57,2.55,1.61,2.56,1.54,2.46,0.25,2.0,1.93,2.0,1.93,2.04,1.95,1.94,1.9,Unknown,2,0,2,2.88,3.6,2.4,2.94,3.71,2.47,2.98,3.8,2.46,1.64,2.42,1.86,2.14,3.0,3.5,2.1,3.29,3.83,2.15,3.35,3.85,2.22,1.59,2.64,2.0,1.98,,,,,,,,,,,,,,,,,,,,,,,,,,,,,,,,,,,,,,,,,,,,,reims,lyon
F1,24/11/2024,14:00,Lille,Rennes,1,0,H,1,0,H,5,4,2,1,19,16,3,3,3,2,0,0,1.91,3.6,3.9,1.93,3.5,3.9,,,,1.93,3.55,4.23,1.91,3.4,4.0,,,,1.98,3.6,4.54,1.93,3.52,4.03,1.92,1.98,1.9,1.99,1.95,2.0,1.88,1.94,-0.5,1.95,1.95,1.94,1.96,1.98,1.98,1.94,1.92,1.9,3.4,4.33,1.88,3.4,4.33,,,,1.95,3.41,4.48,1.91,3.4,4.2,,,,1.95,3.69,4.6,1.89,3.47,4.4,2.1,1.73,2.18,1.75,2.19,1.89,2.08,1.77,-0.5,1.95,1.98,1.96,1.96,1.96,2.01,1.9,1.96,Unknown,3,2,5,1.91,3.6,4.0,1.98,3.6,4.29,1.96,3.65,4.3,1.92,2.0,1.96,2.0,1.8,3.25,4.33,1.91,3.47,4.58,1.96,3.5,4.8,2.2,1.82,1.96,2.03,,,,,,,,,,,,,,,,,,,,,,,,,,,,,,,,,,,,,,,,,,,,,lille,rennes
F1,24/11/2024,16:00,Auxerre,Angers,1,0,H,0,0,D,10,10,6,5,13,7,2,2,4,1,0,0,1.8,3.7,4.33,1.85,3.7,4.1,,,,1.8,3.72,4.72,1.8,3.7,4.2,,,,1.89,3.98,4.75,1.81,3.72,4.36,1.8,2.0,1.8,2.09,1.84,2.12,1.78,2.06,-0.75,2.05,1.85,2.04,1.87,2.11,1.87,2.02,1.81,1.75,3.6,4.75,1.77,3.7,4.5,,,,1.78,3.8,4.93,1.75,3.7,4.5,,,,1.84,3.88,5.13,1.76,3.72,4.72,1.84,2.06,1.83,2.07,1.89,2.13,1.79,2.04,-0.75,2.03,1.9,2.0,1.93,2.04,1.93,1.97,1.87,Unknown,4,1,5,1.8,3.75,4.5,1.86,3.98,4.4,1.85,3.9,4.7,1.8,2.18,2.07,1.89,1.7,3.5,4.75,1.77,3.69,5.13,1.81,3.8,5.2,1.87,2.1,2.04,1.93,,,,,,,,,,,,,,,,,,,,,,,,,,,,,,,,,,,,,,,,,,,,,auxerre,angers
F1,24/11/2024,16:00,Nantes,Le Havre,0,2,A,0,1,A,18,7,4,5,14,12,9,2,2,1,0,0,1.85,3.4,4.5,1.87,3.4,4.33,,,,1.91,3.26,4.88,1.91,3.25,4.33,,,,2.0,3.46,4.92,1.9,3.31,4.54,2.3,1.62,2.42,1.61,2.46,1.64,2.35,1.6,-0.5,1.9,2.0,1.92,1.99,1.92,2.02,1.89,1.96,1.9,3.3,4.33,1.88,3.25,4.5,,,,1.94,3.3,4.7,1.91,3.25,4.33,,,,1.98,3.47,5.13,1.91,3.28,4.56,2.38,1.57,2.45,1.61,2.46,1.62,2.39,1.59,-0.5,1.95,1.98,1.95,1.97,1.97,1.98,1.93,1.93,Unknown,2,1,3,1.91,3.3,4.5,1.97,3.46,4.6,1.93,3.4,4.9,2.38,1.64,1.93,2.03,1.83,3.1,4.4,1.94,3.47,4.42,1.99,3.35,5.0,2.5,1.65,1.99,2.0,,,,,,,,,,,,,,,,,,,,,,,,,,,,,,,,,,,,,,,,,,,,,nantes,le havre
F1,24/11/2024,19:45,Nice,Strasbourg,2,1,H,0,1,A,15,10,5,3,16,8,4,7,2,0,0,0,1.75,3.6,4.75,1.83,3.7,4.1,,,,1.82,3.76,4.53,1.8,3.7,4.2,,,,1.87,3.98,4.75,1.81,3.73,4.37,1.8,2.0,1.81,2.08,1.85,2.11,1.79,2.04,-0.75,2.05,1.85,2.08,1.84,2.08,1.89,2.01,1.82,1.75,3.75,4.5,1.78,3.8,4.33,,,,1.81,3.88,4.54,1.8,3.75,4.2,,,,1.82,4.0,4.82,1.77,3.87,4.5,1.67,2.2,1.71,2.25,1.76,2.28,1.69,2.2,-0.75,2.06,1.87,2.05,1.88,2.08,1.91,1.99,1.86,Unknown,2,0,2,1.8,3.8,4.5,1.87,3.98,4.35,1.86,3.55,4.8,1.84,2.06,2.09,1.85,1.67,3.7,4.5,1.77,3.86,4.82,1.79,4.0,5.0,1.75,2.3,2.02,1.96,,,,,,,,,,,,,,,,,,,,,,,,,,,,,,,,,,,,,,,,,,,,,nice,strasbourg
F1,29/11/2024,19:45,Reims,Lens,0,2,A,0,1,A,16,11,3,6,14,12,3,1,1,2,0,0,3.1,3.3,2.3,3.0,3.3,2.35,,,,3.23,3.31,2.38,3.1,3.2,2.3,,,,3.29,3.41,2.4,3.14,3.32,2.34,2.0,1.9,2.0,1.89,2.04,1.92,1.96,1.87,0.25,1.89,2.04,1.87,2.04,1.9,2.04,1.85,1.99,3.2,3.4,2.25,3.1,3.3,2.3,,,,3.25,3.31,2.36,3.2,3.2,2.25,,,,3.26,3.46,2.38,3.17,3.3,2.33,2.03,1.87,1.99,1.89,2.04,1.92,1.96,1.87,0.25,1.9,2.03,1.88,2.03,1.9,2.05,1.86,1.99,Unknown,1,2,3,3.1,3.4,2.3,3.29,3.41,2.39,3.25,3.5,2.42,2.02,1.95,1.92,2.07,3.2,3.2,2.3,3.26,3.46,2.3,3.35,3.4,2.44,2.04,1.94,1.91,2.08,,,,,,,,,,,,,,,,,,,,,,,,,,,,,,,,,,,,,,,,,,,,,reims,lens
F1,30/11/2024,16:00,Rennes,St Etienne,5,0,H,2,0,H,18,2,9,0,14,12,6,1,0,1,0,1,1.48,4.75,6.0,1.47,4.6,6.25,,,,1.5,4.6,6.52,1.44,4.5,6.5,,,,1.52,4.75,7.0,1.48,4.56,6.54,1.73,2.1,1.79,2.09,1.82,2.17,1.76,2.09,-1.0,1.75,2.05,1.83,2.1,1.83,2.13,1.78,2.08,1.55,4.33,5.5,1.57,4.0,5.75,,,,1.59,4.15,6.19,1.57,3.9,5.8,,,,1.67,4.45,6.2,1.58,4.12,5.88,2.01,1.89,2.02,1.88,2.04,2.0,1.95,1.88,-1.0,2.01,1.89,2.03,1.89,2.06,1.9,2.01,1.85,Unknown,0,3,3,1.44,4.6,7.0,1.52,4.66,6.94,1.5,4.8,7.2,1.69,2.14,1.83,2.12,1.5,4.1,6.0,1.59,4.45,5.64,1.6,4.3,6.8,2.04,1.94,2.03,1.92,,,,,,,,,,,,,,,,,,,,,,,,,,,,,,,,,,,,,,,,,,,,,rennes,st etienne
F1,30/11/2024,18:00,Brest,Strasbourg,3,1,H,2,0,H,11,12,8,4,15,8,4,3,3,2,0,0,2.2,3.4,3.3,2.2,3.6,3.1,,,,2.26,3.52,3.26,2.25,3.5,3.0,,,,2.29,3.64,3.3,2.23,3.49,3.2,1.9,2.0,1.92,1.97,1.95,2.02,1.88,1.94,-0.25,1.98,1.92,1.96,1.94,1.99,1.95,1.92,1.9,2.1,3.4,3.5,2.1,3.3,3.5,,,,2.13,3.41,3.75,2.1,3.4,3.4,,,,2.2,3.5,3.75,2.13,3.39,3.55,2.0,1.9,2.01,1.9,2.02,2.0,1.95,1.88,-0.25,1.83,2.07,1.84,2.1,1.87,2.1,1.83,2.04,Unknown,3,2,5,2.2,3.5,3.3,2.29,3.64,3.29,2.28,3.65,3.4,1.81,1.91,1.98,2.01,2.1,3.3,3.5,2.11,3.49,3.71,2.22,3.5,3.7,2.04,1.94,1.88,2.12,,,,,,,,,,,,,,,,,,,,,,,,,,,,,,,,,,,,,,,,,,,,,brest,strasbourg
F1,30/11/2024,20:00,Paris SG,Nantes,1,1,D,1,1,D,24,5,10,2,3,6,9,3,0,0,0,0,1.22,7.0,11.0,1.22,7.0,11.5,,,,1.21,7.29,12.11,1.2,6.5,13.0,,,,1.23,7.8,14.7,1.21,7.07,12.18,1.4,3.0,1.42,2.92,1.45,3.0,1.41,2.89,-2.0,2.03,1.87,2.03,1.86,2.07,1.89,2.01,1.83,1.17,7.5,15.0,1.17,7.75,16.0,,,,1.16,8.38,17.83,1.14,7.5,17.0,,,,1.21,8.38,18.5,1.17,7.66,15.79,1.44,2.75,1.44,2.88,1.52,3.05,1.45,2.76,-2.0,1.78,2.03,1.83,2.09,1.97,2.09,1.88,1.98,Unknown,0,0,0,1.2,7.5,13.0,1.22,7.8,14.7,1.23,8.0,14.5,1.43,3.05,2.01,1.91,1.11,7.0,15.0,1.19,8.06,15.5,1.19,8.8,21.0,1.48,3.0,1.9,2.08,,,,,,,,,,,,,,,,,,,,,,,,,,,,,,,,,,,,,,,,,,,,,paris sg,nantes
F1,01/12/2024,14:00,Montpellier,Lille,2,2,D,1,1,D,11,13,5,4,9,21,7,2,4,5,1,1,4.5,3.6,1.8,4.1,3.75,1.82,,,,4.48,3.68,1.85,3.9,3.75,1.83,,,,4.5,3.99,1.92,4.26,3.69,1.83,1.73,2.1,1.74,2.17,1.78,2.21,1.72,2.14,0.75,1.78,2.03,1.81,2.09,1.83,2.11,1.79,2.04,4.5,3.5,1.8,4.33,3.6,1.82,,,,4.53,3.63,1.88,4.2,3.7,1.8,,,,5.16,3.88,1.88,4.6,3.67,1.8,1.88,2.02,1.88,2.03,1.93,2.13,1.83,2.0,0.75,1.75,2.05,1.79,2.14,1.96,2.16,1.82,2.04,Unknown,6,7,13,4.5,3.7,1.8,4.12,3.99,1.92,4.7,3.85,1.85,1.68,2.2,1.84,2.1,4.6,3.5,1.7,5.1,3.62,1.79,4.8,3.7,1.89,1.92,2.06,1.84,2.16,,,,,,,,,,,,,,,,,,,,,,,,,,,,,,,,,,,,,,,,,,,,,montpellier,lille
F1,01/12/2024,16:00,Le Havre,Angers,0,1,A,0,0,D,5,12,1,3,8,10,2,4,2,0,0,0,2.3,3.2,3.3,2.3,3.2,3.25,,,,2.37,3.05,3.53,2.2,3.25,3.3,,,,2.37,3.44,3.53,2.3,3.16,3.34,2.2,1.67,2.26,1.69,2.29,1.73,2.21,1.68,-0.25,2.0,1.9,2.0,1.9,2.01,1.91,1.94,1.88,2.3,3.1,3.5,2.35,3.0,3.3,,,,2.35,3.09,3.6,2.38,3.0,3.3,,,,2.47,3.14,3.6,2.37,3.05,3.33,2.25,1.57,2.4,1.63,2.47,1.64,2.32,1.61,-0.25,1.99,1.94,1.99,1.93,2.08,1.94,1.99,1.85,Unknown,2,0,2,2.25,3.25,3.4,2.31,3.44,3.44,2.4,3.25,3.5,2.28,1.71,2.03,1.93,2.3,3.1,3.2,2.37,3.14,3.46,2.5,3.15,3.45,2.44,1.66,2.1,1.87,,,,,,,,,,,,,,,,,,,,,,,,,,,,,,,,,,,,,,,,,,,,,le havre,angers
F1,01/12/2024,16:00,Lyon,Nice,4,1,H,3,1,H,16,16,8,7,11,11,5,4,1,2,0,0,1.91,3.8,3.7,1.93,3.75,3.6,,,,1.93,3.87,3.88,1.95,3.7,3.6,,,,1.99,3.98,3.88,1.94,3.79,3.69,1.67,2.2,1.67,2.3,1.71,2.32,1.65,2.21,-0.5,1.95,1.95,1.93,1.97,1.98,1.98,1.94,1.92,1.67,4.33,4.5,1.72,4.0,4.33,,,,1.71,4.24,4.79,1.7,4.0,4.4,,,,1.83,4.33,4.8,1.72,4.16,4.48,1.46,2.57,1.54,2.62,1.56,2.65,1.52,2.56,-0.75,1.89,2.04,1.89,2.03,2.0,2.06,1.88,1.97,Unknown,1,2,3,1.91,3.9,3.75,1.99,3.98,3.83,1.98,4.0,3.95,1.69,2.18,1.98,2.0,1.67,4.0,4.5,1.73,4.27,4.58,1.76,4.3,4.9,1.55,2.74,1.93,2.04,,,,,,,,,,,,,,,,,,,,,,,,,,,,,,,,,,,,,,,,,,,,,lyon,nice
F1,01/12/2024,16:00,Toulouse,Auxerre,2,0,H,2,0,H,12,4,7,0,14,12,6,2,0,0,0,0,1.7,3.6,5.25,1.66,4.1,4.8,,,,1.73,3.84,5.04,1.7,3.8,4.6,,,,1.78,4.1,5.25,1.71,3.86,4.86,1.73,2.1,1.79,2.1,1.82,2.16,1.75,2.1,-0.75,1.91,1.99,1.94,1.96,1.94,2.02,1.89,1.93,1.65,3.7,5.5,1.68,3.9,5.0,,,,1.68,3.91,5.61,1.65,3.7,5.5,,,,1.72,3.95,5.7,1.68,3.85,5.33,1.68,2.05,1.81,2.09,1.85,2.14,1.77,2.03,-0.75,1.86,2.07,1.87,2.07,1.91,2.08,1.85,2.01,Unknown,0,0,0,1.73,3.9,5.0,1.78,4.1,4.76,1.73,4.1,5.4,1.72,2.16,1.91,2.02,1.65,3.6,5.5,1.71,3.8,5.45,1.73,3.9,5.8,1.86,2.14,1.92,2.05,,,,,,,,,,,,,,,,,,,,,,,,,,,,,,,,,,,,,,,,,,,,,toulouse,auxerre
F1,01/12/2024,19:45,Marseille,Monaco,2,1,H,0,1,A,9,7,4,4,15,16,5,3,0,1,0,0,2.63,3.4,2.63,2.5,3.7,2.55,,,,2.66,3.67,2.6,2.62,3.5,2.5,,,,2.74,3.75,2.66,2.61,3.59,2.58,1.57,2.38,1.61,2.42,1.66,2.47,1.59,2.39,0.0,1.97,1.93,1.97,1.93,2.0,1.94,1.95,1.91,2.63,3.3,2.63,2.55,3.4,2.65,,,,2.65,3.51,2.74,2.62,3.3,2.6,,,,2.71,3.6,2.75,2.61,3.45,2.67,1.73,2.1,1.73,2.21,1.75,2.44,1.68,2.22,0.0,1.92,2.01,1.93,2.0,1.93,2.02,1.91,1.96,Unknown,0,1,1,2.63,3.6,2.6,2.74,3.65,2.66,2.72,3.75,2.68,1.55,2.48,2.0,1.98,2.5,3.3,2.6,2.71,3.41,2.71,2.7,3.55,2.82,1.78,2.26,1.95,2.04,,,,,,,,,,,,,,,,,,,,,,,,,,,,,,,,,,,,,,,,,,,,,marseille,monaco
F1,06/12/2024,18:00,Lille,Brest,3,1,H,2,0,H,10,7,6,3,13,16,2,1,1,1,0,0,1.65,3.6,6.0,1.68,3.7,5.5,,,,1.68,3.82,5.81,1.67,3.6,5.5,,,,1.77,3.92,6.0,1.67,3.74,5.59,2.1,1.73,2.11,1.79,2.13,1.83,2.07,1.78,-0.75,1.88,2.05,1.88,2.05,1.93,2.06,1.86,2.0,1.62,3.7,6.25,1.66,3.7,5.5,,,,1.65,3.76,6.3,1.62,3.75,5.5,,,,1.77,3.82,6.3,1.67,3.71,5.67,2.07,1.83,2.05,1.87,2.11,1.88,2.02,1.82,-0.75,1.83,2.1,1.84,2.1,1.93,2.1,1.85,2.01,Unknown,1,1,2,1.67,3.7,5.5,,,,1.72,3.85,6.2,2.14,1.85,1.93,2.05,1.62,3.6,5.5,1.69,3.67,6.08,1.71,3.8,6.4,2.1,1.89,1.92,2.07,,,,,,,,,,,,,,,,,,,,,,,,,,,,,,,,,,,,,,,,,,,,,lille,brest
F1,06/12/2024,20:00,Auxerre,Paris SG,0,0,D,0,0,D,6,25,2,11,8,7,3,15,2,1,0,0,9.0,5.75,1.3,8.5,5.75,1.31,,,,8.95,5.95,1.32,9.0,5.8,1.29,,,,9.3,6.2,1.33,8.86,5.88,1.31,1.36,3.2,1.39,3.12,1.39,3.3,1.37,3.11,1.75,1.88,2.05,1.86,2.05,1.88,2.09,1.83,2.02,10.0,5.75,1.27,9.5,6.0,1.28,,,,9.79,6.01,1.3,10.0,5.5,1.29,,,,10.5,6.3,1.33,9.61,5.97,1.29,1.4,3.0,1.41,3.01,1.42,3.35,1.38,3.06,1.75,1.93,2.0,1.91,2.0,1.96,2.0,1.88,1.97,Unknown,2,1,3,9.0,5.5,1.3,,,,10.0,6.2,1.34,1.41,3.35,1.88,2.09,9.5,6.0,1.25,10.5,6.06,1.3,11.0,6.6,1.31,1.44,3.2,1.95,2.0,,,,,,,,,,,,,,,,,,,,,,,,,,,,,,,,,,,,,,,,,,,,,auxerre,paris sg
F1,07/12/2024,16:00,Monaco,Toulouse,2,0,H,0,0,D,19,6,5,3,15,16,2,3,2,2,0,0,1.7,3.8,5.0,1.71,3.9,4.6,,,,1.71,4.05,4.84,1.7,3.9,4.6,,,,1.74,4.16,5.0,1.71,3.97,4.76,1.73,2.1,1.72,2.2,1.75,2.28,1.7,2.17,-0.75,1.92,1.98,1.93,1.98,1.93,1.99,1.9,1.95,1.85,3.75,4.0,1.9,3.6,3.9,,,,1.89,3.71,4.31,1.85,3.7,3.9,,,,1.92,4.0,4.5,1.87,3.76,4.1,1.8,2.0,1.8,2.1,1.83,2.2,1.76,2.09,-0.5,1.9,2.0,1.9,2.02,1.93,2.03,1.89,1.97,Unknown,2,2,4,1.7,4.0,4.75,,,,1.77,4.1,5.0,1.76,2.26,1.97,1.98,1.83,3.6,4.2,1.87,3.85,4.25,1.93,3.75,4.5,1.82,2.2,1.93,2.06,,,,,,,,,,,,,,,,,,,,,,,,,,,,,,,,,,,,,,,,,,,,,monaco,toulouse
F1,07/12/2024,18:00,Nice,Le Havre,2,1,H,0,0,D,17,12,5,2,10,10,5,8,3,2,0,0,1.6,3.75,6.0,1.57,4.0,6.0,,,,1.63,3.9,6.06,1.55,3.9,6.0,,,,1.65,4.0,6.25,1.6,3.92,6.04,1.98,1.92,2.0,1.89,2.01,1.95,1.95,1.88,-1.0,2.06,1.84,2.09,1.83,2.11,1.88,2.02,1.83,1.57,3.8,6.25,1.6,3.9,5.75,,,,1.62,3.99,6.2,1.57,3.8,6.0,,,,1.62,4.1,6.5,1.6,3.95,6.03,1.9,2.0,1.93,1.98,2.0,2.02,1.91,1.91,-1.0,2.04,1.86,2.07,1.86,2.09,1.88,2.02,1.83,Unknown,3,2,5,1.62,3.9,6.0,,,,1.65,4.0,6.6,2.02,1.94,2.11,1.85,1.57,3.9,5.5,1.62,3.91,6.42,1.64,4.2,6.4,1.92,2.06,2.1,1.89,,,,,,,,,,,,,,,,,,,,,,,,,,,,,,,,,,,,,,,,,,,,,nice,le havre
F1,07/12/2024,20:00,Angers,Lyon,0,3,A,0,1,A,10,16,2,10,13,13,2,7,0,2,0,0,5.0,4.0,1.67,4.6,4.1,1.68,,,,4.93,4.24,1.67,4.75,4.0,1.65,,,,5.0,4.4,1.7,4.82,4.15,1.67,1.62,2.3,1.61,2.41,1.62,2.43,1.59,2.37,0.75,2.05,1.85,2.06,1.85,2.07,1.87,2.01,1.84,5.25,4.1,1.62,4.8,4.2,1.63,,,,5.29,4.26,1.65,5.0,4.0,1.62,,,,5.56,4.4,1.7,5.13,4.21,1.63,1.62,2.3,1.64,2.37,1.65,2.45,1.6,2.37,1.0,1.84,2.06,1.84,2.1,1.86,2.11,1.82,2.05,Unknown,0,2,2,5.0,4.2,1.65,,,,5.2,4.4,1.7,1.63,2.52,2.12,1.87,5.0,3.9,1.55,5.56,4.19,1.63,6.0,4.3,1.65,1.64,2.5,1.9,2.07,,,,,,,,,,,,,,,,,,,,,,,,,,,,,,,,,,,,,,,,,,,,,angers,lyon
F1,08/12/2024,14:00,Lens,Montpellier,2,0,H,1,0,H,18,7,4,4,15,7,6,3,2,3,0,0,1.36,5.25,7.5,1.35,5.25,8.25,,,,1.34,5.44,9.35,1.35,5.0,8.0,,,,1.39,5.6,9.35,1.36,5.15,8.4,1.57,2.38,1.59,2.46,1.61,2.48,1.58,2.4,-1.5,2.06,1.84,2.07,1.82,2.09,1.89,2.03,1.82,1.4,4.75,7.5,1.4,4.8,7.5,,,,1.41,4.82,8.5,1.36,4.75,8.0,,,,1.43,5.0,8.7,1.4,4.85,7.99,1.67,2.2,1.71,2.24,1.73,2.33,1.67,2.23,-1.25,1.91,1.99,1.93,1.99,1.93,2.05,1.88,1.97,Unknown,2,3,5,1.33,5.0,9.0,,,,1.38,5.5,9.0,1.62,2.42,2.07,1.84,1.33,4.5,7.5,1.43,4.87,7.98,1.43,5.1,9.0,1.73,2.34,1.97,2.02,,,,,,,,,,,,,,,,,,,,,,,,,,,,,,,,,,,,,,,,,,,,,lens,montpellier
F1,08/12/2024,16:00,Nantes,Rennes,1,0,H,0,0,D,14,5,2,3,15,9,5,4,1,1,0,1,3.0,3.25,2.4,3.0,3.1,2.45,,,,3.16,3.15,2.51,3.0,3.1,2.45,,,,3.16,3.25,2.54,3.04,3.16,2.47,2.2,1.67,2.25,1.7,2.25,1.73,2.19,1.68,0.25,1.74,2.04,1.8,2.14,1.84,2.14,1.77,2.08,3.1,3.1,2.45,3.2,3.0,2.4,,,,3.31,3.04,2.52,3.2,3.0,2.38,,,,3.72,3.2,2.52,3.3,3.07,2.4,2.5,1.53,2.6,1.55,2.61,1.67,2.49,1.55,0.25,1.8,2.1,1.82,2.13,1.98,2.14,1.84,2.01,Unknown,1,3,4,3.0,3.25,2.45,,,,3.25,3.3,2.5,2.24,1.73,1.85,2.12,2.88,3.1,2.3,3.42,3.05,2.44,3.5,3.1,2.52,2.66,1.59,1.87,2.13,,,,,,,,,,,,,,,,,,,,,,,,,,,,,,,,,,,,,,,,,,,,,nantes,rennes
F1,08/12/2024,16:00,Strasbourg,Reims,0,0,D,0,0,D,7,11,2,3,13,16,3,2,1,2,0,0,2.38,3.3,3.0,2.35,3.5,2.9,,,,2.44,3.5,2.96,2.38,3.4,2.88,,,,2.45,3.55,3.05,2.38,3.46,2.92,1.73,2.1,1.76,2.14,1.77,2.17,1.74,2.11,-0.25,2.09,1.81,2.12,1.81,2.12,1.83,2.04,1.8,2.4,3.25,3.0,2.5,3.4,2.75,,,,2.5,3.46,2.96,2.45,3.3,2.8,,,,2.6,3.55,3.02,2.49,3.4,2.86,1.85,2.05,1.83,2.07,1.87,2.17,1.79,2.05,0.0,1.7,2.1,1.81,2.15,1.85,2.17,1.79,2.09,Unknown,1,2,3,2.3,3.5,2.9,,,,2.44,3.6,3.05,1.79,2.16,2.11,1.85,2.4,3.3,2.7,2.54,3.34,2.98,2.52,3.55,3.05,1.86,2.12,1.82,2.19,,,,,,,,,,,,,,,,,,,,,,,,,,,,,,,,,,,,,,,,,,,,,strasbourg,reims
F1,08/12/2024,19:45,St Etienne,Marseille,0,2,A,0,1,A,3,21,2,10,13,10,0,9,1,1,0,0,5.25,3.9,1.65,5.0,4.0,1.63,,,,5.13,4.09,1.68,4.8,4.0,1.65,,,,5.5,4.2,1.7,5.02,4.03,1.66,1.73,2.1,1.75,2.16,1.78,2.19,1.73,2.12,0.75,2.05,1.85,2.05,1.86,2.08,1.86,2.01,1.83,6.0,4.2,1.53,5.5,4.1,1.58,,,,6.0,4.25,1.59,5.5,4.2,1.55,,,,6.64,4.41,1.67,5.82,4.22,1.57,1.73,2.1,1.75,2.16,1.78,2.2,1.72,2.14,1.0,1.91,1.99,1.92,2.01,2.05,2.04,1.9,1.96,Unknown,1,1,2,5.0,4.2,1.62,,,,5.6,4.3,1.67,1.75,2.2,2.13,1.84,6.0,4.1,1.53,6.41,4.31,1.56,6.6,4.3,1.6,1.81,2.2,1.94,2.03,,,,,,,,,,,,,,,,,,,,,,,,,,,,,,,,,,,,,,,,,,,,,st etienne,marseille
F1,13/12/2024,19:45,Toulouse,St Etienne,2,1,H,0,0,D,11,3,4,2,16,15,2,3,3,4,0,0,1.36,5.0,8.5,1.38,5.0,8.25,,,,1.39,5.01,8.81,1.36,4.75,8.0,,,,1.42,5.21,9.0,1.38,4.92,8.38,1.73,2.1,1.74,2.2,1.78,2.27,1.71,2.17,-1.25,1.85,2.05,1.88,2.05,1.94,2.08,1.84,1.99,1.44,4.5,7.5,1.44,4.5,7.0,,,,1.46,4.54,7.95,1.36,4.75,8.0,,,,1.48,5.0,8.62,1.41,4.65,7.85,1.8,2.0,1.81,2.08,1.9,2.22,1.75,2.08,-1.25,2.02,1.88,2.04,1.88,2.06,2.09,1.92,1.92,Unknown,3,4,7,1.36,5.0,9.0,1.42,5.21,8.5,1.41,5.2,9.6,1.8,2.22,1.9,2.05,1.33,4.5,8.0,1.48,4.57,7.37,1.44,4.9,9.6,1.84,2.18,1.97,2.0,,,,,,,,,,,,,,,,,,,,,,,,,,,,,,,,,,,,,,,,,,,,,toulouse,st etienne
F1,14/12/2024,16:00,Marseille,Lille,1,1,D,1,0,H,9,10,3,5,14,9,3,8,1,3,1,0,2.15,3.5,3.3,2.15,3.4,3.3,,,,2.18,3.5,3.46,2.2,3.4,3.2,,,,2.21,3.6,3.5,2.17,3.47,3.34,1.89,2.01,1.87,2.02,1.91,2.06,1.86,1.96,-0.25,1.89,2.01,1.88,2.02,1.91,2.03,1.85,1.97,2.05,3.5,3.6,2.1,3.4,3.5,,,,2.1,3.52,3.73,2.1,3.4,3.4,,,,2.25,3.57,3.73,2.09,3.43,3.56,1.92,1.98,1.93,1.97,1.95,2.0,1.9,1.91,-0.25,1.75,2.05,1.81,2.12,1.84,2.14,1.79,2.06,Unknown,3,3,6,2.15,3.4,3.5,2.21,3.6,3.5,2.2,3.6,3.65,1.92,2.04,1.89,2.08,2.0,3.2,3.5,2.09,3.57,3.67,2.16,3.55,3.85,1.98,2.0,1.86,2.14,,,,,,,,,,,,,,,,,,,,,,,,,,,,,,,,,,,,,,,,,,,,,marseille,lille
F1,14/12/2024,18:00,Auxerre,Lens,2,2,D,1,2,A,10,16,3,5,10,10,3,5,3,1,0,0,3.8,3.6,1.95,3.75,3.6,1.95,,,,4.06,3.51,1.99,3.9,3.5,1.91,,,,4.16,3.73,1.99,3.86,3.55,1.96,1.9,2.0,1.89,2.0,1.94,2.05,1.87,1.96,0.5,1.91,1.99,1.91,2.0,1.95,2.0,1.88,1.97,4.5,3.9,1.75,4.4,3.7,1.8,,,,4.81,3.84,1.78,4.6,3.6,1.75,,,,4.81,3.97,2.05,4.47,3.71,1.79,1.8,2.0,1.82,2.09,1.83,2.12,1.8,2.02,0.75,1.92,2.01,1.91,2.02,1.92,2.05,1.85,2.0,Unknown,3,1,4,4.1,3.5,1.95,4.09,3.73,1.99,4.3,3.6,2.04,1.92,2.06,1.95,2.04,4.5,3.5,1.7,4.58,3.97,1.78,5.0,3.85,1.83,1.86,2.16,1.92,2.06,,,,,,,,,,,,,,,,,,,,,,,,,,,,,,,,,,,,,,,,,,,,,auxerre,lens
F1,14/12/2024,20:00,Reims,Monaco,0,0,D,0,0,D,8,14,0,3,15,22,1,4,1,3,0,0,3.7,3.6,2.0,3.4,3.6,2.05,,,,3.81,3.63,2.01,3.6,3.5,2.0,,,,3.81,3.8,2.08,3.63,3.6,2.02,1.73,2.1,1.74,2.19,1.77,2.24,1.71,2.15,0.5,1.87,2.03,1.88,2.02,1.89,2.06,1.84,2.02,3.3,3.4,2.2,3.2,3.4,2.2,,,,3.47,3.4,2.24,3.25,3.3,2.2,,,,3.68,3.7,2.25,3.3,3.44,2.19,1.87,2.03,1.88,2.04,1.99,2.28,1.77,2.07,0.25,2.0,1.93,1.99,1.93,2.15,1.96,1.96,1.89,Unknown,1,3,4,3.75,3.7,2.0,3.8,3.8,2.05,3.85,3.8,2.06,1.79,2.24,1.91,2.06,3.25,3.3,2.2,3.4,3.46,2.23,3.45,3.5,2.32,1.92,2.06,2.0,1.99,,,,,,,,,,,,,,,,,,,,,,,,,,,,,,,,,,,,,,,,,,,,,reims,monaco
F1,15/12/2024,14:00,Montpellier,Nice,2,2,D,1,2,A,20,18,8,6,15,13,9,4,1,2,0,0,2.9,3.6,2.3,3.0,3.5,2.25,,,,2.96,3.55,2.42,2.9,3.4,2.38,,,,3.06,3.6,2.46,2.93,3.5,2.35,1.73,2.1,1.76,2.14,1.81,2.16,1.75,2.09,0.25,1.83,2.07,1.83,2.1,1.85,2.1,1.81,2.02,2.7,3.75,2.38,2.95,3.7,2.25,,,,2.86,3.78,2.42,2.88,3.7,2.25,,,,3.3,3.85,2.42,2.9,3.69,2.3,1.57,2.38,1.6,2.49,1.73,2.5,1.58,2.39,0.25,1.75,2.05,1.83,2.12,1.89,2.17,1.82,2.02,Unknown,1,2,3,2.9,3.4,2.4,3.06,3.54,2.46,3.0,3.6,2.5,1.83,2.14,1.84,2.15,2.88,3.5,2.2,2.87,3.85,2.37,3.1,3.85,2.36,1.63,2.52,1.92,2.06,,,,,,,,,,,,,,,,,,,,,,,,,,,,,,,,,,,,,,,,,,,,,montpellier,nice
F1,15/12/2024,16:00,Brest,Nantes,4,1,H,2,0,H,13,16,8,7,10,14,0,5,3,3,0,0,2.05,3.4,3.6,2.0,3.4,3.75,,,,2.13,3.32,3.79,2.1,3.25,3.6,,,,2.17,3.47,3.95,2.09,3.32,3.67,2.2,1.67,2.33,1.65,2.33,1.71,2.24,1.65,-0.25,1.83,2.07,1.83,2.09,1.83,2.13,1.78,2.05,2.25,3.2,3.4,2.3,3.0,3.5,,,,2.33,3.11,3.61,2.2,3.1,3.5,,,,2.47,3.4,3.8,2.27,3.11,3.48,2.5,1.53,2.55,1.56,2.55,1.65,2.45,1.55,-0.25,1.95,1.98,1.97,1.95,2.0,2.01,1.93,1.91,Unknown,3,3,6,2.1,3.3,3.8,2.17,3.47,3.77,2.2,3.3,3.85,2.34,1.69,1.87,2.1,2.25,3.0,3.4,2.24,3.26,3.59,2.38,3.25,3.6,2.62,1.6,2.01,1.97,,,,,,,,,,,,,,,,,,,,,,,,,,,,,,,,,,,,,,,,,,,,,brest,nantes
F1,15/12/2024,16:00,Le Havre,Strasbourg,0,3,A,0,2,A,11,9,1,5,11,7,3,2,0,1,0,0,3.1,3.2,2.4,2.95,3.3,2.4,,,,3.19,3.16,2.48,2.9,3.25,2.4,,,,3.19,3.44,2.55,3.03,3.21,2.44,2.02,1.88,2.02,1.87,2.04,1.9,1.99,1.83,0.25,1.8,2.1,1.81,2.12,1.81,2.17,1.77,2.07,3.3,3.2,2.25,3.3,3.1,2.3,,,,3.54,3.19,2.31,3.5,3.1,2.2,,,,3.55,3.3,2.5,3.36,3.17,2.28,2.1,1.73,2.12,1.79,2.14,1.82,2.05,1.77,0.25,1.94,1.99,1.95,1.97,1.97,1.99,1.91,1.93,Unknown,0,1,1,3.1,3.1,2.5,3.15,3.44,2.46,3.15,3.25,2.6,2.0,1.9,1.82,2.2,3.4,3.1,2.2,3.5,3.3,2.26,3.6,3.3,2.36,2.18,1.83,1.99,2.0,,,,,,,,,,,,,,,,,,,,,,,,,,,,,,,,,,,,,,,,,,,,,le havre,strasbourg
F1,15/12/2024,16:00,Rennes,Angers,2,0,H,1,0,H,7,3,4,0,18,12,2,1,3,1,0,0,1.62,4.0,5.5,1.62,4.0,5.25,,,,1.64,3.98,5.69,1.62,3.8,5.5,,,,1.69,4.09,5.69,1.62,3.93,5.45,1.98,1.92,1.98,1.91,2.0,1.95,1.93,1.88,-0.75,1.83,2.07,1.83,2.1,1.85,2.13,1.8,2.03,1.65,3.9,5.5,1.63,3.8,5.75,,,,1.66,3.8,6.0,1.6,3.7,5.8,,,,1.67,4.2,6.14,1.62,3.86,5.8,2.1,1.73,2.08,1.8,2.14,1.91,2.04,1.78,-0.75,1.87,2.06,1.86,2.07,1.87,2.12,1.81,2.05,Unknown,3,1,4,1.6,4.0,5.5,1.69,4.09,5.59,1.64,4.2,6.2,1.99,1.94,1.81,2.17,1.57,3.9,6.0,1.66,3.95,5.77,1.64,4.0,7.0,2.12,1.87,1.81,2.19,,,,,,,,,,,,,,,,,,,,,,,,,,,,,,,,,,,,,,,,,,,,,rennes,angers
F1,15/12/2024,19:45,Paris SG,Lyon,3,1,H,2,1,H,13,7,6,3,7,8,4,3,2,3,0,0,1.4,6.0,5.75,1.41,5.25,6.5,,,,1.41,5.59,6.72,1.4,5.0,6.5,,,,1.44,6.0,6.92,1.4,5.44,6.45,1.29,3.75,1.33,3.32,1.32,3.75,1.29,3.48,-1.5,2.03,1.87,2.02,1.89,2.07,1.96,1.99,1.85,1.38,5.5,6.5,1.37,5.5,7.0,,,,1.35,5.65,7.0,1.36,5.0,7.0,,,,1.43,6.0,8.0,1.37,5.51,7.11,1.36,3.2,1.36,3.27,1.37,3.35,1.34,3.19,-1.5,2.05,1.88,1.93,1.88,2.07,2.0,1.96,1.89,Unknown,2,3,5,1.4,5.5,6.5,1.44,5.72,6.92,1.43,6.0,7.0,1.32,3.75,2.05,1.9,1.3,5.0,7.0,1.42,5.64,6.78,1.4,6.0,8.2,1.38,3.5,2.0,1.96,,,,,,,,,,,,,,,,,,,,,,,,,,,,,,,,,,,,,,,,,,,,,paris sg,lyon
F1,18/12/2024,20:00,Monaco,Paris SG,2,4,A,0,1,A,15,17,5,12,11,11,1,9,2,0,0,0,4.0,3.8,1.85,3.6,3.8,1.93,,,,4.05,3.83,1.9,3.8,3.8,1.85,,,,4.05,4.06,1.93,3.81,3.87,1.89,1.53,2.5,1.58,2.47,1.58,2.6,1.53,2.48,0.5,2.0,1.9,2.0,1.91,2.03,1.93,1.97,1.89,4.5,3.9,1.73,4.1,3.9,1.8,,,,4.43,4.1,1.79,4.33,3.8,1.75,,,,4.62,4.1,1.9,4.24,3.95,1.78,1.53,2.5,1.57,2.52,1.62,2.63,1.54,2.48,0.75,1.9,2.03,1.92,2.01,1.93,2.05,1.86,1.98,Unknown,2,0,2,3.9,3.9,1.87,4.04,4.06,1.92,4.1,4.1,1.94,1.56,2.68,2.05,1.94,4.0,3.7,1.75,4.62,4.0,1.77,4.5,4.2,1.83,1.6,2.64,1.94,2.04,,,,,,,,,,,,,,,,,,,,,,,,,,,,,,,,,,,,,,,,,,,,,monaco,paris sg
F1,03/01/2025,20:00,Nice,Rennes,3,2,H,3,1,H,9,10,6,5,11,14,3,3,3,3,1,0,2.2,3.3,3.4,2.15,3.3,3.5,,,,2.22,3.42,3.51,2.2,3.25,3.3,,,,2.25,3.52,3.51,2.19,3.35,3.39,1.97,1.93,1.98,1.93,2.02,1.94,1.94,1.87,-0.25,1.91,2.02,1.92,2.01,1.92,2.02,1.87,1.95,2.38,3.2,3.2,2.35,3.2,3.1,,,,2.42,3.25,3.26,2.3,3.2,3.1,,,,2.42,3.32,3.38,2.36,3.21,3.15,2.1,1.73,2.17,1.76,2.24,1.82,2.07,1.76,-0.25,2.08,1.85,2.07,1.86,2.08,1.89,2.0,1.84,Unknown,5,3,8,2.2,3.3,3.4,2.25,3.52,3.5,2.28,3.45,3.6,2.02,1.96,1.95,2.03,2.25,3.1,3.0,2.34,3.25,3.38,2.5,3.3,3.25,2.18,1.83,2.12,1.87,,,,,,,,,,,,,,,,,,,,,,,,,,,,,,,,,,,,,,,,,,,,,nice,rennes
F1,04/01/2025,16:00,St Etienne,Reims,3,1,H,0,1,A,14,11,4,1,19,10,6,9,2,1,0,0,3.6,3.3,2.1,3.5,3.3,2.1,,,,3.59,3.4,2.17,3.4,3.4,2.1,,,,3.6,3.63,2.17,3.5,3.36,2.13,2.03,1.87,2.02,1.87,2.04,1.9,1.99,1.83,0.25,2.05,1.85,2.04,1.87,2.05,1.87,2.0,1.82,3.4,3.4,2.15,3.5,3.4,2.1,,,,3.58,3.48,2.17,3.3,3.5,2.05,,,,3.79,3.56,2.19,3.48,3.44,2.11,1.87,2.06,1.88,2.04,1.9,2.06,1.85,1.97,0.25,2.05,1.88,2.06,1.88,2.13,1.89,2.02,1.82,Unknown,2,1,3,3.6,3.4,2.1,3.6,3.63,2.17,3.75,3.5,2.16,2.02,1.92,2.12,1.86,3.3,3.2,2.05,3.71,3.49,2.11,3.65,3.6,2.2,1.91,2.06,2.09,1.9,,,,,,,,,,,,,,,,,,,,,,,,,,,,,,,,,,,,,,,,,,,,,st etienne,reims
F1,04/01/2025,18:00,Lille,Nantes,1,1,D,1,0,H,13,6,3,2,6,10,2,0,1,2,0,0,1.5,4.33,6.25,1.55,4.0,6.25,,,,1.51,4.41,6.75,1.55,4.0,6.0,,,,1.59,4.41,6.75,1.53,4.16,6.35,2.01,1.89,1.98,1.91,2.01,1.94,1.93,1.87,-1.0,1.89,2.01,1.88,2.03,1.97,2.03,1.89,1.93,1.5,4.33,6.0,1.52,4.1,6.25,,,,1.52,4.26,7.28,1.5,4.0,6.5,,,,1.58,4.47,7.28,1.51,4.19,6.59,2.01,1.92,2.0,1.91,2.02,2.0,1.94,1.87,-1.0,1.88,2.05,1.88,2.05,1.96,2.1,1.85,1.99,Unknown,1,2,3,1.53,4.2,6.5,1.59,4.3,6.58,1.56,4.3,6.2,2.04,1.93,1.94,1.98,1.44,4.0,6.5,1.54,4.47,6.42,1.54,4.3,8.0,2.04,1.94,1.92,2.07,,,,,,,,,,,,,,,,,,,,,,,,,,,,,,,,,,,,,,,,,,,,,lille,nantes
F1,04/01/2025,20:00,Lyon,Montpellier,1,0,H,0,0,D,12,16,2,6,8,10,3,5,1,2,0,0,1.33,5.5,8.0,1.34,5.5,8.25,,,,1.34,5.81,8.44,1.35,5.0,7.5,,,,1.37,5.89,8.9,1.33,5.49,8.2,1.4,3.0,1.4,3.04,1.4,3.1,1.39,2.93,-1.5,1.91,1.99,1.92,1.99,1.95,2.0,1.89,1.95,1.36,5.5,7.5,1.35,5.5,7.75,,,,1.36,5.75,8.06,1.36,5.0,7.0,,,,1.38,6.22,8.5,1.35,5.53,7.78,1.36,3.2,1.35,3.23,1.38,3.58,1.33,3.29,-1.5,1.97,1.96,1.96,1.96,1.97,2.06,1.89,1.95,Unknown,1,2,3,1.33,5.5,8.5,1.37,5.89,8.45,1.35,6.2,9.6,1.42,3.1,1.91,2.04,1.29,5.0,7.5,1.38,5.59,7.9,1.38,6.0,8.8,1.39,3.5,1.96,2.01,,,,,,,,,,,,,,,,,,,,,,,,,,,,,,,,,,,,,,,,,,,,,lyon,montpellier
F1,05/01/2025,14:00,Angers,Brest,2,0,H,1,0,H,7,12,2,4,14,11,2,4,2,1,0,0,3.2,3.3,2.3,3.0,3.2,2.4,,,,3.35,3.29,2.32,3.2,3.1,2.3,,,,3.37,3.39,2.4,3.21,3.22,2.31,2.2,1.67,2.23,1.71,2.25,1.75,2.17,1.68,0.25,1.89,2.01,1.92,1.99,1.92,2.01,1.85,1.95,3.25,3.2,2.3,3.25,3.1,2.35,,,,3.44,3.14,2.39,3.3,3.1,2.25,,,,3.65,3.42,2.39,3.35,3.17,2.28,2.38,1.57,2.44,1.62,2.44,1.71,2.29,1.63,0.25,1.87,2.06,1.89,2.03,2.02,2.06,1.9,1.95,Unknown,2,1,3,3.25,3.25,2.3,3.37,3.39,2.36,3.45,3.3,2.32,2.1,1.72,1.94,1.98,3.4,3.0,2.1,3.46,3.28,2.29,3.5,3.2,2.44,2.48,1.65,1.92,2.06,,,,,,,,,,,,,,,,,,,,,,,,,,,,,,,,,,,,,,,,,,,,,angers,brest
F1,05/01/2025,14:00,Lens,Toulouse,0,1,A,0,0,D,14,8,1,4,20,12,7,1,5,2,1,0,1.91,3.4,4.33,1.9,3.4,4.1,,,,1.98,3.59,3.99,1.91,3.5,3.8,,,,1.99,3.73,4.33,1.94,3.48,4.0,2.06,1.84,2.07,1.83,2.08,1.87,2.01,1.8,-0.5,1.98,1.92,1.99,1.92,1.99,1.92,1.94,1.9,1.95,3.5,3.9,2.05,3.4,3.7,,,,2.02,3.54,3.98,1.95,3.3,3.8,,,,2.07,3.58,4.16,2.0,3.44,3.81,1.95,1.95,1.95,1.95,1.99,1.95,1.93,1.88,-0.5,2.03,1.9,2.03,1.9,2.05,1.9,2.01,1.85,Unknown,7,2,9,1.95,3.4,4.2,1.99,3.73,4.09,2.02,3.55,4.2,2.08,1.79,2.02,1.96,1.91,3.25,3.8,1.96,3.58,4.16,2.02,3.65,4.1,2.02,1.96,2.03,1.96,,,,,,,,,,,,,,,,,,,,,,,,,,,,,,,,,,,,,,,,,,,,,lens,toulouse
F1,05/01/2025,14:00,Strasbourg,Auxerre,3,1,H,1,1,D,11,14,4,7,10,13,4,3,1,2,0,0,1.85,3.6,4.2,1.9,3.6,3.9,,,,1.88,3.79,4.17,1.85,3.75,3.8,,,,1.91,4.06,4.2,1.87,3.72,3.98,1.67,2.2,1.71,2.22,1.75,2.26,1.68,2.17,-0.5,1.89,2.01,1.89,2.02,1.92,2.02,1.88,1.96,1.8,3.9,4.1,1.85,3.7,4.1,,,,1.85,3.89,4.33,1.75,3.8,4.0,,,,1.88,3.99,4.4,1.81,3.83,4.16,1.62,2.3,1.66,2.33,1.67,2.41,1.62,2.29,-0.5,1.78,2.03,1.85,2.08,1.85,2.11,1.82,2.02,Unknown,1,2,3,1.87,3.8,4.0,1.9,4.06,4.12,1.91,3.9,4.3,1.64,2.24,1.91,2.06,1.75,3.7,4.0,1.88,3.99,4.06,1.86,4.0,4.6,1.7,2.38,1.86,2.14,,,,,,,,,,,,,,,,,,,,,,,,,,,,,,,,,,,,,,,,,,,,,strasbourg,auxerre
F1,05/01/2025,19:45,Marseille,Le Havre,5,1,H,3,0,H,15,4,9,1,12,6,4,0,1,0,0,0,1.3,6.0,8.0,1.31,5.5,10.0,,,,1.3,5.77,10.21,1.3,5.0,9.0,,,,1.34,6.0,11.0,1.3,5.48,9.62,1.62,2.3,1.65,2.33,1.69,2.37,1.62,2.28,-1.5,1.91,1.99,1.92,1.99,1.95,2.0,1.9,1.92,1.29,5.25,9.5,1.3,5.25,10.5,,,,1.32,5.49,11.15,1.3,5.0,9.5,,,,1.34,5.74,11.5,1.3,5.33,10.41,1.73,2.1,1.79,2.12,1.79,2.28,1.73,2.11,-1.5,1.93,2.0,1.95,1.97,1.96,2.0,1.92,1.92,Unknown,1,0,1,1.29,5.5,11.0,1.34,5.81,10.2,1.33,6.0,11.0,1.65,2.4,1.93,2.02,1.25,4.75,10.0,1.32,5.74,10.4,1.34,5.5,13.0,1.81,2.2,2.0,1.97,,,,,,,,,,,,,,,,,,,,,,,,,,,,,,,,,,,,,,,,,,,,,marseille,le havre
F1,10/01/2025,18:00,Nantes,Monaco,2,2,D,1,0,H,10,15,4,7,17,14,3,11,3,0,0,0,5.0,3.75,1.73,4.5,3.7,1.77,,,,4.95,3.87,1.74,4.5,3.6,1.75,,,,5.02,3.93,1.78,4.76,3.75,1.74,1.89,2.01,1.9,1.99,1.94,2.04,1.87,1.95,0.75,1.95,1.98,1.94,1.96,1.97,2.01,1.89,1.93,3.6,3.25,2.15,3.6,3.25,2.1,,,,3.84,3.31,2.15,3.75,3.3,2.0,,,,4.93,3.85,2.15,3.87,3.33,2.04,2.1,1.73,2.15,1.77,2.19,1.98,2.07,1.76,0.5,1.73,2.08,1.79,2.15,1.91,2.15,1.81,2.06,Unknown,3,0,3,5.0,3.8,1.75,5.02,3.93,1.78,5.2,3.9,1.8,1.91,2.06,1.95,2.02,4.0,3.3,1.91,3.84,3.31,2.14,4.0,3.4,2.16,2.2,1.82,1.83,2.18,,,,,,,,,,,,,,,,,,,,,,,,,,,,,,,,,,,,,,,,,,,,,nantes,monaco
F1,10/01/2025,20:05,Auxerre,Lille,0,0,D,0,0,D,13,13,3,5,7,8,6,10,0,4,1,0,4.6,3.8,1.75,4.6,3.7,1.77,,,,4.98,3.75,1.76,4.4,3.6,1.75,,,,4.98,3.93,1.8,4.61,3.74,1.76,1.8,2.0,1.82,2.07,1.85,2.11,1.78,2.04,0.75,1.9,2.03,1.93,1.98,1.93,2.03,1.87,1.95,5.0,3.7,1.73,4.75,3.6,1.77,,,,5.02,3.64,1.8,4.75,3.5,1.75,,,,5.15,3.77,1.8,4.86,3.65,1.75,1.95,1.95,1.98,1.93,1.99,2.0,1.9,1.91,0.75,1.94,1.99,1.88,2.04,1.94,2.04,1.88,1.97,Unknown,2,4,6,4.5,3.9,1.75,4.86,3.93,1.8,5.0,3.9,1.83,1.87,2.12,1.91,2.06,4.6,3.7,1.75,5.09,3.77,1.76,5.2,3.85,1.81,2.0,1.98,1.94,2.05,,,,,,,,,,,,,,,,,,,,,,,,,,,,,,,,,,,,,,,,,,,,,auxerre,lille
F1,11/01/2025,16:00,Brest,Lyon,2,1,H,2,1,H,11,10,6,3,10,10,4,7,1,2,0,0,3.1,3.5,2.25,3.1,3.6,2.15,,,,3.12,3.6,2.3,3.0,3.5,2.2,,,,3.2,3.75,2.3,3.06,3.55,2.25,1.73,2.1,1.73,2.19,1.77,2.22,1.7,2.15,0.25,1.91,1.99,1.91,2.0,1.91,2.0,1.88,1.93,3.5,3.6,2.05,3.4,3.4,2.1,,,,3.7,3.46,2.13,3.3,3.4,2.1,,,,3.7,3.67,2.27,3.46,3.51,2.1,1.9,2.03,1.87,2.04,1.9,2.38,1.78,2.07,0.25,2.05,1.75,2.1,1.84,2.16,1.88,2.02,1.81,Unknown,1,2,3,3.1,3.6,2.25,3.19,3.75,2.3,3.25,3.75,2.34,1.76,2.28,1.96,2.02,3.4,3.3,2.0,3.7,3.67,2.05,3.75,3.65,2.16,1.89,2.1,2.14,1.86,,,,,,,,,,,,,,,,,,,,,,,,,,,,,,,,,,,,,,,,,,,,,brest,lyon
F1,11/01/2025,18:00,Reims,Nice,2,4,A,1,2,A,12,15,3,10,12,7,6,3,4,2,0,0,2.6,3.5,2.6,2.5,3.5,2.7,,,,2.72,3.41,2.68,2.62,3.3,2.6,,,,2.79,3.6,2.72,2.64,3.42,2.63,1.8,2.0,1.82,2.07,1.86,2.1,1.79,2.03,0.0,1.95,1.95,1.97,1.93,1.99,1.95,1.94,1.92,2.8,3.3,2.5,2.8,3.25,2.55,,,,2.93,3.3,2.61,2.8,3.2,2.5,,,,2.98,3.4,2.61,2.85,3.27,2.53,1.93,2.0,1.93,1.98,1.94,2.01,1.88,1.93,0.0,2.09,1.84,2.08,1.85,2.12,1.85,2.05,1.82,Unknown,4,2,6,2.63,3.5,2.63,2.79,3.47,2.72,2.78,3.55,2.76,1.86,2.1,2.01,1.97,2.7,3.1,2.5,2.98,3.39,2.5,2.98,3.4,2.66,1.99,2.0,2.11,1.88,,,,,,,,,,,,,,,,,,,,,,,,,,,,,,,,,,,,,,,,,,,,,reims,nice
F1,11/01/2025,20:05,Rennes,Marseille,1,2,A,1,1,D,5,13,4,7,11,13,2,3,2,2,0,0,3.0,3.25,2.4,2.9,3.3,2.4,,,,3.1,3.35,2.43,2.9,3.25,2.4,,,,3.15,3.44,2.46,2.99,3.3,2.4,1.98,1.92,1.97,1.92,1.99,1.96,1.92,1.88,0.25,1.83,2.07,1.83,2.09,1.83,2.09,1.79,2.04,3.2,3.2,2.3,3.1,3.25,2.3,,,,3.28,3.33,2.37,3.25,3.2,2.25,,,,3.49,3.33,2.37,3.24,3.24,2.31,2.08,1.85,2.09,1.82,2.09,1.87,2.02,1.81,0.25,1.89,2.04,1.89,2.03,1.92,2.04,1.87,1.96,Unknown,2,2,4,3.0,3.3,2.4,3.15,3.44,2.46,3.15,3.5,2.44,1.97,1.97,1.88,2.09,3.1,3.1,2.3,3.49,3.28,2.28,3.3,3.4,2.44,2.1,1.89,1.9,2.08,,,,,,,,,,,,,,,,,,,,,,,,,,,,,,,,,,,,,,,,,,,,,rennes,marseille
F1,12/01/2025,14:00,Le Havre,Lens,1,2,A,1,1,D,8,25,4,7,11,14,3,8,2,2,0,0,5.5,3.8,1.62,5.5,3.8,1.63,,,,6.04,3.82,1.64,5.0,3.75,1.65,,,,6.04,3.93,1.71,5.53,3.77,1.65,2.05,1.85,2.08,1.83,2.1,1.86,2.01,1.81,0.75,2.06,1.84,2.09,1.83,2.11,1.87,2.02,1.81,6.0,4.1,1.55,6.25,3.9,1.58,,,,6.61,4.11,1.57,5.8,3.9,1.57,,,,6.61,4.2,1.6,6.21,3.99,1.56,1.95,1.95,1.94,1.96,1.99,1.96,1.92,1.9,1.0,1.94,1.99,1.93,1.98,1.94,2.01,1.88,1.96,Unknown,2,2,4,5.5,3.9,1.65,5.69,3.93,1.71,6.2,3.85,1.7,2.08,1.85,2.07,1.89,6.0,3.8,1.47,5.94,4.2,1.6,6.8,4.2,1.61,2.0,1.95,1.91,2.07,,,,,,,,,,,,,,,,,,,,,,,,,,,,,,,,,,,,,,,,,,,,,le havre,lens
F1,12/01/2025,16:15,Montpellier,Angers,1,3,A,0,1,A,8,21,3,8,11,15,3,3,6,2,2,0,2.1,3.5,3.4,2.1,3.5,3.4,,,,2.14,3.47,3.6,2.05,3.4,3.4,,,,2.17,3.6,3.6,2.1,3.46,3.45,1.95,1.95,1.95,1.93,1.97,2.0,1.89,1.91,-0.25,1.83,2.07,1.85,2.07,1.87,2.09,1.81,2.03,2.0,3.5,3.7,2.1,3.3,3.5,,,,2.09,3.38,3.92,2.1,3.25,3.4,,,,2.16,3.57,3.92,2.08,3.37,3.63,2.05,1.85,2.06,1.85,2.06,1.91,2.0,1.82,-0.5,2.08,1.85,2.1,1.83,2.1,1.85,2.08,1.79,Unknown,10,2,12,2.1,3.5,3.5,2.17,3.6,3.6,2.16,3.6,3.7,1.94,1.95,1.86,2.11,2.0,3.1,3.5,2.05,3.57,3.8,2.18,3.4,3.95,2.1,1.88,2.18,1.84,,,,,,,,,,,,,,,,,,,,,,,,,,,,,,,,,,,,,,,,,,,,,montpellier,angers
F1,12/01/2025,16:15,Toulouse,Strasbourg,1,2,A,1,2,A,19,8,5,2,12,14,3,2,1,4,0,0,1.75,3.8,4.5,1.78,3.75,4.33,,,,1.77,3.93,4.61,1.75,3.7,4.33,,,,1.82,3.98,4.66,1.77,3.82,4.43,1.84,2.06,1.81,2.07,1.85,2.11,1.78,2.05,-0.75,2.0,1.9,2.01,1.9,2.02,1.92,1.97,1.86,1.95,3.5,3.8,1.95,3.4,3.9,,,,2.01,3.47,4.13,1.95,3.5,3.75,,,,2.08,3.72,4.32,1.96,3.5,3.91,1.98,1.92,1.97,1.93,2.0,2.0,1.9,1.92,-0.5,2.03,1.9,2.02,1.91,2.08,1.95,1.98,1.87,Unknown,1,4,5,1.8,3.8,4.5,1.82,3.98,4.66,1.78,4.1,4.9,1.84,2.12,2.01,1.94,1.87,3.3,3.9,1.99,3.69,3.87,2.04,3.6,4.2,2.0,1.97,2.05,1.94,,,,,,,,,,,,,,,,,,,,,,,,,,,,,,,,,,,,,,,,,,,,,toulouse,strasbourg
F1,12/01/2025,19:45,Paris SG,St Etienne,2,1,H,2,0,H,25,8,9,3,16,11,7,3,1,2,0,0,1.09,9.5,23.0,1.1,12.0,21.0,,,,1.09,12.5,20.88,1.08,12.0,23.0,,,,1.11,13.9,31.0,1.09,11.39,22.98,1.25,4.0,,,1.25,4.6,1.22,4.12,-2.75,2.0,1.9,1.99,1.88,2.0,1.94,1.95,1.87,1.1,9.5,19.0,1.11,11.0,20.0,,,,1.11,10.68,21.83,1.11,10.0,19.0,,,,1.12,12.83,23.0,1.1,10.63,20.31,1.2,4.5,,,1.22,4.8,1.19,4.44,-2.75,2.02,1.91,2.01,1.88,2.05,2.03,1.97,1.87,Unknown,1,2,3,1.07,13.0,31.0,1.1,13.9,29.0,1.12,13.0,28.0,1.22,4.5,2.04,1.85,1.08,9.5,17.0,1.11,11.5,22.0,1.13,11.5,28.0,1.23,5.1,2.06,1.94,,,,,,,,,,,,,,,,,,,,,,,,,,,,,,,,,,,,,,,,,,,,,paris sg,st etienne
F1,17/01/2025,18:00,Montpellier,Monaco,2,1,H,0,1,A,12,26,4,11,7,9,4,16,1,2,0,0,5.25,4.5,1.55,5.25,4.5,1.55,,,,5.6,4.59,1.57,5.0,4.33,1.57,,,,5.6,4.71,1.62,5.3,4.47,1.57,1.5,2.63,1.5,2.69,1.5,2.78,1.46,2.66,1.0,2.01,1.92,1.99,1.93,2.02,1.93,1.94,1.89,5.0,4.33,1.6,5.0,4.33,1.61,,,,5.38,4.36,1.63,5.0,4.2,1.57,,,,5.38,4.5,1.64,5.09,4.3,1.6,1.5,2.63,1.51,2.65,1.51,2.75,1.48,2.63,1.0,1.9,2.03,1.89,2.03,1.94,2.03,1.87,1.98,Unknown,1,2,3,5.5,4.5,1.55,5.43,4.71,1.62,6.0,4.7,1.6,1.53,2.82,2.04,1.95,5.0,4.1,1.6,5.33,4.44,1.62,5.8,4.6,1.63,1.54,2.84,1.94,2.01,,,,,,,,,,,,,,,,,,,,,,,,,,,,,,,,,,,,,,,,,,,,,montpellier,monaco
F1,17/01/2025,20:05,Lille,Nice,2,1,H,0,1,A,11,11,4,3,13,13,7,7,1,3,0,0,2.1,3.4,3.6,2.05,3.4,3.7,,,,2.1,3.48,3.79,2.0,3.5,3.5,,,,2.11,3.73,3.95,2.05,3.45,3.7,1.99,1.91,1.97,1.93,1.99,1.96,1.93,1.88,-0.5,2.05,1.75,2.11,1.83,2.09,1.86,2.03,1.81,1.91,3.5,4.0,1.95,3.3,4.1,,,,1.97,3.49,4.26,1.95,3.3,3.9,,,,2.23,3.6,4.26,1.98,3.42,3.96,2.02,1.88,2.02,1.88,2.04,1.93,1.95,1.86,-0.5,1.98,1.95,1.98,1.94,2.01,1.95,1.98,1.88,Unknown,1,3,4,2.05,3.4,3.8,2.09,3.73,3.73,2.12,3.55,3.95,2.02,1.96,2.12,1.86,1.91,3.25,3.9,1.93,3.6,4.26,2.02,3.55,4.3,2.02,1.96,2.03,1.96,,,,,,,,,,,,,,,,,,,,,,,,,,,,,,,,,,,,,,,,,,,,,lille,nice
F1,18/01/2025,16:00,Lens,Paris SG,1,2,A,1,0,H,10,9,5,7,12,8,6,1,2,2,0,0,4.5,3.9,1.73,4.33,4.0,1.73,,,,4.59,4.28,1.71,4.2,4.0,1.73,,,,4.6,4.45,1.77,4.34,4.12,1.72,1.53,2.5,1.52,2.62,1.56,2.62,1.52,2.49,0.75,1.98,1.92,2.0,1.9,2.0,1.95,1.93,1.88,3.75,3.6,1.9,3.9,3.9,1.83,,,,4.05,3.79,1.93,3.7,3.9,1.85,,,,4.1,4.19,1.93,3.87,3.87,1.87,1.62,2.3,1.65,2.36,1.65,2.6,1.54,2.47,0.5,1.95,1.95,1.98,1.93,2.0,1.95,1.97,1.88,Unknown,2,2,4,4.6,4.0,1.73,4.49,4.45,1.76,4.8,4.4,1.75,1.54,2.66,2.02,1.95,4.1,3.75,1.8,3.98,4.19,1.9,4.2,4.0,1.93,1.57,2.68,2.06,1.93,,,,,,,,,,,,,,,,,,,,,,,,,,,,,,,,,,,,,,,,,,,,,lens,paris sg
F1,18/01/2025,18:00,Rennes,Brest,1,2,A,0,1,A,22,10,9,3,13,11,4,4,2,3,0,0,2.0,3.4,3.9,2.0,3.3,3.9,,,,2.06,3.38,3.97,1.95,3.4,3.75,,,,2.07,3.58,4.2,2.01,3.36,3.88,2.2,1.67,2.24,1.7,2.24,1.77,2.14,1.7,-0.5,2.03,1.87,2.06,1.85,2.06,1.88,2.01,1.84,1.95,3.2,4.2,1.98,3.2,4.1,,,,2.03,3.26,4.34,2.0,3.2,3.9,,,,2.05,3.52,4.34,2.0,3.22,4.14,2.5,1.53,2.5,1.58,2.5,1.7,2.39,1.58,-0.5,2.0,1.9,2.04,1.88,2.05,1.93,2.0,1.84,Unknown,2,3,5,2.0,3.3,4.0,2.07,3.58,3.95,2.06,3.5,4.2,2.2,1.78,2.06,1.93,1.91,3.0,4.0,2.04,3.52,4.14,2.04,3.35,4.6,2.54,1.62,2.04,1.94,,,,,,,,,,,,,,,,,,,,,,,,,,,,,,,,,,,,,,,,,,,,,rennes,brest
F1,18/01/2025,20:05,Lyon,Toulouse,0,0,D,0,0,D,11,13,3,4,8,8,8,5,1,0,0,0,1.85,3.9,4.0,1.83,3.9,3.9,,,,1.88,3.93,4.02,1.85,3.8,3.8,,,,1.9,4.06,4.25,1.85,3.85,3.96,1.73,2.1,1.71,2.22,1.76,2.24,1.69,2.15,-0.5,1.87,2.03,1.88,2.02,1.9,2.06,1.85,1.99,1.75,4.0,4.33,1.78,3.8,4.33,,,,1.79,3.99,4.54,1.8,3.8,4.0,,,,1.92,4.0,4.54,1.8,3.86,4.22,1.67,2.2,1.72,2.22,1.75,2.25,1.69,2.16,-0.75,2.01,1.89,2.02,1.91,2.13,1.91,2.02,1.83,Unknown,1,0,1,1.85,3.9,4.2,1.9,4.06,4.14,1.9,3.95,4.4,1.74,2.24,1.9,2.08,1.75,3.7,4.0,1.82,3.99,4.35,1.85,4.0,4.6,1.75,2.3,2.08,1.91,,,,,,,,,,,,,,,,,,,,,,,,,,,,,,,,,,,,,,,,,,,,,lyon,toulouse
F1,19/01/2025,14:00,St Etienne,Nantes,1,1,D,0,1,A,12,8,2,4,9,11,7,7,2,1,0,0,2.45,3.25,2.9,2.6,3.25,2.75,,,,2.58,3.28,2.94,2.5,3.1,2.88,,,,2.63,3.35,2.97,2.52,3.22,2.88,2.1,1.73,2.16,1.75,2.18,1.8,2.08,1.75,0.0,1.81,2.09,1.83,2.09,1.87,2.09,1.8,2.06,2.9,3.3,2.45,3.1,3.2,2.37,,,,3.1,3.32,2.48,2.9,3.1,2.4,,,,3.1,3.38,2.55,2.98,3.22,2.46,2.0,1.8,2.09,1.83,2.14,1.87,2.04,1.79,0.25,1.73,2.08,1.82,2.13,1.82,2.2,1.75,2.1,Unknown,2,1,3,2.55,3.2,2.9,2.63,3.35,2.97,2.6,3.3,3.0,2.16,1.79,1.83,2.14,2.88,3.0,2.55,2.97,3.38,2.51,3.2,3.3,2.56,2.12,1.86,1.83,2.17,,,,,,,,,,,,,,,,,,,,,,,,,,,,,,,,,,,,,,,,,,,,,st etienne,nantes
F1,19/01/2025,16:15,Angers,Auxerre,2,0,H,1,0,H,12,10,4,4,9,10,4,2,2,1,0,1,2.4,3.2,3.0,2.45,3.3,2.85,,,,2.51,3.24,3.06,2.4,3.3,2.88,,,,2.51,3.52,3.06,2.44,3.25,2.95,2.05,1.85,2.07,1.83,2.08,1.87,2.01,1.81,-0.25,2.09,1.81,2.15,1.79,2.15,1.81,2.07,1.76,2.25,3.2,3.25,2.3,3.2,3.2,,,,2.36,3.25,3.39,2.25,3.1,3.3,,,,2.36,3.36,3.48,2.29,3.24,3.26,2.1,1.73,2.18,1.75,2.18,1.87,2.04,1.78,-0.25,2.02,1.91,2.01,1.91,2.02,1.94,1.95,1.88,Unknown,2,3,5,2.4,3.3,3.0,2.5,3.52,3.02,2.56,3.35,3.15,2.06,1.86,2.17,1.82,2.2,3.25,3.25,2.27,3.3,3.48,2.4,3.35,3.4,2.14,1.86,2.05,1.93,,,,,,,,,,,,,,,,,,,,,,,,,,,,,,,,,,,,,,,,,,,,,angers,auxerre
F1,19/01/2025,16:15,Reims,Le Havre,1,1,D,1,0,H,11,7,3,2,9,8,6,6,2,2,0,0,1.62,4.0,5.25,1.68,3.7,5.25,,,,1.64,4.04,5.54,1.65,3.8,5.0,,,,1.7,4.06,5.54,1.64,3.9,5.3,2.0,1.9,2.0,1.89,2.02,1.92,1.95,1.87,-0.75,1.83,2.07,1.85,2.06,1.85,2.12,1.8,2.01,1.67,3.9,5.0,1.66,3.75,5.25,,,,1.68,3.84,5.72,1.67,3.7,5.0,,,,1.69,3.98,5.72,1.66,3.8,5.41,2.06,1.84,2.07,1.85,2.07,1.87,1.98,1.84,-0.75,1.9,2.03,1.89,2.03,1.9,2.06,1.85,1.99,Unknown,2,2,4,1.65,3.9,5.5,1.7,4.06,5.54,1.68,4.0,5.9,2.0,1.89,1.86,2.09,1.62,3.8,5.5,1.67,3.98,5.56,1.72,3.9,6.0,2.04,1.93,1.93,2.06,,,,,,,,,,,,,,,,,,,,,,,,,,,,,,,,,,,,,,,,,,,,,reims,le havre
F1,19/01/2025,19:45,Marseille,Strasbourg,1,1,D,0,1,A,18,7,3,3,13,14,9,3,3,3,0,0,1.57,4.33,5.25,1.57,4.33,5.5,,,,1.58,4.47,5.48,1.6,4.0,5.0,,,,1.64,4.51,5.6,1.57,4.32,5.35,1.62,2.3,1.62,2.39,1.67,2.41,1.6,2.33,-1.0,1.95,1.95,1.97,1.93,1.98,1.95,1.92,1.89,1.6,4.33,5.0,1.58,4.33,5.25,,,,1.61,4.35,5.6,1.57,4.2,5.0,,,,1.63,4.58,5.6,1.59,4.32,5.3,1.62,2.3,1.62,2.42,1.62,2.45,1.59,2.36,-1.0,2.04,1.89,2.02,1.91,2.07,1.91,1.98,1.86,Unknown,3,3,6,1.55,4.5,5.5,1.64,4.51,5.48,1.63,4.4,5.7,1.64,2.46,2.03,1.88,1.55,4.2,5.5,1.62,4.58,5.14,1.63,4.5,5.9,1.66,2.5,2.03,1.96,,,,,,,,,,,,,,,,,,,,,,,,,,,,,,,,,,,,,,,,,,,,,marseille,strasbourg
F1,24/01/2025,19:45,Auxerre,St Etienne,1,1,D,1,1,D,11,8,5,3,15,13,3,4,2,0,0,0,1.91,3.7,3.8,1.93,3.6,3.8,,,,1.97,3.72,3.97,1.91,3.6,3.7,,,,2.09,3.89,4.25,1.94,3.66,3.83,1.8,2.0,1.82,2.09,1.87,2.1,1.8,2.03,-0.5,1.95,1.95,1.98,1.94,1.98,1.96,1.94,1.91,1.9,3.6,4.0,1.93,3.4,4.0,,,,1.97,3.58,4.15,1.95,3.4,3.7,,,,2.06,3.69,4.15,1.95,3.5,3.93,1.92,1.98,1.95,1.95,2.0,2.03,1.91,1.91,-0.5,1.95,1.95,1.98,1.94,2.0,1.96,1.96,1.89,Unknown,2,0,2,1.91,3.6,4.0,1.99,3.89,3.92,2.0,3.75,4.2,1.89,2.1,2.0,1.98,1.85,3.3,4.0,1.96,3.69,4.0,2.02,3.6,4.3,2.0,1.99,2.03,1.96,,,,,,,,,,,,,,,,,,,,,,,,,,,,,,,,,,,,,,,,,,,,,auxerre,st etienne
F1,25/01/2025,16:00,Monaco,Rennes,3,2,H,1,1,D,20,14,10,5,12,16,4,2,3,3,0,0,1.7,3.9,4.75,1.72,3.9,4.6,,,,1.75,4.02,4.66,1.7,3.9,4.5,,,,1.78,4.14,5.0,1.73,3.94,4.61,1.68,2.05,1.74,2.17,1.78,2.21,1.71,2.12,-0.75,1.95,1.95,1.96,1.94,1.96,1.98,1.9,1.91,1.7,3.75,5.0,1.7,3.8,4.8,,,,1.73,3.84,5.23,1.67,3.8,4.8,,,,1.73,4.08,5.4,1.69,3.87,5.02,1.9,2.0,1.91,2.0,1.93,2.15,1.83,2.01,-0.75,1.93,2.0,1.94,1.98,1.94,2.02,1.88,1.97,Unknown,3,3,6,1.67,4.0,5.0,1.78,4.14,4.71,1.77,4.1,5.0,1.76,2.26,1.98,1.98,1.62,3.8,5.0,1.72,3.84,5.33,1.72,4.0,5.7,1.94,2.04,1.92,2.06,,,,,,,,,,,,,,,,,,,,,,,,,,,,,,,,,,,,,,,,,,,,,monaco,rennes
F1,25/01/2025,18:00,Strasbourg,Lille,2,1,H,0,1,A,11,15,7,6,10,9,6,7,4,2,0,0,2.75,3.4,2.55,2.85,3.4,2.4,,,,2.86,3.43,2.55,2.75,3.3,2.45,,,,2.95,3.56,2.6,2.8,3.38,2.5,1.91,1.99,1.91,1.98,1.95,2.0,1.88,1.93,0.0,1.99,1.79,2.07,1.85,2.1,1.86,2.03,1.82,2.9,3.25,2.5,3.0,3.1,2.45,,,,3.01,3.25,2.58,3.0,3.1,2.38,,,,3.15,3.41,2.58,3.02,3.22,2.44,2.08,1.82,2.08,1.83,2.09,1.93,2.03,1.81,0.25,1.7,2.1,1.76,2.19,1.82,2.2,1.77,2.08,Unknown,4,2,6,2.8,3.3,2.6,2.9,3.56,2.56,2.94,3.45,2.58,1.91,1.98,2.1,1.84,2.9,3.1,2.3,3.09,3.32,2.47,3.2,3.35,2.52,2.14,1.84,1.85,2.14,,,,,,,,,,,,,,,,,,,,,,,,,,,,,,,,,,,,,,,,,,,,,strasbourg,lille
F1,25/01/2025,20:05,Paris SG,Reims,1,1,D,0,0,D,18,6,7,3,13,13,8,1,2,2,0,0,1.27,6.5,9.0,1.25,6.5,10.5,,,,1.25,6.87,10.44,1.22,6.0,10.0,,,,1.27,7.0,12.3,1.24,6.58,10.49,1.44,2.75,1.43,2.86,1.44,2.95,1.42,2.82,-1.75,1.95,1.95,1.91,1.97,2.0,1.98,1.89,1.93,1.2,8.5,10.0,1.2,8.0,11.5,,,,1.2,8.21,12.0,1.18,7.5,12.0,,,,1.22,8.76,15.0,1.19,7.97,12.17,1.22,4.33,1.35,3.33,1.34,4.33,1.24,3.96,-2.25,2.05,1.88,2.05,1.86,2.08,1.89,2.02,1.84,Unknown,2,2,4,1.25,6.5,11.0,1.26,7.0,12.3,1.28,7.2,11.5,1.47,3.0,1.92,1.95,1.13,7.5,12.0,1.22,8.76,10.3,1.2,9.0,16.0,1.28,4.4,2.02,1.93,,,,,,,,,,,,,,,,,,,,,,,,,,,,,,,,,,,,,,,,,,,,,paris sg,reims
F1,26/01/2025,14:00,Le Havre,Brest,0,1,A,0,1,A,11,17,1,9,12,14,6,6,2,3,0,0,3.3,3.1,2.35,3.2,3.1,2.35,,,,3.38,3.13,2.39,3.25,3.1,2.25,,,,3.45,3.27,2.4,3.28,3.11,2.34,2.3,1.62,2.43,1.61,2.43,1.66,2.33,1.6,0.25,1.87,2.03,1.88,2.04,1.9,2.04,1.85,1.97,3.3,3.25,2.25,3.25,3.2,2.3,,,,3.45,3.27,2.31,3.3,3.1,2.25,,,,3.52,3.33,2.35,3.34,3.22,2.27,2.1,1.73,2.17,1.76,2.17,1.8,2.13,1.73,0.25,1.93,2.0,1.94,1.98,1.97,2.0,1.91,1.93,Unknown,2,3,5,3.3,3.1,2.3,3.42,3.27,2.4,3.5,3.15,2.4,2.42,1.64,1.91,2.03,3.2,3.0,2.2,3.52,3.33,2.24,3.6,3.3,2.34,2.24,1.79,1.97,2.0,,,,,,,,,,,,,,,,,,,,,,,,,,,,,,,,,,,,,,,,,,,,,le havre,brest
F1,26/01/2025,16:15,Lens,Angers,1,0,H,0,0,D,16,2,4,0,16,10,4,4,1,1,0,0,1.42,4.33,7.5,1.47,4.4,6.75,,,,1.44,4.77,7.34,1.44,4.33,6.5,,,,1.51,4.77,7.5,1.44,4.55,7.13,1.8,2.0,1.81,2.08,1.86,2.11,1.79,2.03,-1.25,2.03,1.87,2.03,1.88,2.06,1.89,1.98,1.84,1.5,4.2,6.5,1.49,4.4,6.5,,,,1.5,4.44,7.15,1.5,4.2,6.0,,,,1.54,4.63,7.69,1.49,4.33,6.81,1.8,2.0,1.82,2.08,2.0,2.09,1.81,2.0,-1.0,1.85,2.08,1.85,2.08,1.87,2.16,1.82,2.04,Unknown,1,1,2,1.44,4.6,7.5,1.51,4.66,7.19,1.48,4.8,7.8,1.84,2.1,2.05,1.86,1.44,4.2,6.5,1.54,4.31,6.67,1.52,4.6,7.6,1.89,2.08,1.84,2.15,,,,,,,,,,,,,,,,,,,,,,,,,,,,,,,,,,,,,,,,,,,,,lens,angers
F1,26/01/2025,16:15,Nantes,Lyon,1,1,D,0,1,A,7,15,5,4,14,11,4,8,3,1,0,0,3.3,3.5,2.1,3.3,3.6,2.1,,,,3.41,3.55,2.18,3.3,3.4,2.1,,,,3.5,3.65,2.21,3.34,3.51,2.13,1.8,2.0,1.82,2.07,1.87,2.1,1.81,2.01,0.25,2.03,1.87,2.02,1.89,2.06,1.89,1.98,1.83,4.1,3.7,1.85,4.0,3.6,1.88,,,,4.27,3.77,1.88,4.0,3.6,1.85,,,,4.33,3.78,1.93,4.1,3.68,1.87,1.8,2.0,1.82,2.09,2.0,2.09,1.8,2.02,0.5,2.04,1.89,2.03,1.89,2.04,1.92,1.98,1.88,Unknown,3,1,4,3.4,3.5,2.1,3.48,3.65,2.21,3.5,3.6,2.24,1.84,2.08,2.04,1.93,4.0,3.5,1.8,4.19,3.78,1.9,4.4,3.8,1.96,1.86,2.12,2.03,1.96,,,,,,,,,,,,,,,,,,,,,,,,,,,,,,,,,,,,,,,,,,,,,nantes,lyon
F1,26/01/2025,16:15,Toulouse,Montpellier,1,2,A,0,0,D,15,6,6,4,9,15,6,2,1,2,0,0,1.62,4.0,5.25,1.62,4.1,5.0,,,,1.64,4.08,5.47,1.62,4.0,5.0,,,,1.67,4.35,5.8,1.63,4.03,5.27,1.73,2.1,1.74,2.17,1.78,2.21,1.72,2.13,-0.75,1.81,2.09,1.81,2.09,1.83,2.13,1.77,2.06,1.67,3.9,5.0,1.66,3.9,5.0,,,,1.7,3.99,5.23,1.67,3.9,4.8,,,,1.74,4.07,5.3,1.68,3.92,5.02,1.8,2.0,1.8,2.1,1.82,2.17,1.77,2.06,-0.75,1.88,2.05,1.9,2.03,1.91,2.07,1.86,1.99,Unknown,1,2,3,1.62,4.0,5.0,1.67,4.35,5.33,1.64,4.4,5.7,1.76,2.2,1.8,2.18,1.62,3.7,5.0,1.74,3.92,4.96,1.72,4.0,5.6,1.84,2.16,1.91,2.06,,,,,,,,,,,,,,,,,,,,,,,,,,,,,,,,,,,,,,,,,,,,,toulouse,montpellier
F1,26/01/2025,19:45,Nice,Marseille,2,0,H,1,0,H,14,18,5,6,12,9,6,12,1,1,0,0,2.8,3.5,2.45,2.9,3.6,2.3,,,,2.92,3.6,2.42,2.8,3.4,2.38,,,,3.05,3.67,2.5,2.85,3.52,2.4,1.73,2.1,1.72,2.22,1.77,2.26,1.71,2.14,0.25,1.73,2.08,1.81,2.11,1.83,2.14,1.77,2.06,2.63,3.4,2.7,2.65,3.4,2.6,,,,2.75,3.42,2.69,2.75,3.25,2.5,,,,2.77,3.5,2.73,2.67,3.38,2.64,1.88,2.02,1.88,2.02,1.92,2.1,1.84,1.99,0.0,1.95,1.98,1.98,1.94,1.99,1.98,1.96,1.92,Unknown,1,1,2,2.8,3.5,2.45,2.98,3.67,2.46,2.98,3.6,2.44,1.7,2.26,1.85,2.1,2.6,3.2,2.55,2.77,3.45,2.63,2.82,3.5,2.74,1.93,2.06,2.02,1.96,,,,,,,,,,,,,,,,,,,,,,,,,,,,,,,,,,,,,,,,,,,,,nice,marseille
F1,31/01/2025,19:45,Montpellier,Lens,0,2,A,0,1,A,14,19,2,5,12,17,4,5,4,3,0,0,4.33,3.7,1.83,4.2,3.7,1.83,,,,4.55,3.77,1.83,4.0,3.6,1.83,,,,4.55,3.85,1.89,4.29,3.7,1.83,1.8,2.0,1.81,2.08,1.85,2.12,1.79,2.05,0.5,2.08,1.85,2.08,1.83,2.08,1.87,2.02,1.83,4.33,3.7,1.85,4.1,3.6,1.85,,,,4.39,3.77,1.86,4.2,3.5,1.85,,,,4.39,3.77,1.9,4.22,3.68,1.84,1.73,2.1,1.76,2.15,1.82,2.21,1.73,2.12,0.5,2.05,1.88,2.06,1.87,2.08,1.88,2.01,1.85,Unknown,4,3,7,4.4,3.7,1.85,4.4,3.85,1.89,4.6,3.9,1.9,1.85,2.14,2.11,1.9,4.33,3.6,1.8,4.21,3.74,1.9,4.6,3.85,1.9,1.83,2.2,2.09,1.91,,,,,,,,,,,,,,,,,,,,,,,,,,,,,,,,,,,,,,,,,,,,,montpellier,lens
F1,01/02/2025,16:00,Brest,Paris SG,2,5,A,0,1,A,14,14,7,7,9,12,4,7,1,0,0,0,6.25,5.0,1.44,6.5,4.75,1.44,,,,6.88,4.94,1.45,6.0,4.6,1.44,,,,6.88,5.02,1.49,6.58,4.82,1.44,1.53,2.5,1.57,2.5,1.57,2.5,1.54,2.42,1.25,1.93,1.97,1.93,1.97,1.95,2.0,1.87,1.94,8.0,5.5,1.33,8.0,5.25,1.35,,,,8.86,5.71,1.34,8.0,5.5,1.3,,,,9.2,5.94,1.4,8.44,5.53,1.33,1.44,2.75,1.46,2.85,1.47,2.88,1.43,2.76,1.5,2.0,1.93,1.99,1.93,2.02,1.97,1.95,1.91,Unknown,1,0,1,6.5,4.75,1.44,6.88,5.02,1.49,7.2,5.0,1.49,1.59,2.58,1.96,2.0,8.5,5.5,1.33,8.8,5.94,1.36,9.4,5.8,1.38,1.49,2.98,2.03,1.94,,,,,,,,,,,,,,,,,,,,,,,,,,,,,,,,,,,,,,,,,,,,,brest,paris sg
F1,01/02/2025,18:00,Monaco,Auxerre,4,2,H,1,2,A,11,12,6,7,17,15,5,4,2,2,0,0,1.33,5.5,8.5,1.35,5.5,7.75,,,,1.35,5.69,8.08,1.33,5.0,8.0,,,,1.37,5.84,8.6,1.34,5.48,8.05,1.44,2.75,1.47,2.76,1.47,2.76,1.45,2.68,-1.5,1.95,1.95,1.97,1.93,1.99,1.97,1.94,1.9,1.38,5.25,7.0,1.42,5.0,6.75,,,,1.38,5.59,7.8,1.4,5.0,6.5,,,,1.43,5.62,8.5,1.4,5.16,7.21,1.44,2.75,1.46,2.84,1.46,2.85,1.43,2.76,-1.5,2.08,1.85,2.06,1.87,2.1,1.88,2.06,1.8,Unknown,2,2,4,1.33,5.5,8.5,1.37,5.84,8.6,1.37,5.9,9.0,1.49,2.88,1.99,1.9,1.36,5.0,7.5,1.43,5.45,7.65,1.45,5.3,8.0,1.5,2.96,2.14,1.85,,,,,,,,,,,,,,,,,,,,,,,,,,,,,,,,,,,,,,,,,,,,,monaco,auxerre
F1,01/02/2025,20:05,Lille,St Etienne,4,1,H,1,1,D,29,9,13,2,11,12,7,1,1,1,0,1,1.4,4.5,8.0,1.4,4.8,7.75,,,,1.41,4.9,7.87,1.4,4.5,7.0,,,,1.45,4.94,8.5,1.4,4.74,7.75,1.85,2.05,1.84,2.06,1.87,2.08,1.81,2.02,-1.25,1.95,1.95,1.95,1.95,1.96,1.97,1.91,1.9,1.5,4.2,6.5,1.51,4.33,6.25,,,,1.51,4.38,7.05,1.44,4.2,6.0,,,,1.55,4.65,7.5,1.49,4.33,6.75,1.73,2.1,1.8,2.09,1.82,2.16,1.77,2.06,-1.0,1.88,2.05,1.88,2.05,1.91,2.12,1.82,2.04,Unknown,1,3,4,1.4,4.75,8.0,1.45,4.94,8.2,1.45,5.0,8.8,1.85,2.12,1.97,1.96,1.44,4.33,7.0,1.52,4.3,7.17,1.54,4.5,7.4,1.83,2.18,1.87,2.12,,,,,,,,,,,,,,,,,,,,,,,,,,,,,,,,,,,,,,,,,,,,,lille,st etienne
F1,02/02/2025,14:00,Toulouse,Nice,1,1,D,0,1,A,15,13,4,3,20,20,7,2,2,2,0,0,2.5,3.4,2.75,2.5,3.3,2.75,,,,2.55,3.36,2.91,2.5,3.2,2.75,,,,2.62,3.42,2.93,2.51,3.33,2.82,1.95,1.95,1.94,1.94,1.99,1.97,1.91,1.9,0.0,1.83,2.07,1.83,2.09,1.87,2.12,1.83,2.04,3.0,3.3,2.4,2.95,3.25,2.4,,,,3.11,3.36,2.45,2.9,3.2,2.4,,,,3.19,3.37,2.65,2.99,3.28,2.43,1.95,1.95,1.93,1.96,1.99,1.97,1.91,1.91,0.25,1.82,2.11,1.84,2.1,1.86,2.16,1.78,2.08,Unknown,2,2,4,2.5,3.3,2.88,2.62,3.42,2.93,2.56,3.45,2.92,1.97,1.96,1.83,2.09,2.8,3.1,2.4,3.19,3.37,2.38,3.2,3.35,2.56,2.0,1.99,1.84,2.17,,,,,,,,,,,,,,,,,,,,,,,,,,,,,,,,,,,,,,,,,,,,,toulouse,nice
F1,02/02/2025,16:15,Angers,Le Havre,1,1,D,0,0,D,17,13,2,5,8,19,4,2,2,4,1,1,1.95,3.4,3.9,2.0,3.3,3.8,,,,2.01,3.36,4.2,1.95,3.3,3.9,,,,2.04,3.52,4.2,1.98,3.34,3.98,2.2,1.67,2.33,1.65,2.33,1.7,2.24,1.65,-0.5,2.02,1.88,2.01,1.89,2.04,1.89,1.99,1.85,1.83,3.4,4.5,1.82,3.4,4.75,,,,1.87,3.44,4.97,1.8,3.4,4.6,,,,1.92,3.61,4.97,1.83,3.44,4.68,2.3,1.62,2.4,1.63,2.4,1.7,2.29,1.63,-0.5,1.88,2.05,1.88,2.05,1.88,2.08,1.84,2.02,Unknown,4,6,10,2.0,3.3,4.0,2.04,3.52,4.14,2.0,3.4,4.5,2.3,1.69,2.0,1.94,1.75,3.25,4.6,1.83,3.61,4.83,1.89,3.55,5.2,2.42,1.68,1.9,2.09,,,,,,,,,,,,,,,,,,,,,,,,,,,,,,,,,,,,,,,,,,,,,angers,le havre
F1,02/02/2025,16:15,Reims,Nantes,1,2,A,1,1,D,13,11,2,6,14,10,9,3,3,3,1,0,2.15,3.4,3.4,2.15,3.3,3.4,,,,2.19,3.42,3.51,2.1,3.3,3.4,,,,2.25,3.56,3.54,2.15,3.38,3.43,2.0,1.8,2.1,1.79,2.14,1.83,2.05,1.77,-0.25,1.87,2.03,1.89,2.02,1.9,2.04,1.84,1.98,2.2,3.25,3.4,2.2,3.2,3.4,,,,2.29,3.23,3.55,2.15,3.25,3.3,,,,2.3,3.33,3.63,2.23,3.2,3.44,2.2,1.67,2.32,1.67,2.38,1.71,2.24,1.65,-0.25,1.96,1.97,1.95,1.97,1.99,1.99,1.9,1.93,Unknown,5,3,8,2.15,3.3,3.5,2.21,3.56,3.54,2.22,3.45,3.55,2.08,1.83,1.9,2.04,2.15,3.0,3.3,2.2,3.33,3.63,2.34,3.3,3.65,2.38,1.71,2.0,1.99,,,,,,,,,,,,,,,,,,,,,,,,,,,,,,,,,,,,,,,,,,,,,reims,nantes
F1,02/02/2025,16:15,Rennes,Strasbourg,1,0,H,0,0,D,13,7,3,3,14,10,6,2,3,3,0,0,2.05,3.5,3.6,2.05,3.5,3.5,,,,2.1,3.48,3.69,2.05,3.4,3.4,,,,2.14,3.67,3.71,2.08,3.47,3.53,1.95,1.95,1.95,1.93,1.99,1.97,1.92,1.9,-0.25,1.82,2.08,1.82,2.1,1.83,2.1,1.78,2.05,1.91,3.5,4.1,1.93,3.3,4.2,,,,1.95,3.49,4.33,2.0,3.25,3.8,,,,2.08,3.55,4.33,1.98,3.4,3.98,2.05,1.85,2.06,1.85,2.09,2.01,2.0,1.83,-0.5,1.96,1.97,1.96,1.96,2.07,1.97,1.97,1.89,Unknown,3,3,6,2.05,3.5,3.6,2.14,3.67,3.65,2.16,3.5,3.75,1.97,1.97,1.85,2.11,2.0,3.1,3.7,2.06,3.54,3.79,2.04,3.45,4.4,2.1,1.88,2.02,1.96,,,,,,,,,,,,,,,,,,,,,,,,,,,,,,,,,,,,,,,,,,,,,rennes,strasbourg
F1,02/02/2025,19:45,Marseille,Lyon,3,2,H,0,0,D,20,10,11,4,13,10,6,2,4,1,0,0,2.0,3.9,3.3,2.0,3.8,3.4,,,,2.07,3.76,3.51,2.0,3.7,3.3,,,,2.08,3.98,3.52,2.04,3.77,3.38,1.57,2.38,1.61,2.41,1.65,2.45,1.58,2.37,-0.5,2.06,1.84,2.08,1.84,2.1,1.85,2.05,1.81,2.05,3.7,3.4,2.05,3.6,3.4,,,,2.1,3.69,3.57,2.05,3.5,3.3,,,,2.12,3.81,3.61,2.06,3.64,3.44,1.73,2.1,1.72,2.23,1.74,2.32,1.69,2.18,-0.25,1.78,2.03,1.82,2.1,1.83,2.14,1.79,2.06,Unknown,4,1,5,2.05,3.7,3.5,2.08,3.98,3.52,2.12,3.8,3.6,1.64,2.42,2.12,1.87,2.0,3.4,3.3,2.05,3.81,3.58,2.12,3.75,3.75,1.79,2.24,1.84,2.16,,,,,,,,,,,,,,,,,,,,,,,,,,,,,,,,,,,,,,,,,,,,,marseille,lyon
F1,07/02/2025,18:00,Nantes,Brest,0,2,A,0,1,A,15,10,2,6,15,13,12,4,3,2,0,0,2.45,3.1,3.1,2.4,3.25,2.95,,,,2.49,3.18,3.15,2.3,3.2,3.0,,,,2.51,3.42,3.23,2.44,3.19,3.09,2.2,1.67,2.26,1.69,2.29,1.73,2.22,1.68,-0.25,2.11,1.82,2.12,1.81,2.13,1.87,2.07,1.79,2.5,3.1,3.0,2.5,3.1,2.95,,,,2.54,3.17,3.11,2.45,3.1,2.9,,,,2.67,3.21,3.21,2.5,3.14,3.04,2.2,1.67,2.32,1.67,2.32,1.73,2.22,1.68,0.0,1.82,2.11,1.77,2.18,1.87,2.2,1.78,2.11,Unknown,3,2,5,2.45,3.2,3.1,2.48,3.42,3.13,2.52,3.35,3.25,2.28,1.76,2.14,1.86,2.4,3.0,3.1,2.67,3.18,2.93,2.6,3.25,3.2,2.32,1.74,1.8,2.22,,,,,,,,,,,,,,,,,,,,,,,,,,,,,,,,,,,,,,,,,,,,,nantes,brest
F1,07/02/2025,20:05,Paris SG,Monaco,4,1,H,1,1,D,16,9,7,3,9,11,1,1,1,0,0,0,1.38,5.5,6.5,1.39,5.5,6.75,,,,1.4,5.56,6.93,1.4,5.0,6.5,,,,1.44,5.72,7.3,1.4,5.46,6.79,1.3,3.5,1.33,3.44,1.36,3.52,1.32,3.34,-1.5,2.03,1.9,2.01,1.89,2.05,1.91,1.99,1.86,1.42,5.5,6.0,1.43,5.25,6.0,,,,1.45,5.48,6.29,1.44,5.0,5.8,,,,1.48,5.62,7.16,1.43,5.41,6.22,1.29,3.75,1.34,3.44,1.32,3.95,1.28,3.62,-1.25,1.88,2.05,1.89,2.04,1.91,2.09,1.84,2.02,Unknown,1,0,1,1.4,5.5,6.5,1.43,5.72,7.18,1.43,5.8,7.4,1.35,3.65,2.05,1.9,1.4,5.0,6.0,1.45,5.62,6.13,1.46,5.8,6.8,1.32,4.0,1.86,2.11,,,,,,,,,,,,,,,,,,,,,,,,,,,,,,,,,,,,,,,,,,,,,paris sg,monaco
F1,08/02/2025,16:00,Nice,Lens,2,0,H,1,0,H,16,12,8,3,6,19,7,3,1,4,0,1,2.35,3.3,3.1,2.35,3.4,2.95,,,,2.4,3.42,3.09,2.3,3.4,2.9,,,,2.42,3.67,3.11,2.36,3.41,3.01,1.91,1.99,1.9,1.99,1.93,2.02,1.87,1.95,-0.25,2.06,1.84,2.07,1.85,2.09,1.87,2.02,1.81,2.4,3.4,2.9,2.37,3.4,2.9,,,,2.44,3.54,2.98,2.3,3.4,2.9,,,,2.48,3.57,3.05,2.4,3.43,2.94,1.73,2.1,1.8,2.11,1.83,2.11,1.79,2.06,-0.25,2.11,1.82,2.12,1.83,2.14,1.87,2.07,1.8,Unknown,1,6,7,2.3,3.4,3.1,2.4,3.67,3.07,2.42,3.45,3.2,1.92,2.02,2.07,1.88,2.25,3.25,2.88,2.42,3.46,3.05,2.46,3.55,3.15,1.86,2.12,2.12,1.88,,,,,,,,,,,,,,,,,,,,,,,,,,,,,,,,,,,,,,,,,,,,,nice,lens
F1,08/02/2025,18:00,Lille,Le Havre,1,2,A,0,1,A,14,14,5,6,16,8,8,10,2,1,0,0,1.36,5.5,8.0,1.36,5.0,8.75,,,,1.36,5.18,9.26,1.33,4.8,9.0,,,,1.37,5.5,10.3,1.35,5.05,9.17,1.86,2.04,1.84,2.05,1.89,2.06,1.83,2.01,-1.25,1.83,2.07,1.83,2.09,1.84,2.09,1.8,2.03,1.22,6.25,12.0,1.24,6.25,12.0,,,,1.24,6.62,12.86,1.22,6.0,13.0,,,,1.28,6.69,14.5,1.23,6.36,12.7,1.53,2.32,1.58,2.47,1.64,2.53,1.57,2.41,-1.75,1.9,2.03,1.9,2.0,1.97,2.07,1.89,1.96,Unknown,2,1,3,1.36,4.6,9.5,1.37,5.36,10.3,1.36,5.5,10.5,1.85,2.08,1.83,2.1,1.2,6.0,12.0,1.24,6.69,13.4,1.26,7.0,15.5,1.62,2.56,1.97,2.02,,,,,,,,,,,,,,,,,,,,,,,,,,,,,,,,,,,,,,,,,,,,,lille,le havre
F1,08/02/2025,20:05,St Etienne,Rennes,0,2,A,0,1,A,9,21,3,9,13,6,2,4,1,5,0,0,3.3,3.4,2.15,3.2,3.5,2.2,,,,3.52,3.36,2.22,3.25,3.3,2.15,,,,3.52,3.56,2.27,3.37,3.35,2.2,2.07,1.83,2.08,1.82,2.1,1.86,2.03,1.81,0.25,1.99,1.91,2.0,1.91,2.02,1.93,1.95,1.87,3.0,3.5,2.3,3.1,3.4,2.3,,,,3.09,3.52,2.38,3.0,3.4,2.2,,,,3.61,3.59,2.38,3.12,3.48,2.29,1.88,2.02,1.91,2.0,1.96,2.1,1.88,1.96,0.25,1.86,2.07,1.87,2.06,2.07,2.08,1.88,1.98,Unknown,1,5,6,3.4,3.3,2.2,3.5,3.56,2.23,3.5,3.55,2.26,2.06,1.9,2.01,1.94,3.2,3.4,2.15,3.2,3.58,2.28,3.3,3.55,2.36,1.96,2.02,1.95,2.04,,,,,,,,,,,,,,,,,,,,,,,,,,,,,,,,,,,,,,,,,,,,,st etienne,rennes
F1,09/02/2025,14:00,Lyon,Reims,4,0,H,1,0,H,15,9,9,2,10,12,6,6,0,0,0,0,1.53,4.5,5.75,1.55,4.5,5.25,,,,1.53,4.75,5.74,1.53,4.4,5.5,,,,1.56,4.82,6.0,1.52,4.6,5.69,1.53,2.5,1.56,2.55,1.58,2.6,1.54,2.47,-1.0,1.85,2.05,1.86,2.06,1.88,2.06,1.83,2.01,1.5,4.5,6.0,1.52,4.4,5.75,,,,1.53,4.57,6.26,1.5,4.4,5.5,,,,1.57,4.8,6.4,1.52,4.49,6.0,1.62,2.3,1.62,2.42,1.62,2.55,1.59,2.37,-1.0,1.85,2.08,1.85,2.07,1.88,2.13,1.84,2.03,Unknown,0,0,0,1.53,4.5,6.0,1.56,4.82,5.95,1.55,4.7,6.2,1.58,2.56,1.88,2.05,1.5,4.2,5.5,1.52,4.61,6.4,1.55,4.8,6.6,1.65,2.52,1.88,2.11,,,,,,,,,,,,,,,,,,,,,,,,,,,,,,,,,,,,,,,,,,,,,lyon,reims
F1,09/02/2025,16:15,Auxerre,Toulouse,2,2,D,0,0,D,9,7,3,3,11,9,3,5,1,1,0,0,3.0,3.4,2.35,3.0,3.4,2.35,,,,3.09,3.42,2.4,3.0,3.3,2.3,,,,3.2,3.58,2.4,3.04,3.38,2.33,2.01,1.89,2.02,1.87,2.03,1.95,1.97,1.85,0.25,1.83,2.07,1.85,2.07,1.86,2.13,1.83,2.0,2.9,3.25,2.5,2.9,3.2,2.45,,,,2.99,3.28,2.57,2.9,3.1,2.45,,,,3.09,3.4,2.58,2.95,3.25,2.5,2.1,1.73,2.12,1.79,2.14,1.86,2.06,1.79,0.25,1.7,2.1,1.76,2.2,1.79,2.2,1.75,2.12,Unknown,1,1,2,3.1,3.3,2.3,3.13,3.58,2.4,3.25,3.4,2.44,2.02,1.92,1.88,2.08,2.88,3.1,2.5,3.09,3.32,2.47,3.05,3.35,2.66,2.16,1.83,1.78,2.24,,,,,,,,,,,,,,,,,,,,,,,,,,,,,,,,,,,,,,,,,,,,,auxerre,toulouse
F1,09/02/2025,16:15,Strasbourg,Montpellier,2,0,H,1,0,H,22,11,6,2,12,12,6,2,1,4,0,0,1.75,4.1,4.1,1.78,3.9,4.2,,,,1.82,3.99,4.24,1.8,3.8,4.0,,,,1.85,4.1,4.5,1.79,3.93,4.15,1.73,2.1,1.73,2.18,1.78,2.26,1.72,2.15,-0.75,2.05,1.85,2.06,1.85,2.07,1.85,2.01,1.81,1.65,4.2,5.0,1.68,4.0,4.8,,,,1.66,4.25,5.19,1.67,3.9,4.75,,,,1.76,4.25,5.27,1.68,4.09,4.9,1.67,2.2,1.7,2.25,1.75,2.32,1.68,2.21,-0.75,1.84,2.09,1.84,2.1,1.94,2.13,1.84,2.02,Unknown,1,4,5,1.8,3.9,4.33,1.85,4.08,4.35,1.85,3.95,4.3,1.75,2.2,2.09,1.86,1.67,3.9,4.75,1.65,4.25,5.27,1.73,4.2,5.3,1.79,2.26,1.92,2.05,,,,,,,,,,,,,,,,,,,,,,,,,,,,,,,,,,,,,,,,,,,,,strasbourg,montpellier
F1,09/02/2025,19:45,Angers,Marseille,0,2,A,0,0,D,5,18,0,10,10,8,1,7,1,2,0,0,5.5,4.0,1.62,5.25,4.0,1.63,,,,5.55,4.13,1.63,5.0,3.8,1.65,,,,5.6,4.25,1.67,5.3,4.05,1.63,1.85,2.05,1.85,2.04,1.88,2.07,1.83,2.01,0.75,2.09,1.81,2.11,1.79,2.13,1.82,2.05,1.78,5.5,4.33,1.57,5.25,4.0,1.62,,,,5.86,4.22,1.61,5.0,4.0,1.6,,,,6.0,4.33,1.64,5.58,4.14,1.6,1.73,2.1,1.78,2.16,1.78,2.21,1.73,2.13,1.0,1.9,2.03,1.9,2.03,1.93,2.06,1.85,2.01,Unknown,1,2,3,5.0,4.0,1.65,5.49,4.25,1.67,5.9,4.1,1.63,1.86,2.04,2.14,1.82,5.5,3.9,1.53,5.87,4.3,1.59,6.2,4.3,1.64,1.81,2.22,1.89,2.07,,,,,,,,,,,,,,,,,,,,,,,,,,,,,,,,,,,,,,,,,,,,,angers,marseille
F1,14/02/2025,19:45,Brest,Auxerre,2,2,D,0,1,A,18,11,6,6,9,12,6,4,2,2,0,0,2.25,3.3,3.3,,,,,,,2.29,3.32,3.45,2.3,3.25,3.1,,,,2.34,3.38,3.6,2.26,3.28,3.38,2.0,1.8,2.09,1.83,2.1,1.86,2.04,1.81,-0.25,1.99,1.94,1.97,1.95,1.99,2.02,1.92,1.92,2.1,3.4,3.6,,,,,,,2.15,3.43,3.67,2.15,3.3,3.3,,,,2.31,3.43,3.69,2.19,3.31,3.49,1.92,1.98,1.93,1.97,2.07,1.98,1.98,1.87,-0.25,1.86,2.07,1.85,2.08,1.96,2.08,1.87,1.98,Unknown,2,2,4,2.3,3.25,3.4,2.29,3.38,3.54,2.38,3.35,3.5,2.14,1.86,2.0,1.97,2.2,3.1,3.3,2.17,3.34,3.69,2.26,3.4,3.7,2.02,1.97,1.92,2.06,,,,,,,,,,,,,,,,,,,,,,,,,,,,,,,,,,,,,,,,,,,,,brest,auxerre
F1,15/02/2025,16:00,Marseille,St Etienne,5,1,H,1,0,H,28,7,14,2,14,9,14,3,1,1,0,0,1.25,6.5,9.5,,,,,,,1.27,6.28,9.96,1.25,5.8,9.5,,,,1.3,6.6,11.0,1.27,6.18,10.0,1.44,2.75,1.46,2.76,1.5,2.85,1.45,2.72,-1.75,2.01,1.89,2.0,1.89,2.02,1.91,1.97,1.86,1.22,7.0,10.0,,,,,,,1.23,7.08,11.61,1.22,6.5,11.0,,,,1.25,7.48,12.5,1.23,6.92,11.19,1.36,3.2,1.38,3.11,1.39,3.27,1.37,3.13,-2.0,2.08,1.85,2.06,1.85,2.13,1.89,2.04,1.82,Unknown,1,1,2,1.22,6.5,11.0,1.3,6.51,11.0,1.28,7.0,12.0,1.47,2.9,1.98,1.97,1.18,6.5,10.5,1.25,7.48,10.3,1.26,7.4,13.5,1.42,3.3,2.11,1.87,,,,,,,,,,,,,,,,,,,,,,,,,,,,,,,,,,,,,,,,,,,,,marseille,st etienne
F1,15/02/2025,18:00,Monaco,Nantes,7,1,H,2,1,H,22,6,11,2,18,9,9,1,1,1,0,1,1.55,4.2,6.0,,,,,,,1.56,4.44,5.78,1.57,4.0,5.5,,,,1.59,4.6,6.05,1.56,4.33,5.68,1.67,2.2,1.65,2.33,1.7,2.34,1.65,2.27,-1.0,1.92,1.98,1.9,2.01,1.99,2.01,1.92,1.92,1.5,4.5,6.0,,,,,,,1.52,4.64,6.33,1.5,4.2,6.0,,,,1.57,4.9,6.5,1.51,4.56,6.06,1.62,2.3,1.61,2.44,1.62,2.47,1.59,2.39,-1.0,1.84,2.09,1.84,2.1,1.87,2.13,1.82,2.05,Unknown,1,3,4,1.53,4.33,6.0,1.59,4.49,6.05,1.59,4.5,6.2,1.67,2.36,1.96,1.96,1.47,4.4,6.0,1.52,4.61,6.4,1.56,4.7,6.6,1.63,2.56,1.87,2.11,,,,,,,,,,,,,,,,,,,,,,,,,,,,,,,,,,,,,,,,,,,,,monaco,nantes
F1,15/02/2025,20:05,Toulouse,Paris SG,0,1,A,0,0,D,14,20,4,6,9,6,5,2,2,0,0,0,5.75,4.75,1.5,,,,,,,6.28,4.79,1.49,5.5,4.5,1.5,,,,6.5,4.92,1.53,5.97,4.71,1.49,1.53,2.5,1.55,2.55,1.57,2.7,1.52,2.51,1.25,1.82,2.08,1.85,2.07,1.85,2.12,1.8,2.04,5.5,4.33,1.55,,,,,,,5.98,4.46,1.56,5.5,4.33,1.53,,,,6.5,4.75,1.58,5.76,4.48,1.54,1.62,2.3,1.63,2.41,1.66,2.5,1.6,2.37,1.0,1.99,1.94,2.0,1.93,2.1,1.97,1.98,1.88,Unknown,2,0,2,6.5,4.75,1.44,6.26,4.92,1.53,6.8,5.0,1.51,1.58,2.6,1.85,2.09,5.5,4.0,1.5,5.94,4.45,1.57,6.4,4.5,1.6,1.66,2.48,2.0,1.97,,,,,,,,,,,,,,,,,,,,,,,,,,,,,,,,,,,,,,,,,,,,,toulouse,paris sg
F1,16/02/2025,14:00,Montpellier,Lyon,1,4,A,1,1,D,11,9,4,6,14,12,7,4,3,1,0,0,4.75,4.5,1.58,,,,,,,5.01,4.43,1.63,4.33,4.0,1.7,,,,5.1,4.6,1.7,4.79,4.37,1.64,1.5,2.63,1.51,2.65,1.54,2.67,1.49,2.59,0.75,2.03,1.78,2.12,1.79,2.12,1.85,2.06,1.78,5.0,4.75,1.55,,,,,,,5.62,4.66,1.56,5.0,4.4,1.55,,,,5.62,4.86,1.6,5.37,4.61,1.55,1.44,2.75,1.48,2.77,1.49,2.82,1.46,2.74,1.0,2.04,1.89,2.02,1.91,2.07,1.95,1.98,1.88,Unknown,3,1,4,4.6,4.33,1.67,4.97,4.6,1.68,4.9,4.6,1.66,1.42,2.7,2.12,1.8,5.0,4.33,1.5,5.33,4.86,1.57,5.8,4.8,1.61,1.52,2.88,2.06,1.92,,,,,,,,,,,,,,,,,,,,,,,,,,,,,,,,,,,,,,,,,,,,,montpellier,lyon
F1,16/02/2025,16:15,Le Havre,Nice,1,3,A,1,2,A,14,9,4,3,14,16,6,2,2,2,0,1,5.0,4.0,1.62,,,,,,,5.37,4.01,1.66,5.0,3.9,1.65,,,,5.4,4.14,1.71,5.18,3.96,1.65,1.8,1.98,1.88,2.01,1.91,2.05,1.84,1.99,0.75,2.07,1.83,2.06,1.85,2.11,1.85,2.02,1.82,5.5,4.0,1.62,,,,,,,5.75,4.19,1.63,5.0,4.0,1.62,,,,5.8,4.2,1.64,5.5,4.1,1.62,1.73,2.1,1.81,2.09,1.83,2.21,1.77,2.09,1.0,1.84,2.09,1.88,2.08,1.88,2.11,1.82,2.05,Unknown,2,4,6,5.0,4.0,1.65,5.32,4.14,1.71,5.6,4.1,1.7,1.86,2.02,2.06,1.88,5.5,3.9,1.57,5.64,4.1,1.64,6.0,4.3,1.65,1.83,2.16,1.87,2.09,,,,,,,,,,,,,,,,,,,,,,,,,,,,,,,,,,,,,,,,,,,,,le havre,nice
F1,16/02/2025,16:15,Lens,Strasbourg,0,2,A,0,0,D,7,13,0,5,12,15,7,3,4,2,1,0,1.72,3.8,4.75,,,,,,,1.78,4.04,4.43,1.75,3.8,4.2,,,,1.81,4.1,4.75,1.76,3.91,4.39,1.73,2.1,1.75,2.16,1.8,2.18,1.74,2.13,-0.75,2.0,1.9,2.0,1.91,2.05,1.92,1.97,1.87,1.83,3.7,4.1,,,,,,,1.87,3.86,4.23,1.85,3.7,3.8,,,,1.93,3.86,4.39,1.86,3.74,4.16,1.73,2.1,1.74,2.19,1.82,2.26,1.73,2.14,-0.5,1.89,2.04,1.88,2.05,1.91,2.06,1.86,2.0,Unknown,6,2,8,1.75,3.9,4.6,1.81,4.1,4.56,1.81,4.0,5.0,1.77,2.16,2.02,1.93,1.8,3.7,4.1,1.85,3.8,4.39,1.9,3.95,4.4,1.76,2.28,1.9,2.09,,,,,,,,,,,,,,,,,,,,,,,,,,,,,,,,,,,,,,,,,,,,,lens,strasbourg
F1,16/02/2025,16:15,Reims,Angers,0,1,A,0,1,A,16,10,4,3,13,6,1,4,2,1,0,0,2.0,3.4,3.9,,,,,,,2.03,3.44,3.99,1.95,3.5,3.7,,,,2.04,3.71,4.1,1.99,3.44,3.85,2.04,1.86,2.04,1.86,2.11,1.88,2.01,1.83,-0.5,2.03,1.87,2.04,1.87,2.05,1.89,2.0,1.85,1.9,3.4,4.2,,,,,,,1.95,3.35,4.58,1.91,3.25,4.2,,,,1.99,3.51,4.58,1.92,3.36,4.38,2.3,1.62,2.38,1.64,2.38,1.73,2.24,1.67,-0.5,1.98,1.95,1.96,1.96,1.98,1.99,1.93,1.93,Unknown,2,1,3,1.91,3.5,4.0,2.04,3.71,3.92,2.06,3.6,4.0,2.02,1.86,2.06,1.89,1.83,3.2,4.2,1.93,3.51,4.41,2.0,3.45,4.7,2.3,1.74,2.0,1.99,,,,,,,,,,,,,,,,,,,,,,,,,,,,,,,,,,,,,,,,,,,,,reims,angers
F1,16/02/2025,19:45,Rennes,Lille,0,2,A,0,0,D,4,18,0,7,9,18,4,8,2,1,1,0,2.7,3.25,2.7,,,,,,,2.71,3.37,2.72,2.5,3.2,2.75,,,,2.76,3.41,2.86,2.64,3.31,2.7,1.98,1.8,2.02,1.87,2.06,1.9,2.0,1.84,0.0,1.93,1.97,1.94,1.95,1.97,1.99,1.9,1.95,3.1,3.1,2.45,,,,,,,3.1,3.18,2.57,2.9,3.0,2.5,,,,3.17,3.2,2.65,3.01,3.12,2.55,2.3,1.62,2.32,1.67,2.35,1.73,2.26,1.66,0.25,1.81,2.13,1.77,2.18,1.81,2.22,1.74,2.15,Unknown,4,1,5,2.63,3.3,2.8,2.76,3.4,2.79,2.72,3.4,2.7,2.04,1.87,1.94,1.96,2.88,3.0,2.55,3.17,3.17,2.5,3.2,3.2,2.62,2.4,1.71,1.81,2.22,,,,,,,,,,,,,,,,,,,,,,,,,,,,,,,,,,,,,,,,,,,,,rennes,lille
F1,21/02/2025,19:45,Rennes,Reims,1,0,H,1,0,H,26,3,5,0,15,7,9,2,1,2,0,2,2.15,3.4,3.4,,,,,,,2.19,3.48,3.52,2.1,3.3,3.4,,,,2.2,3.7,3.75,2.13,3.46,3.5,2.0,1.9,2.01,1.9,2.06,1.93,1.99,1.87,-0.25,1.83,1.98,1.89,2.04,1.9,2.1,1.83,2.01,2.2,3.4,3.3,,,,,,,2.23,3.42,3.48,2.2,3.3,3.2,,,,2.35,3.5,3.51,2.22,3.38,3.35,2.04,1.86,2.03,1.88,2.08,1.88,2.0,1.85,-0.25,1.93,2.0,1.93,2.0,1.97,2.05,1.9,1.96,Unknown,1,6,7,2.1,3.4,3.6,2.16,3.62,3.62,2.2,3.55,3.7,2.04,1.93,1.89,2.09,2.2,3.3,3.1,2.18,3.47,3.51,2.3,3.45,3.6,2.06,1.92,1.96,2.02,,,,,,,,,,,,,,,,,,,,,,,,,,,,,,,,,,,,,,,,,,,,,rennes,reims
F1,22/02/2025,16:00,Lille,Monaco,2,1,H,2,1,H,9,13,6,3,11,18,1,6,4,2,0,0,2.15,3.7,3.1,,,,,,,2.19,3.8,3.19,2.15,3.5,3.1,,,,2.21,3.91,3.3,2.17,3.72,3.13,1.62,2.3,1.64,2.35,1.69,2.38,1.63,2.32,-0.25,1.93,1.97,1.93,1.98,1.96,1.98,1.89,1.94,2.4,3.5,2.8,,,,,,,2.48,3.57,2.91,2.2,3.4,3.1,,,,2.51,3.77,3.3,2.36,3.55,2.96,1.67,2.2,1.72,2.22,1.73,2.32,1.68,2.22,-0.25,2.08,1.73,2.14,1.79,2.14,1.99,2.04,1.82,Unknown,4,2,6,2.2,3.7,3.1,2.19,3.91,3.29,2.26,3.8,3.3,1.67,2.4,1.96,2.0,2.1,3.4,3.1,2.37,3.7,2.96,2.5,3.6,3.05,1.74,2.32,2.15,1.86,,,,,,,,,,,,,,,,,,,,,,,,,,,,,,,,,,,,,,,,,,,,,lille,monaco
F1,22/02/2025,18:00,St Etienne,Angers,3,3,D,1,2,A,19,13,8,4,13,16,4,3,3,0,0,0,2.4,3.3,3.0,,,,,,,2.45,3.25,3.15,2.3,3.3,3.0,,,,2.47,3.52,3.18,2.4,3.29,3.05,2.0,1.8,2.11,1.79,2.13,1.85,2.06,1.79,-0.25,2.07,1.83,2.1,1.83,2.1,1.86,2.04,1.8,2.4,3.4,2.9,,,,,,,2.53,3.4,2.95,2.45,3.3,2.75,,,,2.54,3.52,3.1,2.48,3.37,2.9,1.97,1.93,1.96,1.94,1.99,2.01,1.91,1.9,-0.25,2.13,1.81,2.17,1.78,2.21,1.85,2.12,1.76,Unknown,3,0,3,2.4,3.3,3.0,2.43,3.52,3.13,2.44,3.35,3.25,2.1,1.83,2.08,1.89,2.45,3.25,2.8,2.5,3.46,2.93,2.58,3.45,3.05,1.97,2.0,2.2,1.81,,,,,,,,,,,,,,,,,,,,,,,,,,,,,,,,,,,,,,,,,,,,,st etienne,angers
F1,22/02/2025,20:05,Auxerre,Marseille,3,0,H,1,0,H,9,8,5,2,9,13,2,5,1,3,0,1,5.5,4.33,1.55,,,,,,,5.89,4.5,1.55,5.0,4.2,1.55,,,,6.0,4.61,1.59,5.59,4.4,1.55,1.62,2.3,1.62,2.39,1.66,2.43,1.62,2.33,1.0,1.98,1.92,1.99,1.91,1.99,1.94,1.93,1.9,5.5,4.33,1.55,,,,,,,5.83,4.41,1.57,5.0,4.2,1.55,,,,6.1,4.5,1.59,5.72,4.37,1.56,1.57,2.25,1.67,2.32,1.69,2.42,1.63,2.3,1.0,1.95,1.98,1.97,1.95,1.99,1.98,1.94,1.91,Unknown,1,5,6,5.5,4.5,1.55,5.84,4.61,1.59,6.2,4.6,1.6,1.64,2.46,1.99,1.95,5.5,4.1,1.55,5.88,4.45,1.57,6.0,4.4,1.62,1.68,2.44,2.0,1.96,,,,,,,,,,,,,,,,,,,,,,,,,,,,,,,,,,,,,,,,,,,,,auxerre,marseille
F1,23/02/2025,14:00,Nantes,Lens,3,1,H,1,0,H,17,14,8,4,13,18,2,11,2,4,0,1,3.7,3.4,2.05,,,,,,,3.69,3.47,2.11,3.5,3.4,2.05,,,,3.75,3.65,2.13,3.6,3.41,2.08,2.08,1.82,2.06,1.84,2.09,1.87,2.02,1.81,0.25,2.08,1.82,2.1,1.82,2.11,1.83,2.04,1.79,3.5,3.3,2.15,,,,,,,3.64,3.34,2.2,3.4,3.25,2.15,,,,3.73,3.47,2.23,3.53,3.32,2.17,2.1,1.73,2.15,1.78,2.15,1.88,2.05,1.8,0.25,2.05,1.88,2.04,1.89,2.07,1.91,2.0,1.86,Unknown,2,6,8,3.7,3.4,2.1,3.71,3.65,2.12,3.85,3.55,2.14,2.08,1.84,2.16,1.85,3.4,3.1,2.05,3.73,3.38,2.14,3.7,3.5,2.22,2.18,1.82,2.09,1.9,,,,,,,,,,,,,,,,,,,,,,,,,,,,,,,,,,,,,,,,,,,,,nantes,lens
F1,23/02/2025,16:15,Le Havre,Toulouse,1,4,A,0,1,A,11,11,3,5,11,13,5,3,0,2,1,0,4.0,3.4,1.95,,,,,,,4.02,3.49,2.0,3.8,3.4,1.95,,,,4.1,3.67,2.02,3.91,3.46,1.97,2.1,1.73,2.11,1.79,2.15,1.82,2.08,1.77,0.5,1.91,1.99,1.9,2.01,1.94,2.01,1.88,1.97,3.7,3.4,2.05,,,,,,,3.82,3.35,2.14,3.8,3.2,2.0,,,,4.1,3.5,2.16,3.8,3.33,2.08,2.2,1.67,2.33,1.67,2.33,1.7,2.25,1.66,0.5,1.83,2.1,1.8,2.14,1.88,2.16,1.8,2.08,Unknown,2,2,4,4.0,3.4,1.95,4.04,3.67,2.02,4.1,3.5,2.0,2.12,1.78,1.92,2.0,3.8,3.1,1.95,3.56,3.5,2.16,4.1,3.4,2.14,2.34,1.73,1.84,2.16,,,,,,,,,,,,,,,,,,,,,,,,,,,,,,,,,,,,,,,,,,,,,le havre,toulouse
F1,23/02/2025,16:15,Nice,Montpellier,2,0,H,1,0,H,16,13,6,1,17,15,8,5,1,1,0,0,1.38,5.0,7.5,,,,,,,1.38,5.37,7.79,1.36,5.0,7.0,,,,1.4,5.58,8.2,1.37,5.23,7.62,1.5,2.63,1.5,2.68,1.52,2.72,1.48,2.63,-1.5,2.05,1.85,2.05,1.86,2.08,1.88,2.02,1.83,1.33,5.25,9.0,,,,,,,1.35,5.51,9.22,1.3,5.0,8.5,,,,1.36,5.7,9.3,1.34,5.37,8.81,1.57,2.38,1.58,2.51,1.61,2.75,1.55,2.48,-1.5,1.99,1.94,1.98,1.94,2.0,1.95,1.95,1.91,Unknown,1,1,2,1.36,5.0,8.0,1.4,5.58,8.2,1.4,5.5,8.6,1.52,2.72,2.01,1.86,1.25,5.0,8.5,1.36,5.36,9.18,1.36,5.8,10.5,1.6,2.64,1.98,1.97,,,,,,,,,,,,,,,,,,,,,,,,,,,,,,,,,,,,,,,,,,,,,nice,montpellier
F1,23/02/2025,16:15,Strasbourg,Brest,0,0,D,0,0,D,3,12,1,2,12,12,1,8,3,1,0,0,2.0,3.6,3.6,,,,,,,2.0,3.68,3.8,1.95,3.6,3.5,,,,2.04,3.83,3.8,1.99,3.61,3.67,1.8,2.0,1.81,2.08,1.88,2.1,1.81,2.03,-0.5,2.02,1.88,2.01,1.89,2.05,1.9,2.0,1.86,2.15,3.3,3.4,,,,,,,2.25,3.34,3.52,2.1,3.4,3.3,,,,2.28,3.48,3.65,2.18,3.35,3.45,2.0,1.8,2.09,1.83,2.11,1.97,2.0,1.84,-0.25,1.92,2.01,1.93,1.99,1.93,2.05,1.87,1.98,Unknown,3,1,4,1.95,3.6,3.8,2.04,3.83,3.78,2.04,3.7,3.8,1.82,2.1,2.04,1.89,2.05,3.1,3.4,2.26,3.48,3.34,2.24,3.45,3.7,2.08,1.9,1.92,2.06,,,,,,,,,,,,,,,,,,,,,,,,,,,,,,,,,,,,,,,,,,,,,strasbourg,brest
F1,23/02/2025,19:45,Lyon,Paris SG,2,3,A,0,0,D,14,15,7,8,12,8,5,4,1,1,0,0,4.2,4.33,1.7,,,,,,,4.48,4.29,1.72,4.0,4.0,1.7,,,,4.5,4.55,1.77,4.25,4.26,1.72,1.4,3.0,1.44,2.88,1.44,3.05,1.4,2.91,0.75,1.99,1.91,1.99,1.92,2.0,1.94,1.93,1.89,5.5,4.5,1.5,,,,,,,5.99,4.79,1.53,5.0,4.6,1.5,,,,6.2,4.9,1.56,5.83,4.68,1.51,1.4,3.0,1.43,2.96,1.44,3.16,1.41,2.96,1.25,1.85,2.08,1.85,2.08,1.91,2.11,1.83,2.03,Unknown,1,1,2,4.33,4.33,1.7,4.35,4.55,1.77,4.5,4.6,1.76,1.44,3.05,2.02,1.92,5.5,4.5,1.44,5.95,4.67,1.54,6.4,5.0,1.55,1.47,3.1,1.9,2.09,,,,,,,,,,,,,,,,,,,,,,,,,,,,,,,,,,,,,,,,,,,,,lyon,paris sg
F1,28/02/2025,19:45,Monaco,Reims,3,0,H,2,0,H,23,9,9,5,7,7,7,2,0,0,0,0,1.38,5.0,7.5,,,,,,,1.38,5.37,8.33,1.36,5.0,7.0,,,,1.42,5.64,8.4,1.38,5.24,7.85,1.44,2.75,1.49,2.73,1.5,2.9,1.46,2.71,-1.5,2.06,1.87,2.04,1.88,2.08,1.9,2.01,1.85,1.36,5.0,8.0,,,,,,,1.38,5.29,8.46,1.36,5.0,7.5,,,,1.39,5.6,9.2,1.37,5.22,8.25,1.44,2.75,1.47,2.79,1.5,2.9,1.45,2.77,-1.5,2.03,1.9,2.02,1.91,2.05,1.95,1.97,1.88,Unknown,0,0,0,1.36,5.0,8.0,1.4,5.64,8.2,1.39,5.7,8.8,1.51,2.9,2.06,1.9,1.33,5.0,8.5,1.39,5.13,8.55,1.39,5.4,9.6,1.5,2.94,2.05,1.93,,,,,,,,,,,,,,,,,,,,,,,,,,,,,,,,,,,,,,,,,,,,,monaco,reims
F1,01/03/2025,16:00,St Etienne,Nice,1,3,A,1,1,D,12,16,3,9,10,11,3,4,2,1,0,0,5.0,4.0,1.67,,,,,,,4.79,4.21,1.69,4.5,4.0,1.67,,,,5.0,4.35,1.73,4.69,4.13,1.69,1.62,2.3,1.63,2.36,1.68,2.38,1.63,2.31,0.75,2.04,1.89,2.02,1.88,2.04,1.93,1.97,1.86,5.0,4.1,1.65,,,,,,,5.18,4.15,1.68,4.8,4.0,1.62,,,,5.5,4.3,1.68,5.09,4.12,1.65,1.62,2.3,1.67,2.31,1.68,2.43,1.63,2.31,0.75,2.08,1.85,2.07,1.86,2.13,1.87,2.05,1.81,Unknown,2,1,3,5.0,4.0,1.67,4.92,4.35,1.72,5.4,4.2,1.73,1.64,2.4,2.08,1.9,5.0,4.0,1.62,5.3,4.18,1.66,5.4,4.2,1.72,1.69,2.42,2.1,1.89,,,,,,,,,,,,,,,,,,,,,,,,,,,,,,,,,,,,,,,,,,,,,st etienne,nice
F1,01/03/2025,18:00,Lens,Le Havre,3,4,A,2,2,D,20,8,7,4,12,11,9,2,2,2,0,0,1.38,5.0,7.5,,,,,,,1.38,5.03,8.59,1.4,4.75,7.5,,,,1.43,5.3,9.5,1.37,4.98,8.23,1.67,2.2,1.7,2.23,1.75,2.27,1.69,2.19,-1.25,1.88,2.05,1.88,2.03,1.9,2.05,1.84,2.0,1.4,4.75,7.5,,,,,,,1.41,4.85,8.46,1.4,4.5,7.5,,,,1.45,5.0,9.5,1.4,4.78,8.16,1.8,2.0,1.83,2.07,1.9,2.14,1.8,2.04,-1.25,1.95,1.98,1.96,1.96,2.0,2.0,1.92,1.94,Unknown,2,2,4,1.36,5.0,8.5,1.43,5.15,8.3,1.42,5.2,9.0,1.73,2.28,1.91,2.04,1.36,4.6,8.0,1.45,4.87,7.4,1.44,5.0,9.2,1.86,2.14,1.97,1.98,,,,,,,,,,,,,,,,,,,,,,,,,,,,,,,,,,,,,,,,,,,,,lens,le havre
F1,01/03/2025,20:05,Paris SG,Lille,4,1,H,4,0,H,26,6,11,2,6,10,9,3,0,1,0,0,1.4,4.75,7.5,,,,,,,1.39,5.36,7.62,1.4,4.8,6.5,,,,1.44,5.5,7.9,1.39,5.18,7.34,1.5,2.63,1.49,2.69,1.51,2.85,1.47,2.66,-1.25,1.85,2.08,1.84,2.08,1.88,2.11,1.82,2.02,1.33,5.25,8.5,,,,,,,1.35,5.43,9.13,1.33,5.0,8.0,,,,1.4,5.7,9.5,1.34,5.34,8.72,1.57,2.38,1.58,2.49,1.6,2.75,1.55,2.48,-1.5,2.01,1.92,2.01,1.92,2.01,1.97,1.95,1.9,Unknown,0,1,1,1.36,5.0,7.5,1.44,5.35,7.55,1.41,5.7,8.2,1.52,2.8,1.85,2.11,1.3,5.0,9.0,1.36,5.41,9.12,1.37,5.8,10.0,1.58,2.68,2.0,1.98,,,,,,,,,,,,,,,,,,,,,,,,,,,,,,,,,,,,,,,,,,,,,paris sg,lille
F1,02/03/2025,14:00,Lyon,Brest,2,1,H,1,1,D,10,15,4,5,16,12,2,5,2,1,0,0,1.65,3.9,5.25,,,,,,,1.68,4.19,4.96,1.65,4.0,4.8,,,,1.7,4.35,5.25,1.66,4.09,4.92,1.73,2.1,1.7,2.23,1.76,2.28,1.68,2.22,-0.75,1.85,2.08,1.85,2.06,1.86,2.08,1.81,2.02,1.7,3.9,4.5,,,,,,,1.74,4.12,4.74,1.73,3.8,4.5,,,,1.77,4.2,5.0,1.71,4.03,4.67,1.62,2.3,1.63,2.39,1.67,2.42,1.62,2.32,-0.75,1.89,1.92,1.93,1.98,1.97,2.05,1.89,1.96,Unknown,2,1,3,1.65,4.0,5.0,1.7,4.35,5.07,1.7,4.1,5.6,1.73,2.2,1.86,2.09,1.67,3.75,4.5,1.74,4.04,4.85,1.77,4.1,5.0,1.67,2.46,1.96,2.01,,,,,,,,,,,,,,,,,,,,,,,,,,,,,,,,,,,,,,,,,,,,,lyon,brest
F1,02/03/2025,16:15,Angers,Toulouse,0,4,A,0,0,D,5,19,1,13,13,9,4,9,3,3,0,0,3.3,3.1,2.35,,,,,,,3.3,3.28,2.35,3.25,3.1,2.25,,,,3.37,3.33,2.39,3.24,3.21,2.32,2.3,1.62,2.36,1.64,2.38,1.68,2.3,1.63,0.25,1.9,2.03,1.89,2.01,1.9,2.03,1.85,1.94,3.8,3.3,2.05,,,,,,,4.09,3.28,2.09,3.75,3.1,2.05,,,,4.1,3.38,2.11,3.94,3.27,2.06,2.3,1.62,2.41,1.63,2.42,1.68,2.31,1.63,0.5,1.84,2.09,1.84,2.1,1.85,2.12,1.81,2.05,Unknown,3,3,6,3.25,3.25,2.3,3.37,3.33,2.39,3.4,3.3,2.4,2.38,1.67,1.91,2.04,3.9,3.1,2.05,3.88,3.38,2.1,4.1,3.35,2.16,2.44,1.67,1.84,2.16,,,,,,,,,,,,,,,,,,,,,,,,,,,,,,,,,,,,,,,,,,,,,angers,toulouse
F1,02/03/2025,16:15,Auxerre,Strasbourg,0,1,A,0,0,D,14,6,5,3,10,10,5,3,1,3,0,1,2.8,3.4,2.5,,,,,,,2.86,3.35,2.59,2.8,3.3,2.45,,,,2.9,3.52,2.6,2.83,3.33,2.52,1.87,2.03,1.85,2.04,1.88,2.1,1.83,2.01,0.0,2.07,1.86,2.06,1.86,2.09,1.87,2.03,1.83,3.0,3.4,2.38,,,,,,,3.17,3.37,2.41,2.9,3.2,2.4,,,,3.18,3.46,2.51,3.05,3.32,2.42,1.88,2.02,1.92,1.99,1.97,2.02,1.9,1.94,0.25,1.86,2.07,1.86,2.07,1.89,2.11,1.81,2.02,Unknown,1,5,6,2.88,3.4,2.45,2.9,3.52,2.59,2.92,3.55,2.6,1.86,2.02,2.12,1.86,3.0,3.2,2.4,3.18,3.46,2.34,3.15,3.4,2.5,1.96,2.02,1.86,2.15,,,,,,,,,,,,,,,,,,,,,,,,,,,,,,,,,,,,,,,,,,,,,auxerre,strasbourg
F1,02/03/2025,16:15,Montpellier,Rennes,0,4,A,0,1,A,16,15,5,9,15,15,6,5,2,1,0,0,3.5,3.4,2.1,,,,,,,3.62,3.53,2.11,3.4,3.4,2.05,,,,3.65,3.65,2.14,3.49,3.49,2.09,1.85,2.05,1.85,2.04,1.88,2.07,1.82,2.01,0.25,2.09,1.84,2.09,1.83,2.1,1.84,2.03,1.78,3.75,3.5,2.0,,,,,,,3.94,3.53,2.03,3.9,3.3,1.95,,,,3.99,3.68,2.12,3.82,3.49,2.02,1.95,1.95,1.95,1.95,2.0,2.05,1.9,1.94,0.5,1.87,2.06,1.88,2.04,1.91,2.06,1.85,2.02,Unknown,2,1,3,3.5,3.5,2.1,3.65,3.65,2.14,3.85,3.65,2.14,1.83,2.04,2.17,1.84,3.9,3.4,1.95,3.99,3.57,2.0,4.1,3.65,2.04,1.92,2.06,1.94,2.04,,,,,,,,,,,,,,,,,,,,,,,,,,,,,,,,,,,,,,,,,,,,,montpellier,rennes
F1,02/03/2025,19:45,Marseille,Nantes,2,0,H,0,0,D,21,8,5,2,14,15,3,2,1,2,0,0,1.4,5.0,7.0,,,,,,,1.41,5.27,7.16,1.36,4.8,7.5,,,,1.42,5.3,8.3,1.4,5.03,7.29,1.62,2.3,1.61,2.41,1.65,2.44,1.6,2.36,-1.25,1.89,2.04,1.88,2.03,1.91,2.04,1.86,1.97,1.33,5.5,8.0,,,,,,,1.34,5.59,9.17,1.33,5.0,8.0,,,,1.36,5.64,9.17,1.34,5.4,8.54,1.57,2.38,1.6,2.48,1.61,2.5,1.56,2.43,-1.5,1.99,1.94,2.0,1.93,2.02,1.94,1.97,1.88,Unknown,1,2,3,1.36,5.0,8.0,1.42,5.3,8.3,1.41,5.5,8.2,1.62,2.44,1.88,2.02,1.29,5.0,8.5,1.36,5.64,8.55,1.37,5.7,10.0,1.64,2.52,2.03,1.93,,,,,,,,,,,,,,,,,,,,,,,,,,,,,,,,,,,,,,,,,,,,,marseille,nantes
F1,07/03/2025,19:45,Toulouse,Monaco,1,1,D,0,1,A,8,13,3,3,16,17,3,5,1,3,0,0,3.25,3.5,2.15,,,,,,,3.4,3.63,2.16,3.2,3.5,2.1,,,,3.4,3.83,2.22,3.28,3.6,2.15,1.73,2.1,1.74,2.17,1.78,2.23,1.72,2.14,0.25,2.02,1.88,2.03,1.88,2.03,1.9,1.98,1.83,3.2,3.4,2.2,,,,,,,3.3,3.53,2.26,3.0,3.5,2.2,,,,3.43,3.72,2.29,3.22,3.51,2.22,1.8,2.0,1.81,2.08,1.82,2.29,1.76,2.09,0.25,1.95,1.98,1.96,1.96,2.0,1.98,1.92,1.9,Unknown,1,3,4,3.3,3.6,2.15,3.35,3.83,2.19,3.35,3.7,2.2,1.79,2.22,2.03,1.95,3.3,3.5,2.1,3.43,3.5,2.21,3.35,3.7,2.2,1.82,2.2,2.02,1.97,,,,,,,,,,,,,,,,,,,,,,,,,,,,,,,,,,,,,,,,,,,,,toulouse,monaco
F1,08/03/2025,16:00,Rennes,Paris SG,1,4,A,0,1,A,13,19,3,9,11,6,3,2,2,3,0,0,4.75,3.9,1.7,,,,,,,4.61,4.04,1.75,4.4,4.0,1.7,,,,4.8,4.29,1.76,4.58,3.99,1.72,1.67,2.2,1.7,2.23,1.71,2.3,1.67,2.22,0.75,1.95,1.95,1.95,1.95,1.97,1.96,1.92,1.9,4.5,4.2,1.67,,,,,,,4.92,4.21,1.69,4.6,4.0,1.65,,,,5.25,4.32,1.75,4.8,4.1,1.68,1.5,2.63,1.52,2.64,1.61,2.66,1.52,2.55,0.75,2.05,1.88,2.05,1.88,2.25,1.88,2.03,1.83,Unknown,2,3,5,4.75,3.9,1.73,4.76,4.29,1.75,5.0,4.2,1.76,1.7,2.34,2.0,1.95,4.6,4.0,1.57,4.82,4.32,1.69,5.0,4.5,1.71,1.56,2.74,2.11,1.88,,,,,,,,,,,,,,,,,,,,,,,,,,,,,,,,,,,,,,,,,,,,,rennes,paris sg
F1,08/03/2025,18:00,Lille,Montpellier,1,0,H,0,0,D,18,10,8,3,11,12,7,1,2,3,0,0,1.37,4.75,7.5,,,,,,,1.41,5.13,7.44,1.4,4.8,7.0,,,,1.45,5.2,8.5,1.4,4.94,7.45,1.62,2.3,1.65,2.34,1.67,2.4,1.62,2.31,-1.25,1.9,2.0,1.92,1.99,1.92,2.0,1.87,1.96,1.42,4.5,7.0,,,,,,,1.42,4.9,7.97,1.4,4.6,7.0,,,,1.46,5.2,8.6,1.41,4.83,7.63,1.62,2.15,1.69,2.28,1.7,2.35,1.66,2.24,-1.25,1.96,1.97,1.96,1.96,1.96,2.04,1.89,1.95,Unknown,2,3,5,1.36,5.0,8.0,1.45,5.1,7.8,1.42,5.2,7.8,1.66,2.38,1.91,2.05,1.33,4.5,8.0,1.46,4.67,7.56,1.42,5.1,7.8,1.73,2.36,1.99,1.99,,,,,,,,,,,,,,,,,,,,,,,,,,,,,,,,,,,,,,,,,,,,,lille,montpellier
F1,08/03/2025,20:05,Marseille,Lens,0,1,A,0,0,D,15,3,6,2,15,12,7,0,3,1,0,0,1.53,4.33,6.0,,,,,,,1.53,4.6,5.91,1.53,4.2,5.5,,,,1.56,4.8,6.2,1.52,4.49,5.83,1.62,2.3,1.61,2.4,1.63,2.45,1.61,2.34,-1.0,1.89,2.01,1.88,2.02,1.89,2.05,1.85,1.98,1.5,4.33,6.0,,,,,,,1.51,4.5,6.72,1.5,4.2,5.8,,,,1.57,4.7,6.8,1.5,4.46,6.35,1.67,2.2,1.7,2.24,1.7,2.35,1.65,2.26,-1.0,1.79,2.02,1.85,2.09,1.86,2.12,1.82,2.04,Unknown,3,1,4,1.53,4.5,6.0,1.56,4.71,6.11,1.6,4.6,5.7,1.64,2.46,1.9,2.05,1.44,4.33,6.5,1.57,4.47,5.95,1.6,4.7,5.7,1.75,2.32,1.86,2.14,,,,,,,,,,,,,,,,,,,,,,,,,,,,,,,,,,,,,,,,,,,,,marseille,lens
F1,09/03/2025,14:00,Brest,Angers,2,0,H,1,0,H,19,7,7,1,14,8,6,6,1,1,0,0,1.73,3.6,5.0,,,,,,,1.75,3.81,4.97,1.75,3.6,4.5,,,,1.8,3.92,5.0,1.75,3.71,4.72,1.97,1.81,1.99,1.9,2.02,1.92,1.95,1.85,-0.75,1.98,1.92,1.98,1.93,2.02,1.93,1.96,1.86,1.65,3.6,5.5,,,,,,,1.69,3.75,5.82,1.67,3.6,5.0,,,,1.74,3.91,5.82,1.68,3.73,5.44,2.0,1.8,1.99,1.92,2.09,1.94,1.98,1.85,-1.0,2.15,1.68,2.22,1.74,2.29,1.74,2.21,1.69,Unknown,1,1,2,1.75,3.75,5.0,1.8,3.92,4.87,1.89,3.85,4.7,2.06,1.89,2.01,1.93,1.6,3.6,5.0,1.74,3.91,5.43,1.89,3.9,4.7,2.12,1.88,2.31,1.74,,,,,,,,,,,,,,,,,,,,,,,,,,,,,,,,,,,,,,,,,,,,,brest,angers
F1,09/03/2025,16:15,Le Havre,St Etienne,1,1,D,1,1,D,13,12,7,3,9,17,5,6,2,3,0,0,2.3,3.4,3.1,,,,,,,2.38,3.53,3.04,2.3,3.4,2.88,,,,2.4,3.74,3.1,2.34,3.44,2.97,1.85,2.05,1.85,2.05,1.89,2.07,1.83,2.0,-0.25,2.05,1.85,2.07,1.85,2.07,1.85,2.02,1.81,2.45,3.4,2.88,,,,,,,2.48,3.42,3.01,2.3,3.3,3.0,,,,2.48,3.53,3.3,2.35,3.4,3.06,1.93,1.97,1.94,1.96,1.99,1.98,1.91,1.92,-0.25,2.08,1.73,2.14,1.81,2.14,1.91,2.03,1.82,Unknown,2,3,5,2.3,3.4,3.0,2.39,3.74,3.03,2.26,3.55,2.8,1.84,2.14,2.08,1.89,2.2,3.25,3.0,2.28,3.47,3.3,2.26,3.5,2.8,1.96,2.02,2.07,1.92,,,,,,,,,,,,,,,,,,,,,,,,,,,,,,,,,,,,,,,,,,,,,le havre,st etienne
F1,09/03/2025,16:15,Nantes,Strasbourg,0,1,A,0,0,D,11,9,2,1,12,17,3,9,1,1,0,0,2.6,3.25,2.75,,,,,,,2.65,3.32,2.82,2.5,3.3,2.7,,,,2.68,3.52,2.83,2.58,3.3,2.75,2.07,1.83,2.07,1.83,2.1,1.86,2.02,1.8,0.0,1.88,2.02,1.89,2.02,1.93,2.02,1.86,1.99,2.88,3.4,2.4,,,,,,,3.02,3.4,2.49,2.8,3.4,2.4,,,,3.1,3.5,2.54,2.94,3.4,2.42,1.92,1.98,1.91,2.0,1.92,2.06,1.85,1.98,0.25,1.73,2.08,1.81,2.15,1.86,2.16,1.78,2.05,Unknown,1,1,2,2.6,3.25,2.8,2.67,3.52,2.81,2.46,3.35,2.64,2.04,1.83,1.89,1.97,2.8,3.2,2.3,3.1,3.5,2.37,2.46,3.5,2.64,1.92,2.04,1.84,2.17,,,,,,,,,,,,,,,,,,,,,,,,,,,,,,,,,,,,,,,,,,,,,nantes,strasbourg
F1,09/03/2025,16:15,Reims,Auxerre,0,2,A,0,2,A,18,13,4,9,9,13,6,12,1,1,0,0,2.4,3.3,3.0,,,,,,,2.54,3.26,3.01,2.45,3.3,2.8,,,,2.55,3.52,3.01,2.46,3.26,2.94,2.04,1.86,2.05,1.84,2.07,1.88,2.01,1.82,-0.25,2.1,1.8,2.16,1.76,2.17,1.8,2.1,1.75,2.5,3.3,2.88,,,,,,,2.61,3.27,2.95,2.45,3.1,3.0,,,,2.61,3.37,3.2,2.49,3.26,2.96,2.03,1.87,2.04,1.88,2.13,1.9,2.0,1.84,-0.25,2.1,1.7,2.22,1.74,2.22,1.95,2.1,1.76,Unknown,1,1,2,2.4,3.3,3.0,2.53,3.52,2.98,2.32,3.4,2.94,2.06,1.86,2.17,1.8,2.3,3.1,2.9,2.46,3.37,3.06,2.32,3.35,2.94,2.06,1.93,2.22,1.81,,,,,,,,,,,,,,,,,,,,,,,,,,,,,,,,,,,,,,,,,,,,,reims,auxerre
F1,09/03/2025,19:45,Nice,Lyon,0,2,A,0,0,D,18,8,4,5,12,11,9,2,1,2,0,0,2.0,3.7,3.5,,,,,,,2.07,3.64,3.63,2.0,3.7,3.3,,,,2.09,3.96,3.65,2.04,3.64,3.46,1.62,2.3,1.64,2.35,1.68,2.41,1.62,2.32,-0.5,2.06,1.84,2.08,1.84,2.1,1.85,2.05,1.8,2.1,3.5,3.3,,,,,,,2.16,3.61,3.46,2.1,3.4,3.4,,,,2.23,3.65,3.68,2.12,3.55,3.42,1.73,2.1,1.78,2.14,1.78,2.3,1.73,2.14,-0.5,2.08,1.73,2.16,1.78,2.2,1.82,2.11,1.77,Unknown,1,2,3,2.05,3.7,3.5,2.06,3.96,3.61,2.12,3.8,3.8,1.66,2.38,2.1,1.87,2.05,3.5,3.4,2.23,3.61,3.28,2.12,3.75,3.8,1.81,2.22,2.17,1.84,,,,,,,,,,,,,,,,,,,,,,,,,,,,,,,,,,,,,,,,,,,,,nice,lyon
F1,14/03/2025,19:45,Nice,Auxerre,1,1,D,1,0,H,20,10,6,4,14,18,7,3,1,3,1,0,1.57,3.9,6.0,,,,,,,1.61,4.17,5.7,1.57,4.0,5.0,,,,1.66,4.35,6.0,1.6,4.1,5.54,1.73,2.1,1.76,2.14,1.8,2.24,1.73,2.13,-1.0,2.05,1.88,2.04,1.87,2.06,1.9,2.0,1.85,1.57,4.2,5.5,,,,,,,1.59,4.22,6.0,1.62,4.0,5.0,,,,1.67,4.3,6.0,1.6,4.14,5.56,1.8,2.0,1.8,2.1,1.83,2.22,1.75,2.11,-1.0,2.03,1.9,2.0,1.92,2.07,1.92,1.99,1.87,Unknown,3,3,6,1.57,4.1,5.5,1.65,4.35,5.63,1.63,4.3,6.2,1.79,2.24,2.05,1.89,1.53,4.0,5.5,1.59,4.3,5.87,1.62,4.3,6.6,1.83,2.18,2.03,1.95,,,,,,,,,,,,,,,,,,,,,,,,,,,,,,,,,,,,,,,,,,,,,nice,auxerre
F1,15/03/2025,16:00,Nantes,Lille,1,0,H,0,0,D,10,13,3,4,9,15,3,5,2,3,1,0,3.6,3.2,2.15,,,,,,,3.64,3.38,2.16,3.4,3.3,2.1,,,,3.69,3.46,2.2,3.54,3.34,2.14,2.1,1.73,2.13,1.77,2.15,1.82,2.08,1.76,0.25,2.04,1.86,2.05,1.86,2.06,1.86,2.0,1.8,4.33,3.2,1.91,,,,,,,4.31,3.45,1.97,3.8,3.3,1.95,,,,4.54,3.48,2.03,4.1,3.38,1.96,2.1,1.73,2.16,1.76,2.16,1.8,2.09,1.76,0.5,1.93,2.0,1.94,1.98,1.96,2.01,1.88,1.98,Unknown,4,3,7,3.6,3.3,2.1,3.69,3.46,2.2,3.7,3.45,2.2,2.14,1.81,2.07,1.88,4.0,3.25,1.95,4.54,3.37,1.94,4.2,3.6,2.02,2.14,1.84,1.96,2.03,,,,,,,,,,,,,,,,,,,,,,,,,,,,,,,,,,,,,,,,,,,,,nantes,lille
F1,15/03/2025,18:00,Angers,Monaco,0,2,A,0,0,D,6,16,2,5,12,11,0,9,1,2,0,0,6.5,4.75,1.42,,,,,,,7.07,4.98,1.44,6.0,4.6,1.44,,,,7.25,5.12,1.48,6.75,4.87,1.43,1.53,2.5,1.55,2.57,1.56,2.6,1.52,2.5,1.25,1.95,1.95,1.97,1.93,1.97,1.98,1.91,1.91,7.5,5.0,1.38,,,,,,,8.01,5.21,1.4,7.0,4.8,1.36,,,,8.5,5.4,1.44,7.74,5.03,1.39,1.5,2.63,1.53,2.64,1.54,2.77,1.5,2.59,1.5,1.85,2.08,1.86,2.07,1.9,2.13,1.83,2.03,Unknown,1,2,3,7.0,5.0,1.4,6.88,5.12,1.48,7.4,5.2,1.47,1.57,2.62,1.97,1.96,8.0,5.0,1.33,7.4,5.13,1.43,8.4,5.7,1.41,1.55,2.78,1.92,2.04,,,,,,,,,,,,,,,,,,,,,,,,,,,,,,,,,,,,,,,,,,,,,angers,monaco
F1,15/03/2025,20:05,Lens,Rennes,1,0,H,0,0,D,9,12,4,5,17,14,5,4,1,1,0,0,2.05,3.5,3.6,,,,,,,2.09,3.5,3.69,2.05,3.3,3.5,,,,2.15,3.6,3.85,2.08,3.45,3.59,1.98,1.92,1.94,1.94,2.01,1.96,1.92,1.9,-0.25,1.75,2.05,1.81,2.1,1.83,2.12,1.78,2.06,2.0,3.4,3.8,,,,,,,2.05,3.47,3.94,2.0,3.3,3.7,,,,2.1,3.5,4.0,2.03,3.41,3.8,2.08,1.82,2.08,1.84,2.08,1.88,2.02,1.81,-0.5,2.05,1.88,2.06,1.87,2.07,1.88,2.03,1.83,Unknown,1,1,2,2.1,3.4,3.6,2.13,3.6,3.73,2.12,3.55,3.9,2.0,1.94,1.82,2.2,2.0,3.3,3.8,2.1,3.49,3.75,2.08,3.6,4.1,2.1,1.88,2.08,1.91,,,,,,,,,,,,,,,,,,,,,,,,,,,,,,,,,,,,,,,,,,,,,lens,rennes
F1,16/03/2025,14:00,Lyon,Le Havre,4,2,H,1,2,A,16,14,7,5,20,12,4,1,2,3,0,0,1.36,5.5,7.0,,,,,,,1.37,5.52,7.95,1.36,5.0,7.5,,,,1.4,5.6,9.0,1.36,5.28,7.76,1.53,2.5,1.56,2.52,1.58,2.55,1.53,2.48,-1.5,2.04,1.86,2.04,1.87,2.06,1.89,2.02,1.83,1.27,6.5,9.0,,,,,,,1.26,6.38,10.53,1.25,6.0,10.0,,,,1.3,6.63,11.0,1.26,6.22,10.07,1.44,2.75,1.45,2.86,1.5,2.86,1.45,2.76,-1.75,1.98,1.92,1.95,1.95,2.05,1.95,1.96,1.89,Unknown,2,3,5,1.33,5.0,9.0,1.4,5.54,8.4,1.39,5.5,8.8,1.56,2.58,2.01,1.86,1.22,6.0,9.0,1.3,6.63,9.19,1.29,7.0,11.0,1.5,2.98,1.98,1.97,,,,,,,,,,,,,,,,,,,,,,,,,,,,,,,,,,,,,,,,,,,,,lyon,le havre
F1,16/03/2025,16:15,Brest,Reims,0,0,D,0,0,D,11,12,0,2,9,13,4,4,1,3,1,0,1.67,3.9,5.0,,,,,,,1.69,3.96,5.17,1.7,3.7,4.8,,,,1.75,3.99,5.38,1.7,3.87,4.96,1.9,2.0,1.89,1.99,1.93,2.02,1.87,1.97,-0.75,1.91,1.99,1.9,2.01,1.93,2.01,1.88,1.95,1.65,3.75,5.25,,,,,,,1.68,3.79,5.81,1.65,3.6,5.0,,,,1.75,3.87,6.0,1.67,3.75,5.5,2.05,1.85,2.06,1.86,2.13,1.88,2.01,1.83,-0.75,1.88,2.02,1.88,2.05,1.89,2.07,1.85,2.0,Unknown,3,3,6,1.7,3.8,5.0,1.73,3.98,5.38,1.75,3.95,5.3,1.92,2.0,1.95,1.99,1.62,3.6,5.5,1.68,3.87,5.64,1.72,3.9,6.0,2.06,1.92,1.91,2.07,,,,,,,,,,,,,,,,,,,,,,,,,,,,,,,,,,,,,,,,,,,,,brest,reims
F1,16/03/2025,16:15,Montpellier,St Etienne,0,2,A,0,1,A,13,11,3,6,4,7,4,6,1,3,0,1,2.2,3.5,3.2,,,,,,,2.25,3.77,3.09,2.2,3.6,3.0,,,,2.29,3.83,3.25,2.2,3.66,3.09,1.67,2.2,1.71,2.23,1.75,2.28,1.66,2.2,-0.25,1.97,1.93,1.97,1.93,1.98,1.98,1.92,1.91,2.3,3.5,3.0,,,,,,,2.3,3.74,3.07,2.3,3.5,2.8,,,,2.42,3.74,3.19,2.34,3.57,2.94,1.67,2.2,1.68,2.31,1.73,2.31,1.67,2.22,-0.25,2.02,1.88,2.02,1.91,2.07,1.91,2.01,1.83,Unknown,1,5,6,2.15,3.6,3.25,2.29,3.83,3.15,2.28,3.75,3.2,1.7,2.26,1.98,1.96,2.3,3.5,2.88,2.33,3.48,3.19,2.44,3.75,3.05,1.72,2.34,2.12,1.88,,,,,,,,,,,,,,,,,,,,,,,,,,,,,,,,,,,,,,,,,,,,,montpellier,st etienne
F1,16/03/2025,16:15,Strasbourg,Toulouse,2,1,H,0,1,A,10,11,3,7,10,14,4,3,0,2,0,0,2.25,3.25,3.25,,,,,,,2.34,3.43,3.17,2.3,3.25,3.0,,,,2.41,3.5,3.26,2.31,3.34,3.14,2.05,1.68,2.13,1.77,2.15,1.83,2.08,1.76,-0.25,2.0,1.9,2.02,1.88,2.03,1.93,1.98,1.85,2.6,3.2,2.8,,,,,,,2.63,3.33,2.89,2.62,3.1,2.7,,,,2.73,3.35,2.94,2.6,3.25,2.81,2.0,1.8,2.12,1.79,2.14,1.82,2.06,1.77,0.0,1.87,2.03,1.87,2.06,1.93,2.06,1.86,2.0,Unknown,0,2,2,2.3,3.3,3.25,2.41,3.4,3.26,2.34,3.4,3.3,2.12,1.8,2.01,1.91,2.55,3.2,2.75,2.59,3.28,2.94,2.74,3.4,2.9,2.12,1.87,1.94,2.05,,,,,,,,,,,,,,,,,,,,,,,,,,,,,,,,,,,,,,,,,,,,,strasbourg,toulouse
F1,16/03/2025,19:45,Paris SG,Marseille,3,1,H,2,0,H,16,11,5,2,7,9,5,5,1,0,0,0,1.45,5.0,6.0,,,,,,,1.43,5.41,6.53,1.44,4.75,5.8,,,,1.5,5.41,6.6,1.44,5.08,6.26,1.37,3.0,1.4,3.07,1.43,3.1,1.39,2.95,-1.25,1.92,1.98,1.93,1.98,1.96,2.0,1.9,1.93,1.33,5.5,8.0,,,,,,,1.33,5.65,9.02,1.35,5.0,8.0,,,,1.37,6.0,9.2,1.33,5.48,8.45,1.5,2.63,1.5,2.68,1.52,2.95,1.48,2.67,-1.5,1.97,1.93,1.98,1.94,1.99,1.97,1.94,1.91,Unknown,1,0,1,1.44,5.0,6.0,1.49,5.22,6.52,1.48,5.5,6.8,1.43,3.1,1.9,1.83,1.25,5.0,8.0,1.37,5.79,8.7,1.36,5.9,10.0,1.53,2.86,1.98,1.98,,,,,,,,,,,,,,,,,,,,,,,,,,,,,,,,,,,,,,,,,,,,,paris sg,marseille
F1,28/03/2025,19:45,Strasbourg,Lyon,4,2,H,0,0,D,14,16,7,11,12,15,6,5,2,2,0,0,2.7,3.6,2.45,,,,,,,2.8,3.71,2.46,,,,,,,2.85,3.83,2.5,2.74,3.65,2.42,1.67,2.2,1.69,2.26,1.72,2.34,1.66,2.23,0.0,2.06,1.84,2.09,1.83,2.11,1.86,2.05,1.83,2.55,3.6,2.55,,,,,,,2.71,3.62,2.62,,,,,,,2.85,3.71,2.62,2.67,3.56,2.54,1.67,2.2,1.7,2.27,1.7,2.32,1.66,2.22,0.0,1.98,1.92,2.0,1.93,2.02,1.93,1.99,1.89,Unknown,2,2,4,2.8,3.75,2.4,2.84,3.83,2.48,2.88,3.75,2.54,1.7,2.38,2.12,1.86,2.75,3.5,2.4,2.74,3.71,2.53,2.72,3.7,2.7,1.76,2.3,2.0,1.99,,,,,,,,,,,,,,,,,,,,,,,,,,,,,,,,,,,,,,,,,,,,,strasbourg,lyon
F1,29/03/2025,16:00,Reims,Marseille,3,1,H,1,0,H,7,20,5,8,6,9,0,12,0,0,0,0,5.5,4.2,1.57,,,,,,,5.75,4.24,1.59,,,,,,,5.75,4.43,1.63,5.48,4.18,1.59,1.73,2.1,1.75,2.15,1.8,2.18,1.74,2.09,1.0,1.88,2.02,1.88,2.03,1.9,2.03,1.84,2.0,5.0,4.1,1.62,,,,,,,5.52,3.98,1.67,,,,,,,5.78,4.14,1.69,5.25,3.94,1.64,1.8,2.0,1.81,2.08,1.9,2.16,1.79,2.03,0.75,2.09,1.84,2.07,1.86,2.12,1.86,2.06,1.8,Unknown,0,0,0,5.5,4.33,1.57,5.71,4.43,1.63,5.9,4.4,1.62,1.8,2.18,1.89,2.04,4.75,3.8,1.62,5.12,4.14,1.69,6.0,4.0,1.7,1.85,2.16,2.1,1.88,,,,,,,,,,,,,,,,,,,,,,,,,,,,,,,,,,,,,,,,,,,,,reims,marseille
F1,29/03/2025,18:00,St Etienne,Paris SG,1,6,A,1,1,D,11,22,2,10,9,12,3,6,2,0,0,0,17.0,8.5,1.14,,,,,,,16.8,9.67,1.14,,,,,,,19.0,10.4,1.16,16.45,9.12,1.13,1.22,4.33,,,1.25,4.6,1.2,4.19,2.5,1.91,1.99,1.93,1.96,1.93,2.06,1.88,1.95,10.0,6.25,1.27,,,,,,,10.42,6.97,1.25,,,,,,,13.0,7.5,1.27,10.63,6.88,1.23,1.25,4.0,,,1.26,4.1,1.24,3.92,2.0,1.75,2.05,1.81,2.07,2.02,2.07,1.86,1.98,Unknown,2,0,2,19.0,10.0,1.13,18.0,10.4,1.16,20.0,10.0,1.16,1.24,4.6,1.9,1.99,13.0,7.5,1.15,12.3,7.0,1.24,14.0,7.8,1.24,1.29,4.4,2.0,1.95,,,,,,,,,,,,,,,,,,,,,,,,,,,,,,,,,,,,,,,,,,,,,st etienne,paris sg
F1,29/03/2025,20:05,Monaco,Nice,2,1,H,0,1,A,17,9,6,4,17,14,7,4,2,4,0,1,1.9,3.9,3.75,,,,,,,1.93,3.88,3.89,,,,,,,1.96,3.95,3.95,1.9,3.83,3.76,1.62,2.3,1.65,2.34,1.68,2.38,1.61,2.31,-0.5,1.93,1.97,1.93,1.97,1.93,1.97,1.91,1.94,1.9,3.8,3.8,,,,,,,1.92,3.8,4.09,,,,,,,1.95,3.98,4.25,1.87,3.83,3.95,1.62,2.3,1.68,2.31,1.68,2.42,1.62,2.31,-0.5,1.93,2.0,1.93,2.0,1.93,2.07,1.88,1.98,Unknown,2,6,8,1.91,3.8,3.8,1.96,3.95,3.95,1.98,4.0,4.0,1.65,2.44,1.98,2.0,1.9,3.75,3.75,1.84,3.98,4.25,1.9,4.0,4.4,1.68,2.42,1.9,2.09,,,,,,,,,,,,,,,,,,,,,,,,,,,,,,,,,,,,,,,,,,,,,monaco,nice
F1,30/03/2025,14:00,Toulouse,Brest,2,4,A,0,2,A,17,10,4,5,10,18,10,3,0,5,0,0,2.0,3.25,4.1,,,,,,,2.02,3.39,4.11,,,,,,,2.08,3.45,4.11,2.02,3.35,3.87,2.1,1.73,2.14,1.76,2.18,1.8,2.11,1.73,-0.5,2.04,1.86,2.03,1.88,2.05,1.88,2.02,1.84,2.0,3.4,3.8,,,,,,,2.04,3.43,4.07,,,,,,,2.1,3.49,4.07,2.03,3.38,3.81,2.0,1.8,2.1,1.83,2.12,1.88,2.04,1.78,-0.5,2.04,1.89,2.04,1.88,2.05,1.89,2.02,1.84,Unknown,0,5,5,2.05,3.3,3.9,2.08,3.44,4.08,2.08,3.4,4.2,2.16,1.79,2.08,1.9,2.1,3.3,3.5,2.1,3.49,3.75,2.08,3.55,4.2,2.14,1.86,2.08,1.92,,,,,,,,,,,,,,,,,,,,,,,,,,,,,,,,,,,,,,,,,,,,,toulouse,brest
F1,30/03/2025,16:15,Angers,Rennes,0,3,A,0,1,A,9,14,4,6,10,16,6,5,1,0,0,0,4.2,3.6,1.82,,,,,,,4.27,3.55,1.93,,,,,,,4.38,3.7,1.95,4.1,3.55,1.89,2.0,1.9,2.0,1.89,2.02,1.92,1.95,1.86,0.5,1.99,1.91,1.97,1.93,1.99,1.95,1.94,1.91,3.8,3.25,2.05,,,,,,,4.07,3.28,2.09,,,,,,,4.07,3.49,2.15,3.77,3.29,2.07,2.1,1.73,2.14,1.78,2.16,1.84,2.06,1.77,0.5,1.85,2.08,1.84,2.1,1.85,2.15,1.78,2.1,Unknown,1,0,1,4.2,3.6,1.87,4.38,3.66,1.95,4.3,3.75,1.94,2.02,1.9,2.01,1.94,3.7,3.1,2.0,4.06,3.49,2.01,4.0,3.4,2.14,2.06,1.92,1.85,2.14,,,,,,,,,,,,,,,,,,,,,,,,,,,,,,,,,,,,,,,,,,,,,angers,rennes
F1,30/03/2025,16:15,Auxerre,Montpellier,1,0,H,0,0,D,21,12,6,1,14,14,10,6,3,1,0,0,1.69,3.8,4.5,,,,,,,1.77,3.9,4.65,,,,,,,1.82,4.02,4.9,1.75,3.82,4.5,1.8,2.0,1.79,2.1,1.83,2.14,1.77,2.05,-0.75,2.0,1.9,2.01,1.9,2.01,1.91,1.95,1.87,1.8,3.75,4.1,,,,,,,1.86,3.85,4.29,,,,,,,1.86,4.0,4.8,1.8,3.8,4.27,1.73,2.1,1.77,2.14,1.82,2.17,1.74,2.09,-0.75,2.05,1.75,2.11,1.81,2.11,1.92,2.04,1.81,Unknown,3,1,4,1.75,4.0,4.6,1.82,4.02,4.64,1.8,4.0,4.9,1.81,2.14,2.02,1.94,1.62,3.8,4.5,1.83,3.88,4.42,1.89,3.9,4.6,1.83,2.18,2.14,1.85,,,,,,,,,,,,,,,,,,,,,,,,,,,,,,,,,,,,,,,,,,,,,auxerre,montpellier
F1,30/03/2025,16:15,Le Havre,Nantes,3,2,H,2,1,H,16,7,5,2,16,9,3,4,1,2,0,0,3.1,3.2,2.37,,,,,,,3.13,3.4,2.38,,,,,,,3.19,3.4,2.5,3.03,3.28,2.38,2.1,1.73,2.15,1.76,2.18,1.8,2.1,1.73,0.25,1.84,2.06,1.86,2.05,1.86,2.12,1.81,1.98,3.1,3.1,2.45,,,,,,,3.19,3.26,2.45,,,,,,,3.23,3.32,2.51,3.05,3.2,2.42,2.2,1.67,2.3,1.68,2.35,1.71,2.2,1.67,0.25,1.7,2.1,1.84,2.1,1.84,2.13,1.78,2.01,Unknown,1,2,3,3.1,3.1,2.3,3.19,3.4,2.45,3.25,3.35,2.42,2.16,1.79,1.88,2.08,2.9,3.0,2.2,3.23,3.2,2.45,3.2,3.4,2.52,2.3,1.75,1.85,2.14,,,,,,,,,,,,,,,,,,,,,,,,,,,,,,,,,,,,,,,,,,,,,le havre,nantes
F1,30/03/2025,19:45,Lille,Lens,1,0,H,1,0,H,11,5,5,2,13,15,6,2,1,3,0,0,2.0,3.4,3.75,,,,,,,2.03,3.53,3.85,,,,,,,2.1,3.68,3.86,2.01,3.48,3.7,2.06,1.84,2.05,1.85,2.08,1.87,2.01,1.81,-0.5,2.05,1.85,2.04,1.87,2.07,1.87,2.02,1.83,2.05,3.3,3.75,,,,,,,2.09,3.4,3.91,,,,,,,2.11,3.5,4.28,2.01,3.36,3.94,2.08,1.82,2.1,1.81,2.15,1.82,2.07,1.76,-0.5,2.1,1.83,2.1,1.84,2.11,1.85,2.03,1.83,Unknown,1,3,4,2.0,3.5,3.8,2.06,3.68,3.86,2.06,3.5,3.95,2.04,1.85,2.06,1.86,2.05,3.3,3.7,2.01,3.39,4.21,2.02,3.5,4.4,2.18,1.82,2.02,1.96,,,,,,,,,,,,,,,,,,,,,,,,,,,,,,,,,,,,,,,,,,,,,lille,lens
F1,04/04/2025,19:45,Nice,Nantes,1,2,A,1,2,A,21,8,9,4,9,14,11,2,1,1,0,0,1.5,4.2,6.5,,,,,,,1.52,4.46,6.6,,,,,,,1.56,4.54,7.0,1.51,4.35,6.43,1.73,2.1,1.79,2.12,1.82,2.16,1.76,2.08,-1.0,1.85,2.05,1.88,2.06,1.89,2.06,1.84,2.0,1.48,4.2,7.0,,,,,,,1.5,4.52,6.77,,,,,,,1.53,4.52,7.17,1.48,4.39,6.78,1.73,2.1,1.72,2.21,1.74,2.25,1.7,2.15,-1.0,1.81,2.09,1.83,2.12,1.83,2.12,1.79,2.07,Unknown,1,1,2,1.47,4.5,7.0,1.56,4.54,6.54,1.55,4.5,7.2,1.81,2.2,1.88,2.07,1.4,4.33,7.0,1.52,4.3,7.17,1.51,4.8,7.4,1.76,2.28,1.84,2.15,,,,,,,,,,,,,,,,,,,,,,,,,,,,,,,,,,,,,,,,,,,,,nice,nantes
F1,05/04/2025,16:00,Paris SG,Angers,1,0,H,0,0,D,20,5,6,0,7,12,5,1,0,3,0,0,1.14,8.0,19.0,,,,,,,1.14,9.54,16.09,,,,,,,1.15,11.3,22.0,1.13,9.11,17.68,1.25,4.0,1.29,3.29,1.25,4.1,1.23,3.89,-2.5,2.0,1.9,1.98,1.91,2.02,1.92,1.96,1.87,1.14,8.5,19.0,,,,,,,1.13,9.74,20.32,,,,,,,1.15,10.0,21.0,1.13,9.17,18.34,1.25,4.0,1.29,3.29,1.25,4.5,1.23,3.95,-2.5,1.98,1.95,2.0,1.93,2.03,1.96,1.96,1.88,Unknown,0,3,3,1.13,9.5,19.0,1.13,11.3,22.0,1.15,10.5,23.0,1.27,4.3,2.0,1.94,1.1,9.0,17.0,1.14,9.53,21.0,1.15,10.5,23.0,1.28,4.4,1.98,2.0,,,,,,,,,,,,,,,,,,,,,,,,,,,,,,,,,,,,,,,,,,,,,paris sg,angers
F1,05/04/2025,18:00,Brest,Monaco,2,1,H,1,0,H,13,10,4,3,13,16,2,9,3,2,0,0,4.0,3.6,1.9,,,,,,,3.97,3.78,1.93,,,,,,,4.02,3.88,2.0,3.77,3.71,1.93,1.67,2.2,1.67,2.31,1.7,2.35,1.64,2.26,0.5,1.95,1.95,1.96,1.94,1.96,1.98,1.9,1.94,4.5,3.75,1.75,,,,,,,4.57,3.89,1.81,,,,,,,4.63,3.95,1.85,4.36,3.8,1.8,1.57,2.38,1.58,2.5,1.61,2.55,1.56,2.43,0.75,1.88,2.05,1.89,2.03,1.9,2.06,1.84,2.02,Unknown,3,2,5,3.9,3.75,1.91,4.02,3.88,1.97,4.2,3.85,1.96,1.69,2.36,2.02,1.96,4.33,3.75,1.75,4.63,3.86,1.8,4.7,3.95,1.86,1.63,2.56,1.89,2.08,,,,,,,,,,,,,,,,,,,,,,,,,,,,,,,,,,,,,,,,,,,,,brest,monaco
F1,05/04/2025,20:05,Lyon,Lille,2,1,H,1,1,D,10,10,4,4,15,14,1,3,3,2,0,0,2.2,3.6,3.1,,,,,,,2.31,3.6,3.1,,,,,,,2.36,3.65,3.25,2.26,3.56,3.05,1.73,2.1,1.76,2.15,1.8,2.18,1.72,2.12,-0.25,2.0,1.9,2.01,1.9,2.01,1.91,1.96,1.87,2.25,3.5,3.0,,,,,,,2.31,3.5,3.23,,,,,,,2.36,3.61,3.25,2.29,3.52,3.07,1.8,2.0,1.81,2.1,1.86,2.2,1.77,2.07,-0.25,2.01,1.92,2.0,1.93,2.02,1.94,1.97,1.89,Unknown,3,2,5,2.25,3.6,3.1,2.36,3.65,3.15,2.36,3.75,3.2,1.77,2.22,2.04,1.94,2.3,3.5,3.0,2.26,3.61,3.23,2.34,3.6,3.35,1.83,2.18,2.04,1.95,,,,,,,,,,,,,,,,,,,,,,,,,,,,,,,,,,,,,,,,,,,,,lyon,lille
F1,06/04/2025,14:00,Lens,St Etienne,1,0,H,0,0,D,20,8,5,3,14,20,6,3,3,2,0,0,1.55,4.1,6.0,,,,,,,1.55,4.56,5.73,,,,,,,1.66,4.63,6.0,1.55,4.39,5.5,1.62,2.3,1.61,2.41,1.69,2.48,1.59,2.34,-1.0,1.92,1.98,1.9,2.0,1.92,2.0,1.88,1.95,1.57,4.1,5.75,,,,,,,1.6,4.43,5.56,,,,,,,1.64,4.45,5.9,1.6,4.25,5.34,1.53,2.5,1.57,2.53,1.6,2.53,1.55,2.44,-1.0,2.01,1.92,2.0,1.93,2.04,1.94,1.97,1.89,Unknown,3,2,5,1.55,4.4,6.0,1.66,4.63,5.09,1.59,4.5,6.4,1.63,2.44,1.93,2.0,1.57,4.1,5.5,1.61,4.19,5.88,1.64,4.6,5.7,1.61,2.6,2.02,1.94,,,,,,,,,,,,,,,,,,,,,,,,,,,,,,,,,,,,,,,,,,,,,lens,st etienne
F1,06/04/2025,16:15,Montpellier,Le Havre,0,2,A,0,2,A,14,13,6,4,15,7,5,2,1,1,1,0,2.4,3.25,3.0,,,,,,,2.45,3.53,2.93,,,,,,,2.5,3.63,3.0,2.42,3.45,2.86,1.85,1.93,1.92,1.97,1.95,1.99,1.87,1.93,-0.25,2.1,1.8,2.13,1.81,2.13,1.81,2.07,1.77,2.5,3.4,2.8,,,,,,,2.58,3.44,2.87,,,,,,,2.58,3.45,2.93,2.52,3.37,2.82,1.9,2.0,1.93,1.98,1.99,2.0,1.88,1.94,0.0,1.85,2.08,1.86,2.07,1.86,2.11,1.83,2.05,Unknown,3,1,4,2.45,3.4,2.9,2.49,3.63,2.96,2.5,3.55,3.05,1.75,2.0,2.14,1.83,2.45,3.3,2.8,2.55,3.37,2.93,2.62,3.5,2.96,1.94,2.02,1.6,2.13,,,,,,,,,,,,,,,,,,,,,,,,,,,,,,,,,,,,,,,,,,,,,montpellier,le havre
F1,06/04/2025,16:15,Reims,Strasbourg,0,1,A,0,1,A,14,13,7,4,11,9,4,7,2,2,1,1,3.2,3.6,2.15,,,,,,,3.48,3.48,2.18,,,,,,,3.5,3.65,2.21,3.32,3.47,2.15,2.0,1.9,1.99,1.89,2.01,1.93,1.95,1.86,0.25,2.01,1.89,2.02,1.88,2.02,1.89,1.97,1.81,3.4,3.6,2.1,,,,,,,3.55,3.53,2.16,,,,,,,3.8,3.66,2.19,3.47,3.52,2.11,1.92,1.98,1.94,1.96,1.99,2.0,1.91,1.91,0.25,2.07,1.86,2.06,1.87,2.08,1.87,2.03,1.79,Unknown,4,4,8,3.4,3.5,2.1,3.5,3.65,2.2,3.5,3.65,2.24,1.99,1.9,2.04,1.93,3.3,3.4,2.1,3.33,3.66,2.19,3.7,3.6,2.2,2.0,1.98,2.1,1.89,,,,,,,,,,,,,,,,,,,,,,,,,,,,,,,,,,,,,,,,,,,,,reims,strasbourg
F1,06/04/2025,16:15,Rennes,Auxerre,0,1,A,0,0,D,18,11,5,3,10,5,8,5,0,0,0,0,1.85,3.6,4.33,,,,,,,1.87,3.76,4.28,,,,,,,1.9,3.81,4.5,1.84,3.67,4.22,1.91,1.99,1.92,1.97,1.95,1.99,1.87,1.94,-0.5,1.87,2.03,1.88,2.04,1.88,2.04,1.84,2.0,1.85,3.6,4.2,,,,,,,1.92,3.73,4.18,,,,,,,1.95,3.75,4.38,1.88,3.66,4.11,1.73,2.1,1.76,2.16,1.82,2.19,1.76,2.08,-0.5,1.92,2.01,1.93,2.0,1.93,2.01,1.89,1.95,Unknown,0,0,0,1.85,3.75,4.33,1.9,3.81,4.43,1.9,3.75,4.6,1.76,1.79,1.9,2.08,1.75,3.75,4.33,1.91,3.68,4.26,1.93,3.8,4.4,1.8,2.22,1.93,2.05,,,,,,,,,,,,,,,,,,,,,,,,,,,,,,,,,,,,,,,,,,,,,rennes,auxerre
F1,06/04/2025,19:45,Marseille,Toulouse,3,2,H,1,1,D,9,8,4,3,11,15,5,1,2,3,0,0,1.75,3.8,4.5,,,,,,,1.77,3.91,4.65,,,,,,,1.8,4.06,4.9,1.76,3.82,4.47,1.85,2.05,1.82,2.05,1.88,2.07,1.82,2.01,-0.75,2.01,1.89,2.0,1.9,2.01,1.9,1.96,1.86,1.73,4.0,4.5,,,,,,,1.75,3.96,4.75,,,,,,,1.75,4.11,5.02,1.72,3.96,4.58,1.67,2.2,1.71,2.21,1.71,2.32,1.67,2.19,-0.75,1.99,1.94,1.96,1.94,1.99,2.04,1.91,1.94,Unknown,2,3,5,1.8,3.8,4.5,1.79,4.06,4.74,1.83,3.95,4.5,1.7,2.0,2.07,1.86,1.67,3.8,4.33,1.75,4.11,4.63,1.76,4.1,5.1,1.75,2.32,1.96,2.0,,,,,,,,,,,,,,,,,,,,,,,,,,,,,,,,,,,,,,,,,,,,,marseille,toulouse
F1,11/04/2025,19:45,Lens,Reims,0,2,A,0,1,A,37,10,14,2,9,7,9,2,1,0,0,0,1.53,4.1,6.25,,,,,,,1.55,4.23,6.71,,,,,,,1.58,4.38,6.71,1.54,4.17,6.27,1.8,2.0,1.83,2.07,1.86,2.11,1.8,2.02,-1.0,1.92,2.01,1.93,2.0,1.98,2.01,1.89,1.95,1.57,3.9,6.0,,,,,,,1.61,4.07,6.12,,,,,,,1.62,4.2,6.17,1.58,4.07,5.8,1.73,2.1,1.78,2.14,1.9,2.2,1.77,2.06,-1.0,2.05,1.88,2.04,1.88,2.05,1.89,2.0,1.86,Unknown,1,0,1,1.53,4.1,6.5,1.58,4.38,6.54,1.57,4.4,6.8,1.85,2.14,1.93,2.04,1.44,4.1,6.0,1.62,4.01,6.17,1.62,4.3,6.4,1.8,2.22,2.05,1.93,,,,,,,,,,,,,,,,,,,,,,,,,,,,,,,,,,,,,,,,,,,,,lens,reims
F1,12/04/2025,16:00,Monaco,Marseille,3,0,H,1,0,H,15,8,10,4,6,18,4,4,2,1,0,0,2.0,3.8,3.4,,,,,,,2.03,3.93,3.47,,,,,,,2.08,4.0,3.51,2.02,3.85,3.34,1.53,2.5,1.52,2.62,1.53,2.62,1.51,2.5,-0.5,2.05,1.85,2.04,1.87,2.05,1.87,2.02,1.82,1.9,4.0,3.6,,,,,,,1.93,4.09,3.74,,,,,,,1.94,4.1,3.83,1.91,4.02,3.62,1.41,2.7,1.48,2.74,1.48,2.93,1.44,2.77,-0.5,1.93,2.0,1.94,1.98,1.94,2.01,1.91,1.94,Unknown,2,1,3,2.05,3.8,3.3,2.08,4.0,3.51,2.08,4.1,3.35,1.56,2.64,2.08,1.87,1.87,3.9,3.75,1.9,4.09,3.83,1.99,4.1,3.8,1.5,2.92,1.99,1.98,,,,,,,,,,,,,,,,,,,,,,,,,,,,,,,,,,,,,,,,,,,,,monaco,marseille
F1,12/04/2025,18:00,Toulouse,Lille,1,2,A,1,2,A,10,6,5,3,15,11,4,2,1,2,0,0,2.8,3.3,2.55,,,,,,,2.93,3.23,2.62,,,,,,,2.96,3.44,2.62,2.85,3.25,2.53,2.1,1.73,2.19,1.73,2.23,1.77,2.14,1.71,0.0,2.06,1.84,2.07,1.85,2.11,1.85,2.05,1.82,3.2,3.25,2.3,,,,,,,3.31,3.25,2.4,,,,,,,3.41,3.33,2.43,3.15,3.24,2.36,2.1,1.73,2.14,1.78,2.16,1.81,2.11,1.74,0.25,1.83,1.98,1.88,2.05,1.91,2.05,1.83,1.97,Unknown,1,2,3,2.9,3.25,2.5,2.96,3.44,2.59,3.1,3.3,2.62,2.22,1.75,2.16,1.82,3.0,3.1,2.4,3.41,3.33,2.29,3.4,3.3,2.42,2.18,1.83,1.91,2.07,,,,,,,,,,,,,,,,,,,,,,,,,,,,,,,,,,,,,,,,,,,,,toulouse,lille
F1,12/04/2025,20:05,Strasbourg,Nice,2,2,D,0,1,A,11,23,4,6,5,8,2,9,1,2,0,0,2.55,3.3,2.75,,,,,,,2.52,3.5,2.85,,,,,,,2.65,3.53,2.86,2.54,3.43,2.72,1.85,2.05,1.85,2.05,1.88,2.07,1.81,2.02,0.0,1.84,2.06,1.84,2.08,1.89,2.08,1.84,2.03,2.9,3.4,2.38,,,,,,,2.95,3.45,2.51,,,,,,,2.95,3.5,2.55,2.82,3.43,2.47,1.8,2.0,1.81,2.1,1.83,2.13,1.79,2.04,0.25,1.83,2.1,1.78,2.16,1.83,2.19,1.76,2.08,Unknown,1,2,3,2.6,3.5,2.7,2.62,3.53,2.86,2.58,3.6,2.88,1.77,2.06,1.87,2.09,2.7,3.3,2.5,2.87,3.5,2.53,2.98,3.5,2.58,1.86,2.14,1.8,2.23,,,,,,,,,,,,,,,,,,,,,,,,,,,,,,,,,,,,,,,,,,,,,strasbourg,nice
F1,13/04/2025,14:00,St Etienne,Brest,3,3,D,2,3,A,9,14,4,6,21,18,7,9,2,4,0,0,3.5,3.6,2.05,,,,,,,3.47,3.7,2.11,,,,,,,3.6,3.77,2.14,3.39,3.64,2.07,1.73,2.1,1.73,2.19,1.78,2.21,1.71,2.14,0.25,2.05,1.75,2.08,1.84,2.08,1.84,2.02,1.77,3.6,3.7,2.0,,,,,,,3.65,3.84,2.02,,,,,,,3.81,3.85,2.07,3.56,3.7,2.01,1.62,2.3,1.64,2.38,1.65,2.4,1.62,2.3,0.5,1.88,2.05,1.89,2.03,1.91,2.05,1.86,2.0,Unknown,2,4,6,3.6,3.6,2.05,3.53,3.77,2.14,3.75,3.6,2.1,1.6,2.18,2.16,1.81,3.5,3.5,2.0,3.81,3.76,1.99,3.7,3.85,2.1,1.68,2.44,1.88,2.11,,,,,,,,,,,,,,,,,,,,,,,,,,,,,,,,,,,,,,,,,,,,,st etienne,brest
F1,13/04/2025,16:15,Angers,Montpellier,2,0,H,2,0,H,10,4,4,1,12,13,6,1,0,2,0,0,1.9,3.5,4.1,,,,,,,1.94,3.73,3.95,,,,,,,2.0,3.76,4.1,1.93,3.63,3.86,1.91,1.99,1.91,1.98,1.94,2.0,1.88,1.94,-0.5,1.95,1.95,1.95,1.95,1.98,1.95,1.94,1.91,1.9,3.4,4.2,,,,,,,1.93,3.56,4.32,,,,,,,2.02,3.56,4.32,1.95,3.45,4.03,2.04,1.86,2.04,1.88,2.06,1.88,2.0,1.83,-0.5,1.93,2.0,1.94,1.98,1.97,2.0,1.94,1.91,Unknown,0,2,2,1.91,3.6,4.0,2.0,3.76,4.02,1.98,3.8,4.2,1.91,1.99,1.98,2.0,1.95,3.2,3.75,2.02,3.5,4.02,2.0,3.6,4.4,2.1,1.89,2.0,1.99,,,,,,,,,,,,,,,,,,,,,,,,,,,,,,,,,,,,,,,,,,,,,angers,montpellier
F1,13/04/2025,16:15,Le Havre,Rennes,1,5,A,1,3,A,11,10,2,6,16,11,4,3,2,3,0,0,3.5,3.4,2.1,,,,,,,3.6,3.49,2.13,,,,,,,3.75,3.56,2.15,3.52,3.44,2.09,2.01,1.89,1.99,1.89,2.02,1.92,1.96,1.86,0.25,2.05,1.85,2.07,1.85,2.07,1.85,2.02,1.76,3.75,3.4,2.0,,,,,,,3.84,3.5,2.07,,,,,,,4.02,3.5,2.14,3.67,3.41,2.06,1.98,1.92,2.0,1.89,2.01,2.01,1.96,1.86,0.5,1.85,2.08,1.85,2.08,1.88,2.1,1.79,2.07,Unknown,2,3,5,3.6,3.4,2.1,3.73,3.56,2.15,3.7,3.5,2.14,1.87,1.95,2.1,1.84,3.4,3.2,2.1,4.02,3.5,2.02,4.0,3.55,2.1,2.04,1.93,1.89,2.1,,,,,,,,,,,,,,,,,,,,,,,,,,,,,,,,,,,,,,,,,,,,,le havre,rennes
F1,13/04/2025,19:45,Auxerre,Lyon,1,3,A,0,0,D,14,13,3,7,11,9,3,6,3,1,0,0,3.6,3.6,2.0,,,,,,,3.61,3.76,2.03,,,,,,,3.61,4.0,2.07,3.47,3.71,2.01,1.62,2.3,1.63,2.37,1.67,2.41,1.6,2.33,0.5,1.86,2.04,1.87,2.04,1.87,2.05,1.83,2.02,4.2,3.8,1.8,,,,,,,4.41,3.94,1.83,,,,,,,4.41,3.95,1.86,4.12,3.86,1.82,1.53,2.5,1.57,2.53,1.57,2.6,1.55,2.47,0.75,1.9,2.03,1.86,2.07,1.9,2.07,1.83,2.03,Unknown,3,1,4,3.6,3.8,1.95,3.54,4.0,2.07,3.65,3.65,2.06,1.63,2.38,1.84,2.06,3.9,3.6,1.8,4.3,3.89,1.85,4.4,4.0,1.88,1.59,2.66,1.89,2.1,,,,,,,,,,,,,,,,,,,,,,,,,,,,,,,,,,,,,,,,,,,,,auxerre,lyon
F1,18/04/2025,19:45,Rennes,Nantes,2,1,H,1,0,H,19,4,5,1,24,13,10,2,3,5,0,1,1.8,3.5,4.75,,,,,,,1.83,3.71,4.52,,,,,,,1.87,3.79,4.75,1.81,3.65,4.4,2.0,1.9,2.01,1.88,2.01,1.95,1.96,1.86,-0.75,2.07,1.83,2.09,1.81,2.09,1.83,2.04,1.79,1.85,3.6,4.2,,,,,,,1.88,3.65,4.49,,,,,,,1.9,3.78,5.25,1.82,3.61,4.49,1.89,2.01,1.89,2.01,1.92,2.04,1.87,1.95,-0.5,1.89,2.01,1.88,2.05,1.92,2.15,1.84,2.02,Unknown,3,7,10,1.8,3.75,4.6,1.87,3.79,4.64,1.84,3.8,5.0,2.0,1.89,2.03,1.86,1.67,3.5,4.6,1.78,3.78,4.85,1.89,3.7,4.9,1.9,2.08,1.89,2.11,,,,,,,,,,,,,,,,,,,,,,,,,,,,,,,,,,,,,,,,,,,,,rennes,nantes
F1,19/04/2025,16:00,Paris SG,Le Havre,2,1,H,1,0,H,18,9,11,1,7,10,7,3,0,0,0,0,1.13,9.0,17.0,,,,,,,1.13,11.31,14.99,,,,,,,1.15,11.31,20.0,1.12,9.76,16.34,1.25,4.0,0.0,0.0,1.25,4.33,1.23,3.98,-2.5,2.05,1.85,2.06,1.84,2.08,1.88,2.02,1.81,1.18,8.0,13.0,,,,,,,1.16,9.25,14.64,,,,,,,1.21,9.25,16.0,1.17,8.34,13.52,1.25,4.0,0.0,0.0,1.25,4.21,1.24,3.89,-2.25,2.02,1.91,2.01,1.9,2.05,1.91,1.98,1.87,Unknown,0,0,0,1.12,11.0,18.0,1.15,10.6,20.0,1.15,11.0,19.5,1.26,4.3,,,1.15,8.0,13.0,1.21,8.17,12.8,1.19,9.8,16.5,1.29,4.3,2.03,1.96,,,,,,,,,,,,,,,,,,,,,,,,,,,,,,,,,,,,,,,,,,,,,paris sg,le havre
F1,19/04/2025,18:00,Monaco,Strasbourg,0,0,D,0,0,D,12,5,4,2,18,10,3,2,3,3,0,0,1.57,4.75,4.75,,,,,,,1.57,4.79,5.19,,,,,,,1.62,4.79,5.5,1.56,4.65,5.02,1.44,2.75,1.46,2.81,1.46,2.88,1.42,2.77,-1.0,1.93,1.97,1.93,1.98,1.93,1.98,1.9,1.94,1.48,4.75,6.0,,,,,,,1.51,4.88,6.16,,,,,,,1.55,4.88,6.4,1.5,4.72,5.85,1.44,2.75,1.45,2.88,1.45,3.0,1.43,2.83,-1.25,2.03,1.9,2.03,1.9,2.07,1.9,2.02,1.84,Unknown,3,3,6,1.53,4.6,5.5,1.62,4.79,5.3,1.59,5.0,5.6,1.47,2.88,1.81,1.88,1.5,4.2,5.0,1.53,4.85,5.89,1.56,4.9,6.2,1.5,2.98,2.1,1.88,,,,,,,,,,,,,,,,,,,,,,,,,,,,,,,,,,,,,,,,,,,,,monaco,strasbourg
F1,19/04/2025,20:05,Marseille,Montpellier,5,1,H,1,0,H,18,6,8,1,11,11,7,2,2,2,0,0,1.22,7.0,11.0,,,,,,,1.22,7.31,11.96,,,,,,,1.23,7.5,15.0,1.2,6.95,12.24,1.4,3.0,1.4,2.98,1.42,3.0,1.39,2.87,-2.0,2.01,1.89,2.03,1.86,2.03,1.89,1.99,1.83,1.14,8.5,13.0,,,,,,,1.16,8.74,16.81,,,,,,,1.18,9.59,20.0,1.14,8.61,16.5,1.3,3.5,1.32,3.47,1.35,3.5,1.31,3.39,-2.25,1.91,2.02,1.95,1.95,1.95,2.02,1.89,1.96,Unknown,2,2,4,1.18,7.0,15.0,1.23,7.5,14.3,1.24,7.6,15.5,1.43,3.0,2.01,1.88,1.13,9.0,17.0,1.16,9.59,15.2,1.18,9.6,19.0,1.34,3.8,1.9,2.06,,,,,,,,,,,,,,,,,,,,,,,,,,,,,,,,,,,,,,,,,,,,,marseille,montpellier
F1,20/04/2025,14:00,Lille,Auxerre,3,1,H,2,0,H,15,7,9,3,8,13,8,4,1,2,0,0,1.5,4.2,7.0,,,,,,,1.51,4.44,6.69,,,,,,,1.55,4.49,7.0,1.5,4.26,6.54,1.9,2.0,1.89,2.0,1.94,2.0,1.87,1.95,-1.0,1.87,2.03,1.86,2.05,1.92,2.05,1.85,1.98,1.33,5.0,8.5,,,,,,,1.35,5.39,9.47,,,,,,,1.38,5.39,9.47,1.35,5.08,8.76,1.67,2.2,1.67,2.31,1.7,2.33,1.64,2.26,-1.5,2.02,1.91,2.02,1.9,2.07,1.91,2.0,1.85,Unknown,1,2,3,1.5,4.2,7.0,1.55,4.49,6.85,1.52,4.5,7.0,1.85,1.32,1.81,1.97,1.33,4.6,8.0,1.38,5.31,8.68,1.37,5.6,10.5,1.69,2.38,2.07,1.92,,,,,,,,,,,,,,,,,,,,,,,,,,,,,,,,,,,,,,,,,,,,,lille,auxerre
F1,20/04/2025,16:15,Brest,Lens,1,3,A,1,2,A,11,17,5,9,11,11,7,6,0,0,1,0,2.35,3.3,3.1,,,,,,,2.38,3.4,3.13,,,,,,,2.45,3.45,3.15,2.35,3.35,3.02,1.92,1.98,1.91,1.98,1.96,1.98,1.88,1.93,-0.25,2.04,1.86,2.06,1.86,2.07,1.87,2.01,1.82,2.45,3.3,3.0,,,,,,,2.53,3.34,3.0,,,,,,,2.53,3.4,3.05,2.45,3.3,2.94,1.91,1.99,1.91,2.0,1.92,2.01,1.89,1.94,0.0,1.7,2.1,1.81,2.15,1.83,2.15,1.78,2.1,Unknown,2,0,2,2.4,3.3,3.0,2.45,3.45,3.15,2.26,3.15,3.05,1.83,1.88,2.04,1.86,2.25,3.2,2.9,2.5,3.3,3.05,2.6,3.4,3.05,1.93,2.06,1.85,2.16,,,,,,,,,,,,,,,,,,,,,,,,,,,,,,,,,,,,,,,,,,,,,brest,lens
F1,20/04/2025,16:15,Nice,Angers,2,1,H,1,0,H,22,5,8,2,10,8,4,2,1,1,0,0,1.38,5.0,8.0,,,,,,,1.38,5.12,8.39,,,,,,,1.42,5.16,8.5,1.38,4.92,7.98,1.73,2.1,1.76,2.14,1.78,2.23,1.71,2.13,-1.25,1.88,2.02,1.88,2.03,1.9,2.03,1.85,1.97,1.38,5.0,8.0,,,,,,,1.4,5.09,8.45,,,,,,,1.43,5.1,8.7,1.38,4.92,8.21,1.73,2.1,1.75,2.17,1.76,2.21,1.73,2.12,-1.25,1.87,2.06,1.89,2.04,1.89,2.06,1.85,2.01,Unknown,1,1,2,1.36,5.0,8.5,1.42,5.16,8.45,1.35,4.4,7.0,1.7,2.04,1.78,1.92,1.3,4.75,8.5,1.43,4.83,7.94,1.41,5.3,9.4,1.76,2.26,1.9,2.08,,,,,,,,,,,,,,,,,,,,,,,,,,,,,,,,,,,,,,,,,,,,,nice,angers
F1,20/04/2025,16:15,Reims,Toulouse,1,0,H,1,0,H,8,18,2,6,11,12,0,9,1,0,0,1,3.3,3.25,2.25,,,,,,,3.35,3.32,2.3,,,,,,,3.4,3.59,2.32,3.24,3.3,2.25,2.06,1.84,2.05,1.85,2.15,1.87,2.02,1.81,0.25,1.91,1.99,1.93,1.98,1.93,1.99,1.89,1.89,3.75,3.5,2.0,,,,,,,3.99,3.6,2.0,,,,,,,3.99,3.6,2.15,3.55,3.46,2.09,1.86,2.04,1.87,2.04,1.88,2.1,1.84,1.99,0.5,1.89,2.04,1.92,2.01,1.92,2.15,1.79,2.08,Unknown,1,2,3,3.3,3.3,2.25,3.36,3.59,2.28,3.05,2.98,2.18,1.97,1.76,1.82,1.86,3.3,3.2,2.1,3.83,3.57,2.04,3.95,3.65,2.08,1.9,2.08,1.89,2.08,,,,,,,,,,,,,,,,,,,,,,,,,,,,,,,,,,,,,,,,,,,,,reims,toulouse
F1,20/04/2025,19:45,St Etienne,Lyon,2,1,H,1,0,H,18,14,6,2,12,13,8,6,3,4,0,0,5.25,4.2,1.62,,,,,,,4.87,4.59,1.63,,,,,,,5.25,4.64,1.68,4.83,4.39,1.61,1.44,2.75,1.44,2.86,1.45,2.9,1.42,2.77,1.0,1.87,2.03,1.88,2.03,1.88,2.03,1.84,2.0,4.75,4.33,1.62,,,,,,,5.05,4.48,1.64,,,,,,,5.1,4.5,1.64,4.89,4.38,1.61,1.44,2.75,1.48,2.77,1.49,2.88,1.45,2.75,1.0,1.86,2.07,1.88,2.04,1.9,2.07,1.86,2.0,Unknown,3,4,7,5.0,4.5,1.6,4.9,4.64,1.68,5.4,4.7,1.64,1.43,2.62,1.9,1.94,4.6,4.0,1.57,5.09,4.46,1.64,5.3,4.6,1.66,1.51,2.92,1.9,2.08,,,,,,,,,,,,,,,,,,,,,,,,,,,,,,,,,,,,,,,,,,,,,st etienne,lyon
F1,22/04/2025,19:45,Nantes,Paris SG,1,1,D,0,1,A,8,10,2,5,5,9,4,4,2,0,0,0,6.25,5.5,1.4,,,,,,,7.03,5.42,1.42,,,,,,,7.4,5.5,1.45,6.94,5.15,1.4,1.44,2.75,1.49,2.73,1.49,2.75,1.46,2.65,1.25,2.05,1.88,2.05,1.88,2.07,1.88,2.0,1.84,7.0,5.5,1.38,,,,,,,7.59,5.51,1.39,,,,,,,7.59,5.6,1.41,7.09,5.31,1.38,1.44,2.75,1.44,2.89,1.48,2.95,1.44,2.78,1.5,1.87,2.06,1.88,2.05,1.95,2.07,1.84,2.0,Unknown,2,0,2,7.0,5.0,1.36,7.21,5.3,1.45,7.6,5.7,1.42,1.51,2.88,2.05,1.88,6.5,4.75,1.36,7.12,5.6,1.41,8.6,5.6,1.41,1.48,2.98,1.9,2.07,,,,,,,,,,,,,,,,,,,,,,,,,,,,,,,,,,,,,,,,,,,,,nantes,paris sg
F1,25/04/2025,19:45,Paris SG,Nice,1,3,A,1,1,D,32,7,13,3,9,11,17,0,3,1,0,0,1.7,4.5,4.1,,,,,,,1.73,4.5,4.36,,,,,,,1.76,4.53,4.6,1.69,4.44,4.32,1.44,2.75,1.46,2.84,1.47,2.88,1.43,2.76,-0.75,1.9,2.0,1.92,2.01,1.92,2.01,1.86,1.97,1.5,4.5,5.75,,,,,,,1.53,4.88,5.64,,,,,,,1.6,4.9,6.17,1.52,4.69,5.57,1.44,2.75,1.44,2.92,1.45,3.05,1.41,2.87,-1.0,1.83,2.07,1.82,2.09,1.93,2.13,1.8,2.06,Unknown,3,1,4,1.67,4.5,4.6,1.76,4.53,4.43,1.73,4.6,4.7,1.49,2.98,1.91,2.07,1.5,4.33,5.0,1.53,4.64,6.17,1.6,4.9,5.8,1.46,3.15,1.9,2.08,,,,,,,,,,,,,,,,,,,,,,,,,,,,,,,,,,,,,,,,,,,,,paris sg,nice
F1,26/04/2025,16:00,Strasbourg,St Etienne,3,1,H,1,1,D,18,17,7,6,10,7,5,8,1,0,0,0,1.62,4.2,5.0,,,,,,,1.65,4.48,4.78,,,,,,,1.67,4.58,5.25,1.62,4.36,4.86,1.53,2.5,1.56,2.53,1.56,2.6,1.52,2.47,-1.0,2.04,1.86,2.06,1.85,2.06,1.89,1.99,1.83,1.53,4.5,5.5,,,,,,,1.56,4.7,5.67,,,,,,,1.57,4.7,5.7,1.53,4.59,5.48,1.5,2.63,1.51,2.67,1.51,2.75,1.48,2.63,-1.0,1.86,2.04,1.89,2.03,1.89,2.07,1.85,2.01,Unknown,1,0,1,1.67,4.33,4.75,1.65,4.58,5.25,1.66,4.5,5.4,1.58,2.62,2.08,1.87,1.5,4.5,5.0,1.57,4.61,5.64,1.57,5.0,5.9,1.52,2.9,1.91,2.07,,,,,,,,,,,,,,,,,,,,,,,,,,,,,,,,,,,,,,,,,,,,,strasbourg,st etienne
F1,26/04/2025,18:00,Le Havre,Monaco,1,1,D,1,0,H,9,19,3,7,12,13,3,6,1,0,0,0,6.5,5.0,1.42,,,,,,,7.04,5.25,1.42,,,,,,,7.3,5.25,1.46,6.78,5.0,1.41,1.44,2.75,1.45,2.82,1.45,2.82,1.43,2.72,1.25,2.0,1.9,2.03,1.88,2.03,1.93,1.97,1.86,7.5,5.25,1.38,,,,,,,8.11,5.29,1.39,,,,,,,8.7,5.34,1.41,7.7,5.1,1.38,1.5,2.63,1.52,2.62,1.53,2.63,1.51,2.56,1.5,1.85,2.05,1.88,2.05,1.88,2.06,1.83,2.02,Unknown,1,0,1,7.0,5.0,1.4,7.16,5.2,1.46,7.0,5.4,1.44,1.47,2.92,2.02,1.89,7.0,5.0,1.36,7.63,5.34,1.41,8.4,5.5,1.42,1.56,2.74,1.9,2.07,,,,,,,,,,,,,,,,,,,,,,,,,,,,,,,,,,,,,,,,,,,,,le havre,monaco
F1,26/04/2025,20:05,Lyon,Rennes,4,1,H,3,0,H,14,10,8,4,12,9,7,2,0,0,0,0,1.75,4.2,4.1,,,,,,,1.79,4.12,4.29,,,,,,,1.83,4.28,4.5,1.76,4.09,4.17,1.57,2.38,1.59,2.46,1.59,2.5,1.55,2.39,-0.75,1.99,1.91,2.01,1.9,2.01,1.92,1.95,1.87,1.6,4.5,4.75,,,,,,,1.64,4.39,5.17,,,,,,,1.7,4.64,5.17,1.63,4.39,4.77,1.5,2.63,1.52,2.62,1.53,2.75,1.49,2.62,-1.0,2.05,1.85,2.06,1.87,2.12,1.87,2.03,1.82,Unknown,0,0,0,1.75,4.0,4.5,1.83,4.28,4.28,1.79,4.2,4.6,1.62,2.5,2.0,1.96,1.67,4.0,4.1,1.7,4.64,4.38,1.67,4.6,5.2,1.53,2.88,2.09,1.9,,,,,,,,,,,,,,,,,,,,,,,,,,,,,,,,,,,,,,,,,,,,,lyon,rennes
F1,27/04/2025,14:00,Angers,Lille,0,2,A,0,1,A,6,9,3,5,17,10,7,2,1,5,0,1,6.0,3.9,1.57,,,,,,,6.21,4.08,1.58,,,,,,,6.5,4.23,1.63,5.89,3.99,1.58,2.01,1.89,2.02,1.88,2.05,1.9,1.97,1.85,1.0,1.85,2.05,1.88,2.04,1.88,2.1,1.82,2.01,7.5,4.33,1.45,,,,,,,7.57,4.5,1.48,,,,,,,7.67,4.5,1.49,7.15,4.36,1.47,1.89,2.01,1.9,2.01,1.99,2.01,1.9,1.93,1.25,1.83,2.07,1.85,2.09,1.85,2.11,1.8,2.07,Unknown,1,7,8,6.5,4.0,1.57,6.08,4.23,1.63,6.6,4.2,1.61,2.0,1.92,1.86,2.04,6.5,3.9,1.47,7.67,4.43,1.48,8.0,4.6,1.51,1.95,2.02,1.87,2.11,,,,,,,,,,,,,,,,,,,,,,,,,,,,,,,,,,,,,,,,,,,,,angers,lille
F1,27/04/2025,16:15,Lens,Auxerre,0,4,A,0,3,A,16,12,5,8,12,13,8,1,4,4,1,0,1.6,4.0,5.5,,,,,,,1.61,4.31,5.4,,,,,,,1.63,4.46,5.66,1.59,4.2,5.3,1.67,2.2,1.68,2.27,1.72,2.3,1.66,2.22,-1.0,2.0,1.9,2.0,1.91,2.05,1.91,1.98,1.85,1.55,4.2,5.75,,,,,,,1.58,4.48,5.62,,,,,,,1.59,4.5,5.9,1.56,4.33,5.59,1.57,2.38,1.6,2.45,1.65,2.45,1.59,2.35,-1.0,1.95,1.95,1.96,1.96,1.96,1.96,1.92,1.93,Unknown,6,4,10,1.57,4.33,5.5,1.63,4.46,5.66,1.61,4.4,5.9,1.72,2.3,1.89,1.87,1.5,4.2,5.5,1.59,4.31,5.9,1.61,4.5,6.2,1.65,2.48,1.99,1.98,,,,,,,,,,,,,,,,,,,,,,,,,,,,,,,,,,,,,,,,,,,,,lens,auxerre
F1,27/04/2025,16:15,Montpellier,Reims,0,0,D,0,0,D,12,8,2,3,17,13,5,5,3,3,0,0,4.5,3.6,1.75,,,,,,,4.46,3.89,1.81,,,,,,,4.53,4.02,1.83,4.31,3.76,1.79,1.8,2.0,1.82,2.05,1.86,2.1,1.79,2.03,0.75,1.84,2.06,1.86,2.05,1.86,2.07,1.82,2.01,4.33,3.6,1.83,,,,,,,4.23,3.81,1.88,,,,,,,4.43,3.87,1.9,4.1,3.71,1.86,1.73,2.1,1.74,2.17,1.82,2.19,1.73,2.11,0.5,2.02,1.88,2.03,1.89,2.07,1.92,1.98,1.87,Unknown,3,3,6,4.33,3.8,1.8,4.53,4.02,1.83,4.6,3.85,1.83,1.79,2.08,1.84,2.06,3.8,3.5,1.83,4.43,3.68,1.88,4.4,3.9,1.91,1.75,2.28,2.08,1.91,,,,,,,,,,,,,,,,,,,,,,,,,,,,,,,,,,,,,,,,,,,,,montpellier,reims
F1,27/04/2025,16:15,Nantes,Toulouse,0,0,D,0,0,D,11,6,3,3,13,11,3,5,2,3,0,1,2.88,3.25,2.45,,,,,,,2.97,3.29,2.55,,,,,,,3.11,3.35,2.55,2.94,3.27,2.45,2.05,1.85,2.05,1.85,2.07,1.92,2.0,1.82,0.0,2.09,1.81,2.12,1.81,2.2,1.81,2.12,1.77,2.9,3.2,2.5,,,,,,,3.03,3.14,2.64,,,,,,,3.03,3.25,2.74,2.87,3.13,2.6,2.2,1.67,2.3,1.68,2.35,1.74,2.22,1.66,0.0,2.09,1.81,2.11,1.83,2.11,1.86,2.04,1.83,Unknown,2,5,7,2.9,3.3,2.45,3.11,3.35,2.53,3.0,3.35,2.62,2.12,1.86,2.11,1.86,2.7,3.0,2.55,2.8,3.25,2.74,3.05,3.3,2.7,2.32,1.73,2.12,1.88,,,,,,,,,,,,,,,,,,,,,,,,,,,,,,,,,,,,,,,,,,,,,nantes,toulouse
F1,27/04/2025,19:45,Marseille,Brest,4,1,H,3,1,H,11,9,7,4,14,16,4,3,1,4,0,0,1.5,4.5,6.0,,,,,,,1.5,4.83,6.07,,,,,,,1.54,4.85,6.5,1.49,4.63,5.9,1.53,2.5,1.56,2.54,1.56,2.55,1.53,2.45,-1.0,1.83,2.07,1.81,2.09,1.85,2.09,1.8,2.03,1.33,5.25,8.0,,,,,,,1.36,5.53,8.54,,,,,,,1.4,5.6,8.54,1.36,5.32,7.74,1.46,2.57,1.49,2.72,1.51,2.8,1.46,2.68,-1.5,1.98,1.92,2.01,1.92,2.2,1.92,1.99,1.85,Unknown,1,4,5,1.47,4.6,6.5,1.54,4.85,6.33,1.54,4.8,6.4,1.47,2.54,1.75,2.11,1.33,4.75,6.5,1.4,5.38,7.69,1.4,5.7,8.8,1.52,2.86,2.11,1.89,,,,,,,,,,,,,,,,,,,,,,,,,,,,,,,,,,,,,,,,,,,,,marseille,brest
F1,02/05/2025,19:45,Nice,Reims,1,0,H,1,0,H,8,16,2,3,14,21,5,3,2,2,0,0,1.4,4.75,7.5,,,,,,,1.42,5.16,7.44,,,,,,,1.45,5.2,7.5,1.41,4.92,7.24,1.57,2.38,1.57,2.54,1.6,2.55,1.55,2.42,-1.25,1.88,2.02,1.9,2.02,1.96,2.05,1.89,1.94,1.36,5.0,8.0,,,,,,,1.38,5.28,8.24,,,,,,,1.4,5.28,8.7,1.37,5.02,7.94,1.53,2.5,1.56,2.55,1.56,2.55,1.54,2.46,-1.25,1.75,2.03,1.81,2.1,1.87,2.1,1.8,2.04,Unknown,2,2,4,1.36,5.0,7.5,1.45,5.2,7.41,1.43,5.3,8.4,1.59,2.64,1.9,2.07,1.33,4.75,7.5,1.4,5.13,8.21,1.41,5.4,9.0,1.6,2.64,1.87,2.08,,,,,,,,,,,,,,,,,,,,,,,,,,,,,,,,,,,,,,,,,,,,,nice,reims
F1,03/05/2025,16:00,Strasbourg,Paris SG,2,1,H,2,0,H,9,20,2,4,14,13,6,2,1,2,0,0,2.45,3.75,2.6,,,,,,,2.46,4.18,2.57,,,,,,,2.61,4.18,2.72,2.43,3.9,2.57,1.41,2.7,1.46,2.79,1.46,2.8,1.44,2.7,0.0,1.88,2.02,1.91,2.0,1.94,2.03,1.88,1.98,2.25,3.8,2.8,,,,,,,2.38,3.83,2.88,,,,,,,2.45,3.92,2.88,2.35,3.77,2.76,1.44,2.75,1.5,2.69,1.51,2.75,1.48,2.62,-0.25,2.06,1.84,2.09,1.85,2.12,1.85,2.06,1.8,Unknown,1,2,3,2.4,3.9,2.63,2.61,3.79,2.72,2.5,4.1,2.72,1.52,2.86,1.91,2.07,2.3,3.5,2.63,2.42,3.92,2.75,2.5,3.9,2.9,1.54,2.8,2.18,1.83,,,,,,,,,,,,,,,,,,,,,,,,,,,,,,,,,,,,,,,,,,,,,strasbourg,paris sg
F1,03/05/2025,18:00,Toulouse,Rennes,2,1,H,1,0,H,9,15,3,6,7,15,6,5,2,2,0,0,2.15,3.4,3.4,,,,,,,2.17,3.48,3.49,,,,,,,2.21,3.56,3.6,2.12,3.43,3.42,1.98,1.92,1.98,1.91,2.0,1.94,1.95,1.87,-0.25,1.87,2.03,1.88,2.03,1.89,2.03,1.83,1.99,2.15,3.5,3.3,,,,,,,2.19,3.55,3.46,,,,,,,2.21,3.58,3.46,2.15,3.5,3.36,1.73,2.1,1.75,2.19,1.82,2.21,1.74,2.1,-0.25,1.88,2.02,1.89,2.03,1.89,2.09,1.85,2.0,Unknown,2,2,4,2.1,3.4,3.6,2.21,3.56,3.56,2.26,3.5,3.5,1.98,1.94,1.96,2.02,2.05,3.4,3.25,2.21,3.58,3.35,2.22,3.65,3.55,1.79,2.26,1.91,2.08,,,,,,,,,,,,,,,,,,,,,,,,,,,,,,,,,,,,,,,,,,,,,toulouse,rennes
F1,03/05/2025,20:05,St Etienne,Monaco,1,3,A,0,1,A,11,12,1,6,15,12,6,5,0,0,0,0,6.5,5.25,1.37,,,,,,,6.84,5.53,1.4,,,,,,,7.0,5.56,1.45,6.58,5.27,1.4,1.3,3.4,1.33,3.43,1.33,3.5,1.31,3.33,1.5,1.85,2.05,1.87,2.04,1.89,2.12,1.82,2.02,5.75,5.0,1.45,,,,,,,6.33,5.25,1.46,,,,,,,6.5,5.5,1.5,6.08,5.07,1.44,1.33,3.4,1.35,3.36,1.35,3.65,1.32,3.35,1.25,1.99,1.91,1.99,1.93,2.0,1.93,1.97,1.88,Unknown,0,0,0,7.0,5.0,1.36,6.75,5.56,1.45,7.2,5.6,1.46,1.37,3.5,1.88,2.07,6.0,4.75,1.36,5.93,5.16,1.5,7.0,5.4,1.48,1.38,3.6,2.04,1.93,,,,,,,,,,,,,,,,,,,,,,,,,,,,,,,,,,,,,,,,,,,,,st etienne,monaco
F1,04/05/2025,14:00,Nantes,Angers,0,1,A,0,0,D,8,14,3,2,12,16,4,6,2,3,0,0,1.9,3.2,4.75,,,,,,,1.92,3.4,4.57,,,,,,,1.95,3.71,4.75,1.9,3.39,4.28,2.1,1.73,2.16,1.75,2.18,1.8,2.11,1.73,-0.5,1.92,1.98,1.93,1.98,1.96,1.98,1.91,1.93,1.95,3.4,4.1,,,,,,,2.01,3.3,4.38,,,,,,,2.02,3.46,4.38,1.96,3.31,4.17,2.1,1.73,2.21,1.73,2.24,1.74,2.15,1.71,-0.5,2.0,1.9,2.02,1.91,2.05,1.95,1.98,1.87,Unknown,2,3,5,1.91,3.4,4.2,1.92,3.71,4.47,1.96,3.45,4.8,2.14,1.78,1.96,2.02,1.87,3.1,4.2,1.99,3.46,4.18,2.0,3.45,4.7,2.24,1.77,2.02,1.98,,,,,,,,,,,,,,,,,,,,,,,,,,,,,,,,,,,,,,,,,,,,,nantes,angers
F1,04/05/2025,16:15,Auxerre,Le Havre,1,2,A,0,0,D,4,11,1,5,11,10,0,9,2,1,0,0,2.1,3.6,3.25,,,,,,,2.16,3.61,3.41,,,,,,,2.18,3.76,3.5,2.11,3.56,3.33,1.8,2.0,1.83,2.06,1.87,2.08,1.81,2.01,-0.25,1.88,2.02,1.88,2.03,1.88,2.07,1.83,2.0,2.4,3.4,2.75,,,,,,,2.45,3.59,2.94,,,,,,,2.5,3.59,2.95,2.41,3.5,2.84,1.73,2.1,1.75,2.17,1.82,2.19,1.75,2.09,-0.25,2.08,1.73,2.13,1.82,2.14,1.82,2.07,1.78,Unknown,2,1,3,2.1,3.5,3.5,2.18,3.76,3.45,2.22,3.65,3.55,1.81,2.08,1.91,2.08,2.3,3.3,2.8,2.5,3.54,2.86,2.5,3.6,3.1,1.83,2.16,2.15,1.86,,,,,,,,,,,,,,,,,,,,,,,,,,,,,,,,,,,,,,,,,,,,,auxerre,le havre
F1,04/05/2025,16:15,Brest,Montpellier,1,0,H,1,0,H,16,6,5,1,14,18,4,6,1,2,0,0,1.36,5.25,7.5,,,,,,,1.37,5.37,8.16,,,,,,,1.4,5.46,8.6,1.36,5.15,7.87,1.57,2.38,1.58,2.47,1.63,2.49,1.56,2.42,-1.5,2.06,1.84,2.05,1.86,2.07,1.88,2.01,1.82,1.33,5.5,7.5,,,,,,,1.35,5.62,8.73,,,,,,,1.4,5.71,8.94,1.35,5.35,8.09,1.53,2.5,1.56,2.55,1.61,2.55,1.55,2.46,-1.5,2.0,1.9,2.02,1.9,2.06,1.93,1.98,1.86,Unknown,1,2,3,1.36,5.0,8.5,1.4,5.46,8.6,1.4,5.5,8.6,1.59,2.52,2.03,1.81,1.3,5.0,7.5,1.4,5.38,7.69,1.39,5.6,9.4,1.59,2.64,2.04,1.92,,,,,,,,,,,,,,,,,,,,,,,,,,,,,,,,,,,,,,,,,,,,,brest,montpellier
F1,04/05/2025,16:15,Lyon,Lens,1,2,A,0,1,A,18,8,4,3,8,12,8,2,2,3,0,0,1.55,4.33,5.75,,,,,,,1.55,4.65,5.61,,,,,,,1.58,4.79,5.81,1.54,4.52,5.42,1.5,2.63,1.53,2.6,1.53,2.65,1.5,2.55,-1.0,1.89,2.01,1.89,2.01,1.93,2.04,1.86,1.97,1.42,5.0,6.0,,,,,,,1.44,5.25,6.74,,,,,,,1.48,5.3,6.8,1.43,5.04,6.37,1.4,3.0,1.43,2.96,1.43,3.2,1.39,2.95,-1.25,1.89,2.01,1.9,2.02,1.96,2.04,1.88,1.97,Unknown,2,3,5,1.53,4.6,5.5,1.58,4.79,5.81,1.58,4.8,6.0,1.54,2.64,1.9,2.02,1.36,4.75,6.0,1.48,5.19,6.23,1.47,5.4,7.2,1.45,3.1,1.95,2.02,,,,,,,,,,,,,,,,,,,,,,,,,,,,,,,,,,,,,,,,,,,,,lyon,lens
F1,04/05/2025,19:45,Lille,Marseille,1,1,D,0,0,D,5,13,1,6,9,8,2,5,2,2,0,0,2.35,3.25,3.1,,,,,,,2.37,3.43,3.13,,,,,,,2.42,3.48,3.17,2.32,3.37,3.06,1.9,2.0,1.88,2.01,1.93,2.02,1.87,1.95,-0.25,2.04,1.86,2.05,1.86,2.05,1.89,1.99,1.84,2.38,3.3,3.0,,,,,,,2.44,3.4,3.1,,,,,,,2.47,3.45,3.1,2.38,3.36,3.0,1.88,2.02,1.89,2.02,1.89,2.1,1.83,2.0,-0.25,2.07,1.83,2.1,1.84,2.1,1.84,2.04,1.81,Unknown,2,2,4,2.3,3.3,3.1,2.42,3.48,3.17,2.4,3.55,3.1,1.92,1.99,2.07,1.91,2.3,3.25,3.0,2.44,3.38,3.08,2.48,3.45,3.15,1.9,2.08,2.14,1.86,,,,,,,,,,,,,,,,,,,,,,,,,,,,,,,,,,,,,,,,,,,,,lille,marseille
F1,10/05/2025,20:00,Angers,Strasbourg,2,1,H,1,1,D,5,15,2,3,6,10,2,6,2,2,0,0,4.2,3.75,1.8,,,,,,,4.22,3.71,1.83,,,,,,,4.6,3.91,1.87,4.21,3.73,1.82,1.8,2.0,1.84,2.02,1.86,2.1,1.8,2.01,0.75,1.78,2.03,1.78,2.1,1.81,2.13,1.78,2.04,4.33,3.75,1.8,,,,,,,4.54,3.83,1.83,,,,,,,4.54,3.83,1.85,4.31,3.74,1.82,1.87,2.03,1.88,2.03,1.9,2.06,1.83,2.0,0.5,2.07,1.83,2.09,1.81,2.09,1.87,2.03,1.82,Unknown,2,2,4,4.6,3.6,1.8,4.43,3.91,1.87,4.4,3.65,1.87,1.05,1.15,1.53,1.87,4.33,3.6,1.8,4.43,3.83,1.84,4.7,3.9,1.87,1.91,2.06,2.13,1.87,,,,,,,,,,,,,,,,,,,,,,,,,,,,,,,,,,,,,,,,,,,,,angers,strasbourg
F1,10/05/2025,20:00,Auxerre,Nantes,1,1,D,1,0,H,9,7,3,2,15,16,7,3,3,1,0,0,2.8,3.4,2.45,,,,,,,2.83,3.57,2.4,,,,,,,3.0,3.59,2.51,2.84,3.47,2.41,1.92,1.98,1.9,1.95,1.95,1.99,1.88,1.93,0.0,2.08,1.82,2.09,1.77,2.14,1.83,2.08,1.78,2.75,3.25,2.6,,,,,,,2.87,3.29,2.66,,,,,,,2.87,3.39,2.66,2.79,3.29,2.58,2.0,1.8,2.08,1.81,2.13,1.88,2.02,1.8,0.0,2.01,1.89,2.04,1.88,2.05,1.89,2.01,1.86,Unknown,3,1,4,3.0,3.4,2.4,2.96,3.59,2.51,3.0,3.55,2.48,1.06,1.15,2.2,1.78,2.75,3.2,2.6,2.83,3.39,2.62,2.9,3.4,2.74,2.12,1.87,2.06,1.93,,,,,,,,,,,,,,,,,,,,,,,,,,,,,,,,,,,,,,,,,,,,,auxerre,nantes
F1,10/05/2025,20:00,Brest,Lille,2,0,H,1,0,H,12,18,4,2,6,14,3,7,1,1,0,0,4.5,3.8,1.75,,,,,,,4.53,3.81,1.75,,,,,,,4.74,4.0,1.82,4.42,3.83,1.76,1.8,2.0,1.8,2.03,1.86,2.1,1.79,2.02,0.75,1.9,2.0,1.88,2.0,1.9,2.03,1.85,1.96,4.5,4.1,1.67,,,,,,,4.97,4.16,1.7,,,,,,,5.0,4.16,1.74,4.77,4.04,1.68,1.67,2.2,1.69,2.26,1.82,2.26,1.69,2.18,0.75,2.02,1.88,2.04,1.89,2.07,1.91,1.99,1.86,Unknown,1,1,2,4.5,3.9,1.75,4.74,3.91,1.82,4.4,3.85,1.83,1.06,1.15,1.57,1.83,4.75,3.9,1.67,4.68,4.16,1.74,5.1,4.2,1.76,1.75,2.3,2.04,1.95,,,,,,,,,,,,,,,,,,,,,,,,,,,,,,,,,,,,,,,,,,,,,brest,lille
F1,10/05/2025,20:00,Le Havre,Marseille,1,3,A,0,0,D,10,22,4,5,12,12,2,9,2,2,0,0,6.0,4.5,1.5,,,,,,,5.86,4.54,1.5,,,,,,,6.5,4.85,1.57,5.92,4.55,1.5,1.57,2.38,1.57,2.41,1.64,2.46,1.57,2.37,1.0,2.08,1.82,2.07,1.82,2.08,1.83,2.04,1.79,5.5,4.5,1.5,,,,,,,6.54,4.59,1.51,,,,,,,6.54,4.75,1.56,6.1,4.53,1.5,1.62,2.3,1.66,2.31,1.7,2.45,1.63,2.27,1.0,2.06,1.84,2.1,1.84,2.1,1.86,2.04,1.81,Unknown,2,2,4,5.5,4.33,1.57,6.33,4.85,1.54,5.1,4.0,1.53,1.04,1.15,,,6.5,4.5,1.44,5.71,4.67,1.56,6.8,4.7,1.54,1.69,2.42,2.12,1.87,,,,,,,,,,,,,,,,,,,,,,,,,,,,,,,,,,,,,,,,,,,,,le havre,marseille
F1,10/05/2025,20:00,Monaco,Lyon,2,0,H,0,0,D,11,9,5,4,16,18,3,5,2,4,0,0,1.83,4.2,3.7,,,,,,,1.83,4.2,3.75,,,,,,,1.88,4.4,4.0,1.82,4.22,3.72,1.4,3.0,1.42,2.86,1.42,3.0,1.4,2.85,-0.5,1.86,2.04,1.84,2.04,1.86,2.05,1.82,2.01,1.83,4.2,3.6,,,,,,,1.85,4.33,3.86,,,,,,,1.86,4.42,4.0,1.82,4.25,3.78,1.36,3.2,1.39,3.13,1.42,3.25,1.37,3.05,-0.5,1.86,2.04,1.86,2.07,1.86,2.09,1.83,2.02,Unknown,2,4,6,1.8,4.2,4.0,1.88,4.32,3.95,1.82,4.4,3.9,1.02,1.15,1.82,2.14,1.75,4.1,4.0,1.86,4.31,3.86,1.85,4.4,4.1,1.42,3.35,1.85,2.16,,,,,,,,,,,,,,,,,,,,,,,,,,,,,,,,,,,,,,,,,,,,,monaco,lyon
F1,10/05/2025,20:00,Montpellier,Paris SG,1,4,A,0,1,A,9,10,4,8,14,11,5,4,1,1,0,0,9.0,7.0,1.25,,,,,,,9.33,6.94,1.23,,,,,,,12.0,8.0,1.3,9.85,6.94,1.23,1.3,3.5,1.29,3.54,1.3,3.6,1.28,3.48,2.0,1.84,2.06,1.83,2.03,1.85,2.06,1.83,2.0,6.25,5.75,1.4,,,,,,,6.61,5.6,1.42,,,,,,,7.0,5.85,1.43,6.58,5.55,1.39,1.3,3.5,1.32,3.54,1.32,3.65,1.3,3.46,1.5,1.86,2.04,1.87,2.06,1.89,2.06,1.85,2.0,Unknown,1,1,2,12.0,8.0,1.18,9.2,7.36,1.3,10.0,4.7,1.24,1.16,1.15,,,7.0,5.5,1.36,6.35,5.85,1.43,7.8,5.9,1.42,1.35,3.75,1.96,2.01,,,,,,,,,,,,,,,,,,,,,,,,,,,,,,,,,,,,,,,,,,,,,montpellier,paris sg
F1,10/05/2025,20:00,Reims,St Etienne,0,2,A,0,2,A,19,9,3,4,13,12,4,5,1,0,0,0,2.1,3.7,3.2,,,,,,,2.06,3.71,3.39,,,,,,,2.14,3.8,3.51,2.08,3.7,3.31,1.67,2.2,1.7,2.19,1.76,2.24,1.68,2.17,-0.25,1.84,2.06,1.8,2.07,1.84,2.07,1.8,2.01,2.15,3.6,3.25,,,,,,,2.23,3.56,3.35,,,,,,,2.23,3.75,3.41,2.12,3.58,3.33,1.73,2.1,1.81,2.08,1.82,2.18,1.74,2.1,-0.25,1.9,2.0,1.93,1.99,1.93,2.06,1.84,2.02,Unknown,1,0,1,2.05,3.75,3.4,2.14,3.79,3.51,2.12,3.75,3.55,1.05,1.15,1.82,2.09,2.1,3.5,3.3,2.15,3.69,3.38,2.2,3.7,3.6,1.81,2.18,1.9,2.09,,,,,,,,,,,,,,,,,,,,,,,,,,,,,,,,,,,,,,,,,,,,,reims,st etienne
F1,10/05/2025,20:00,Rennes,Nice,2,0,H,1,0,H,10,14,4,6,5,13,1,5,1,1,0,0,3.6,3.8,1.95,,,,,,,3.63,3.73,1.97,,,,,,,3.8,3.94,2.05,3.57,3.71,1.98,1.73,2.1,1.69,2.19,1.78,2.24,1.7,2.14,0.5,1.89,2.01,1.88,1.99,1.9,2.02,1.86,1.98,3.1,3.7,2.15,,,,,,,3.23,3.92,2.16,,,,,,,3.25,3.94,2.21,3.16,3.77,2.13,1.5,2.63,1.53,2.62,1.64,2.63,1.54,2.49,0.25,2.0,1.9,2.03,1.9,2.04,1.9,1.99,1.83,Unknown,1,1,2,3.8,3.6,2.0,3.76,3.94,2.02,3.85,3.55,2.04,1.07,2.08,1.9,2.04,3.2,3.6,2.1,3.18,3.8,2.21,3.35,3.95,2.2,1.57,2.7,2.07,1.92,,,,,,,,,,,,,,,,,,,,,,,,,,,,,,,,,,,,,,,,,,,,,rennes,nice
F1,10/05/2025,20:00,Toulouse,Lens,1,1,D,0,0,D,9,12,6,2,17,12,2,1,2,5,0,0,2.25,3.5,3.1,,,,,,,2.27,3.48,3.1,,,,,,,2.35,3.65,3.2,2.26,3.5,3.06,1.84,2.06,1.8,2.03,1.87,2.08,1.8,2.01,-0.25,2.01,1.89,1.99,1.88,2.05,1.89,1.96,1.86,2.2,3.5,3.2,,,,,,,2.3,3.56,3.21,,,,,,,2.3,3.6,3.31,2.24,3.49,3.15,1.86,2.04,1.81,2.08,1.9,2.09,1.8,2.03,-0.25,1.95,1.95,1.99,1.93,1.99,1.97,1.94,1.91,Unknown,2,5,7,2.25,3.5,3.1,2.35,3.61,3.2,2.32,3.35,3.1,1.07,2.04,2.0,1.92,2.2,3.5,3.1,2.25,3.57,3.27,2.34,3.6,3.3,1.83,2.18,2.02,1.96,,,,,,,,,,,,,,,,,,,,,,,,,,,,,,,,,,,,,,,,,,,,,toulouse,lens
F1,17/05/2025,20:00,Lens,Monaco,4,0,H,1,0,H,15,6,5,4,14,9,5,4,1,1,0,1,3.9,4.1,1.83,,,,,,,4.01,3.91,1.83,,,,,,,4.17,4.12,1.88,3.93,3.95,1.83,1.5,2.63,1.5,2.6,1.52,2.63,1.49,2.56,0.5,2.03,1.83,2.04,1.84,2.04,1.88,2.0,1.83,2.63,3.8,2.4,,,,,,,2.7,3.88,2.5,,,,,,,2.7,3.92,2.5,2.65,3.79,2.45,1.44,2.75,1.43,2.94,1.45,3.0,1.42,2.84,0.0,2.0,1.85,2.04,1.88,2.04,1.91,2.01,1.86,Unknown,1,3,4,4.0,3.9,1.87,4.17,4.12,1.88,4.2,4.0,1.91,1.58,2.66,2.05,1.91,2.63,3.75,2.38,2.7,3.91,2.47,2.8,4.0,2.5,1.51,2.86,2.11,1.89,,,,,,,,,,,,,,,,,,,,,,,,,,,,,,,,,,,,,,,,,,,,,lens,monaco
F1,17/05/2025,20:00,Lille,Reims,2,1,H,1,0,H,21,5,5,2,11,7,10,3,0,1,0,0,1.38,4.75,8.5,,,,,,,1.38,4.88,7.69,,,,,,,1.43,5.06,8.5,1.38,4.84,7.91,1.67,2.2,1.71,2.15,1.78,2.21,1.71,2.14,-1.25,1.88,1.98,1.88,1.99,1.9,2.0,1.86,1.95,1.33,5.0,9.5,,,,,,,1.38,5.17,8.97,,,,,,,1.4,5.17,9.5,1.36,4.96,8.74,1.73,2.1,1.74,2.18,1.82,2.25,1.72,2.14,-1.5,2.03,1.78,2.1,1.81,2.1,1.84,2.05,1.79,Unknown,0,1,1,1.36,5.0,8.5,1.43,5.06,8.35,1.42,5.2,8.2,1.74,2.22,1.81,1.83,1.33,4.75,8.5,1.4,4.86,9.21,1.41,5.2,9.8,1.76,2.26,2.09,1.88,,,,,,,,,,,,,,,,,,,,,,,,,,,,,,,,,,,,,,,,,,,,,lille,reims
F1,17/05/2025,20:00,Lyon,Angers,2,0,H,0,0,D,21,13,4,3,10,13,8,8,1,3,0,0,1.29,6.0,9.0,,,,,,,1.26,6.24,8.93,,,,,,,1.3,6.49,11.0,1.27,6.08,9.44,1.4,3.0,1.38,2.95,1.4,3.05,1.38,2.91,-1.5,1.78,2.03,1.75,2.08,1.83,2.14,1.76,2.07,1.17,8.0,13.0,,,,,,,1.18,8.08,15.63,,,,,,,1.18,8.68,15.63,1.17,8.02,14.31,1.25,4.0,1.25,4.07,1.27,4.07,1.25,3.9,-2.25,1.95,1.9,1.99,1.92,2.0,1.93,1.96,1.89,Unknown,1,3,4,1.25,6.0,10.5,1.3,6.49,11.0,1.3,6.4,10.5,1.43,3.05,1.8,2.14,1.15,7.5,15.0,1.18,8.68,14.1,1.19,9.0,18.0,1.31,4.2,1.99,1.97,,,,,,,,,,,,,,,,,,,,,,,,,,,,,,,,,,,,,,,,,,,,,lyon,angers
F1,17/05/2025,20:00,Marseille,Rennes,4,2,H,3,1,H,17,9,10,3,8,12,5,5,3,3,0,0,1.75,3.9,4.2,,,,,,,1.76,4.03,4.2,,,,,,,1.86,4.23,4.2,1.78,4.04,4.05,1.5,2.63,1.5,2.61,1.52,2.65,1.48,2.57,-0.75,2.0,1.85,1.99,1.88,2.04,1.88,1.97,1.84,1.57,4.33,5.0,,,,,,,1.6,4.54,5.41,,,,,,,1.63,4.65,5.44,1.6,4.45,5.0,1.44,2.75,1.46,2.83,1.48,2.9,1.43,2.79,-1.0,1.93,1.93,1.96,1.96,2.02,1.97,1.95,1.89,Unknown,3,3,6,1.85,4.0,4.1,1.86,4.23,4.17,1.79,4.2,4.7,1.51,2.74,2.01,1.95,1.62,4.2,4.75,1.61,4.52,5.33,1.68,4.5,5.4,1.48,3.0,2.05,1.91,,,,,,,,,,,,,,,,,,,,,,,,,,,,,,,,,,,,,,,,,,,,,marseille,rennes
F1,17/05/2025,20:00,Nantes,Montpellier,3,0,H,2,0,H,18,9,6,0,14,9,7,2,3,1,0,0,1.53,4.5,5.5,,,,,,,1.52,4.34,6.01,,,,,,,1.54,4.6,6.05,1.52,4.36,5.85,1.73,2.1,1.73,2.13,1.8,2.18,1.72,2.12,-1.0,1.88,1.98,1.88,1.99,1.93,1.99,1.86,1.96,1.53,4.33,5.75,,,,,,,1.57,4.13,6.55,,,,,,,1.59,4.45,6.55,1.55,4.18,6.02,1.83,2.03,1.85,2.07,1.9,2.07,1.82,2.0,-1.0,1.9,1.95,1.96,1.96,1.96,2.01,1.92,1.93,Unknown,3,1,4,1.53,4.4,6.0,0.0,0.0,0.0,1.58,4.6,6.4,1.79,2.16,1.97,1.98,1.53,4.0,6.0,1.59,4.45,5.64,1.61,4.3,6.4,1.9,2.08,1.98,1.97,,,,,,,,,,,,,,,,,,,,,,,,,,,,,,,,,,,,,,,,,,,,,nantes,montpellier
F1,17/05/2025,20:00,Nice,Brest,6,0,H,3,0,H,18,10,9,1,13,12,5,2,0,5,0,0,1.48,4.5,6.5,,,,,,,1.46,4.84,6.0,,,,,,,1.53,5.0,6.75,1.47,4.76,6.09,1.5,2.63,1.49,2.62,1.51,2.65,1.48,2.56,-1.25,2.03,1.83,2.03,1.85,2.05,1.85,1.99,1.83,1.5,4.5,6.0,,,,,,,1.51,4.83,6.12,,,,,,,1.54,4.9,6.25,1.51,4.65,5.78,1.44,2.75,1.5,2.71,1.5,2.84,1.47,2.68,-1.0,1.8,2.05,1.8,2.11,1.83,2.11,1.8,2.05,Unknown,0,5,5,1.47,4.75,6.0,1.53,4.95,6.34,1.51,5.0,7.0,1.55,2.64,2.1,1.86,1.5,4.5,5.5,1.54,4.61,6.14,1.57,4.8,6.4,1.52,2.84,1.82,2.18,,,,,,,,,,,,,,,,,,,,,,,,,,,,,,,,,,,,,,,,,,,,,nice,brest
F1,17/05/2025,20:00,Paris SG,Auxerre,3,1,H,0,1,A,21,7,9,2,10,9,5,2,1,2,0,0,1.2,7.0,13.0,,,,,,,1.18,7.94,11.32,,,,,,,1.21,8.4,14.5,1.19,7.64,12.27,1.29,3.75,1.27,3.67,1.36,3.85,1.27,3.58,-2.0,1.78,2.03,1.83,2.04,1.85,2.04,1.81,2.0,1.1,9.5,19.0,,,,,,,1.13,9.95,19.33,,,,,,,1.14,10.76,22.2,1.12,9.72,18.62,1.22,4.33,1.23,4.37,1.24,4.5,1.22,4.22,-2.5,1.83,2.03,2.0,1.91,2.0,2.03,1.9,1.94,Unknown,1,2,3,1.18,8.0,13.0,1.21,8.4,14.5,1.23,8.4,14.5,1.35,3.8,1.88,2.04,1.13,9.0,17.0,1.14,10.0,20.0,1.15,10.5,23.0,1.29,4.4,2.0,1.98,,,,,,,,,,,,,,,,,,,,,,,,,,,,,,,,,,,,,,,,,,,,,paris sg,auxerre
F1,17/05/2025,20:00,St Etienne,Toulouse,2,3,A,1,2,A,18,17,7,9,10,7,7,6,3,2,0,0,1.95,4.2,3.25,,,,,,,1.99,4.09,3.28,,,,,,,2.7,4.43,3.34,2.03,4.06,3.18,1.53,2.5,1.51,2.58,1.55,2.63,1.5,2.51,-0.5,2.0,1.85,2.01,1.86,2.6,1.89,2.06,1.81,2.35,3.75,2.7,,,,,,,2.46,3.79,2.79,,,,,,,2.46,3.91,3.01,2.32,3.76,2.84,1.57,2.38,1.61,2.41,1.61,2.48,1.58,2.38,-0.25,2.05,1.8,2.14,1.78,2.14,1.87,2.03,1.81,Unknown,3,2,5,2.0,4.1,3.25,2.04,4.43,3.34,2.08,4.2,3.4,1.57,2.62,2.08,1.9,2.25,3.6,2.88,2.37,3.91,2.83,2.42,3.85,3.0,1.7,2.36,2.12,1.87,,,,,,,,,,,,,,,,,,,,,,,,,,,,,,,,,,,,,,,,,,,,,st etienne,toulouse
F1,17/05/2025,20:00,Strasbourg,Le Havre,2,3,A,1,1,D,6,10,4,5,18,8,4,3,2,0,1,0,1.57,4.75,5.0,,,,,,,1.57,4.8,4.72,,,,,,,1.6,4.9,5.41,1.56,4.65,5.04,1.5,2.63,1.47,2.6,1.54,2.65,1.48,2.56,-1.0,1.9,1.95,1.92,1.95,1.95,1.96,1.9,1.93,1.53,5.0,5.0,,,,,,,1.54,5.01,5.51,,,,,,,1.57,5.1,6.0,1.52,4.85,5.34,1.4,3.0,1.41,3.03,1.43,3.03,1.41,2.89,-1.0,1.83,2.03,1.84,2.1,1.9,2.11,1.82,2.03,Unknown,4,0,4,1.57,4.6,5.0,1.6,4.9,5.41,1.62,4.8,5.5,1.54,2.66,1.94,1.96,1.44,4.75,6.0,1.57,5.1,5.1,1.54,5.1,6.2,1.48,3.0,1.82,2.18,,,,,,,,,,,,,,,,,,,,,,,,,,,,,,,,,,,,,,,,,,,,,strasbourg,le havre
F1,15/08/2025,19:45,Rennes,Marseille,1,0,H,0,0,D,12,24,5,2,8,11,1,12,2,3,1,0,3.5,3.6,2.05,3.4,3.5,2.05,,,,3.64,3.58,2.11,,,,,,,3.55,3.6,2.1,3.46,3.52,2.04,1.88,1.98,1.91,2.0,1.88,2.05,1.79,1.97,0.5,1.8,2.05,1.82,2.11,1.81,2.07,1.77,2.0,3.9,3.6,1.91,3.8,3.6,1.95,,,,3.99,3.69,1.97,,,,,,,3.9,3.75,1.97,3.8,3.58,1.93,1.8,2.0,1.88,2.03,1.81,2.08,1.76,2.01,0.5,1.95,1.9,1.94,1.98,1.95,1.97,1.86,1.89,Unknown,4,3,7,,,,,,,3.8,3.65,2.12,1.89,2.08,1.87,2.14,,,,,,,4.1,3.8,2.02,1.84,2.14,1.97,2.02,3.4,3.5,2.1,3.45,3.55,1.94,3.5,3.5,2.05,3.4,3.5,2.05,3.4,3.5,2.05,3.75,3.6,1.95,3.7,3.45,1.9,3.8,3.7,1.9,3.8,3.6,1.95,3.75,3.6,1.95,,,,,,,,,,,,,,,rennes,marseille
F1,16/08/2025,16:00,Lens,Lyon,0,1,A,0,1,A,18,11,5,3,13,20,13,8,2,3,0,0,2.3,3.6,2.9,2.25,3.6,2.95,,,,2.35,3.63,3.02,,,,,,,2.33,3.6,3.0,2.29,3.56,2.87,1.67,2.2,1.68,2.27,1.7,2.2,1.66,2.14,-0.25,2.0,1.85,2.04,1.87,2.0,1.85,1.92,1.77,2.5,3.4,2.75,2.45,3.5,2.7,,,,2.41,3.61,2.98,,,,,,,2.54,3.6,2.9,2.43,3.47,2.75,1.73,2.1,1.72,2.23,1.75,2.2,1.71,2.08,0.0,1.8,2.05,1.76,2.18,1.82,2.1,1.77,2.02,Unknown,2,3,5,,,,,,,2.38,3.75,3.05,1.73,2.28,2.07,1.88,,,,,,,2.6,3.55,2.98,1.79,2.22,1.86,2.15,2.3,3.5,3.0,2.28,3.5,2.75,2.25,3.5,2.8,2.3,3.6,2.9,2.25,3.6,2.9,2.4,3.5,2.8,2.35,3.4,2.7,2.45,3.5,2.75,2.45,3.5,2.75,2.45,3.5,2.7,,,,,,,,,,,,,,,lens,lyon
F1,16/08/2025,18:00,Monaco,Le Havre,3,1,H,1,0,H,13,9,3,4,5,14,5,4,0,1,0,0,1.33,5.25,8.0,1.36,5.25,7.75,,,,1.34,5.61,8.59,,,,,,,1.36,5.5,8.5,1.33,5.23,8.08,1.53,2.5,1.55,2.55,1.55,2.5,1.51,2.44,-1.5,1.95,1.9,1.98,1.93,1.95,1.9,1.92,1.84,1.22,7.0,11.0,1.22,6.5,12.5,,,,1.24,6.79,12.26,,,,,,,1.23,7.0,13.0,1.21,6.63,11.97,1.4,3.0,1.45,2.81,1.44,3.0,1.4,2.84,-2.0,2.0,1.85,2.1,1.79,2.05,1.85,1.96,1.77,Unknown,0,1,1,,,,,,,1.37,5.9,9.6,1.58,2.58,2.02,1.94,,,,,,,1.25,7.4,14.0,1.44,3.15,2.07,1.88,1.33,5.5,8.5,1.3,5.2,8.0,1.3,5.0,8.5,1.36,5.25,7.5,1.36,5.25,7.5,1.22,6.5,13.0,1.18,6.4,11.5,1.18,7.0,13.0,1.22,6.5,12.0,1.22,6.5,12.0,,,,,,,,,,,,,,,monaco,le havre
F1,16/08/2025,20:05,Nice,Toulouse,0,1,A,0,0,D,13,10,2,2,12,13,9,4,2,3,0,0,2.1,3.3,3.6,2.15,3.4,3.3,,,,2.12,3.45,3.69,,,,,,,2.15,3.4,3.66,2.08,3.34,3.47,2.0,1.85,2.03,1.87,2.1,1.85,1.98,1.78,-0.25,1.8,2.05,1.83,2.09,1.8,2.05,1.71,1.98,1.91,3.4,4.1,1.98,3.4,3.9,,,,2.15,3.36,3.77,,,,,,,2.0,3.5,4.2,1.95,3.39,3.9,2.0,1.85,2.06,1.85,2.06,1.85,1.97,1.79,-0.5,1.98,1.88,2.14,1.78,1.98,1.93,1.93,1.83,Unknown,2,3,5,,,,,,,2.22,3.45,3.75,2.08,1.87,1.89,2.07,,,,,,,2.06,3.55,4.2,2.04,1.92,2.06,1.92,2.1,3.4,3.5,2.0,3.3,3.5,2.05,3.3,3.3,2.15,3.4,3.3,2.15,3.4,3.3,2.0,3.4,3.75,1.93,3.25,3.8,1.95,3.5,3.8,1.95,3.4,3.9,1.95,3.4,3.9,,,,,,,,,,,,,,,nice,toulouse
F1,17/08/2025,14:00,Brest,Lille,3,3,D,1,2,A,18,10,5,6,11,13,2,2,2,1,0,0,3.3,3.4,2.2,3.2,3.5,2.15,,,,3.36,3.48,2.23,,,,,,,3.33,3.5,2.2,3.22,3.41,2.16,1.9,1.95,1.93,1.95,1.94,1.95,1.87,1.87,0.25,1.93,1.93,1.97,1.93,1.93,1.93,1.89,1.77,2.45,3.2,3.0,2.45,3.25,2.9,,,,2.71,3.23,2.87,,,,,,,2.55,3.3,3.13,2.46,3.18,2.93,2.05,1.8,2.15,1.76,2.1,1.8,2.03,1.74,-0.25,2.1,1.78,2.29,1.68,2.12,1.78,2.02,1.7,Unknown,2,1,3,,,,,,,3.45,3.55,2.3,1.94,1.99,1.99,1.97,,,,,,,2.62,3.3,3.1,2.22,1.8,2.22,1.79,3.3,3.4,2.2,3.2,3.3,2.12,3.13,3.4,2.1,3.2,3.5,2.15,3.2,3.5,2.15,2.4,3.2,3.0,2.5,3.15,2.7,2.5,3.1,3.0,2.45,3.25,2.9,2.45,3.25,2.9,,,,,,,,,,,,,,,brest,lille
F1,17/08/2025,16:15,Angers,Paris FC,1,0,H,1,0,H,8,17,2,7,14,10,3,7,2,1,1,0,2.63,3.2,2.8,2.6,3.2,2.75,,,,2.75,3.17,2.83,,,,,,,2.71,3.2,2.8,2.62,3.12,2.74,2.2,1.67,2.27,1.68,2.23,1.67,2.16,1.65,0.0,1.88,1.98,1.93,1.98,1.88,1.98,1.84,1.93,3.1,3.25,2.35,3.0,3.3,2.35,,,,3.24,3.46,2.33,,,,,,,3.13,3.4,2.4,3.04,3.27,2.35,2.0,1.85,1.93,1.98,2.0,1.87,1.94,1.81,0.25,1.83,2.03,1.92,2.01,1.83,2.05,1.78,1.88,Unknown,4,1,5,,,,,,,2.74,3.25,2.92,2.28,1.73,1.91,2.03,,,,,,,3.25,3.4,2.48,2.1,1.9,1.88,2.12,2.63,3.1,2.8,2.63,3.0,2.7,2.55,3.1,2.63,2.6,3.2,2.75,2.6,3.2,2.75,3.0,3.25,2.4,2.95,3.25,2.28,3.1,3.13,2.38,3.0,3.3,2.37,3.0,3.25,2.37,,,,,,,,,,,,,,,angers,paris
F1,17/08/2025,16:15,Auxerre,Lorient,1,0,H,0,0,D,7,14,3,3,18,14,4,5,3,2,0,0,2.38,3.3,3.0,2.35,3.4,2.9,,,,2.4,3.46,3.06,,,,,,,2.4,3.5,3.05,2.32,3.35,2.96,1.9,1.95,1.91,1.98,1.95,1.95,1.9,1.85,-0.25,2.05,1.8,2.07,1.85,2.05,1.8,1.91,1.77,2.55,3.2,2.88,2.5,3.2,2.85,,,,2.47,3.29,3.14,,,,,,,2.55,3.25,3.0,2.49,3.18,2.88,2.1,1.73,2.1,1.81,2.16,1.83,2.04,1.74,0.0,1.8,2.05,1.74,2.22,1.81,2.1,1.76,2.03,Unknown,3,2,5,,,,,,,2.4,3.5,3.15,1.96,1.98,2.07,1.87,,,,,,,2.66,3.3,3.1,2.16,1.83,1.85,2.14,2.38,3.3,3.0,2.23,3.3,2.95,2.3,3.3,2.88,2.37,3.5,2.9,2.3,3.4,2.9,2.5,3.2,2.88,2.4,3.2,2.85,2.55,3.1,2.9,2.5,3.25,2.8,2.5,3.25,2.8,,,,,,,,,,,,,,,auxerre,lorient
F1,17/08/2025,16:15,Metz,Strasbourg,0,1,A,0,0,D,2,9,0,4,16,13,3,3,2,2,0,0,3.2,3.4,2.25,2.95,3.4,2.3,,,,3.23,3.48,2.29,,,,,,,3.2,3.45,2.3,3.03,3.38,2.26,1.88,1.98,1.92,1.97,1.91,1.98,1.86,1.89,0.25,1.88,1.98,1.93,1.98,1.88,1.98,1.81,1.85,3.75,3.5,2.0,3.6,3.4,2.05,,,,3.52,3.53,2.17,,,,,,,4.0,3.6,2.05,3.62,3.47,2.01,1.88,1.98,1.91,2.0,1.91,1.98,1.86,1.9,0.5,1.83,2.03,1.78,2.17,1.9,2.03,1.79,1.97,Unknown,2,2,4,,,,,,,3.3,3.5,2.36,1.94,1.99,1.94,2.02,,,,,,,3.95,3.6,2.1,1.97,2.02,1.89,2.1,3.1,3.4,2.3,2.9,3.4,2.23,3.0,3.3,2.2,3.0,3.4,2.3,3.0,3.4,2.3,3.6,3.5,2.05,3.45,3.45,1.96,3.6,3.5,2.0,3.6,3.4,2.05,3.5,3.4,2.05,,,,,,,,,,,,,,,metz,strasbourg
F1,17/08/2025,19:45,Nantes,Paris SG,0,1,A,0,0,D,6,18,0,4,6,6,2,7,1,1,0,0,7.5,5.5,1.36,7.75,5.75,1.34,,,,8.26,5.72,1.35,,,,,,,8.5,5.75,1.36,7.97,5.43,1.32,1.44,2.75,1.48,2.73,1.45,2.75,1.44,2.66,1.5,1.88,1.98,1.93,1.97,1.96,1.98,1.88,1.87,13.0,7.0,1.2,13.0,6.75,1.21,,,,11.14,6.54,1.26,,,,,,,14.0,7.5,1.25,12.38,6.71,1.21,1.44,2.75,1.51,2.64,1.5,2.95,1.42,2.74,2.0,1.8,2.05,1.69,2.26,1.86,2.05,1.78,1.95,Unknown,1,1,2,,,,,,,9.0,6.0,1.35,1.5,2.82,1.93,1.96,,,,,,,15.0,7.8,1.24,1.51,2.94,1.9,2.06,8.5,5.5,1.33,8.5,5.5,1.27,8.0,5.0,1.3,8.0,5.5,1.33,7.5,5.5,1.33,12.0,6.0,1.25,11.5,6.5,1.18,12.0,7.5,1.18,13.0,6.5,1.22,13.0,6.5,1.2,,,,,,,,,,,,,,,nantes,paris sg
F1,22/08/2025,19:45,Paris SG,Angers,1,0,H,0,0,D,21,3,4,0,3,9,12,0,0,0,0,0,1.08,12.0,21.0,1.1,11.5,26.0,,,,1.09,12.5,27.0,,,,,,,1.1,12.0,31.0,1.08,11.06,24.94,1.25,4.0,,,1.26,4.0,1.24,3.77,-2.75,1.93,1.93,1.95,1.93,1.95,1.93,1.87,1.84,1.06,13.0,23.0,1.08,12.5,31.0,,,,1.09,12.48,27.07,,,,,,,1.08,13.0,41.0,1.06,11.97,29.25,1.25,4.0,,,1.27,4.0,1.24,3.8,-2.75,1.75,2.05,1.93,1.95,1.86,2.08,1.8,1.96,Unknown,0,0,0,,,,,,,1.1,15.0,34.0,1.28,4.2,1.96,1.98,,,,,,,1.09,16.5,40.0,1.3,4.2,1.87,2.11,1.08,11.0,29.0,1.05,10.5,25.0,1.07,11.5,26.0,1.09,11.0,23.0,1.09,11.0,23.0,1.07,12.0,34.0,1.04,11.0,25.0,1.06,13.0,29.0,1.08,13.0,29.0,1.07,12.0,29.0,,,,,,,,,,,,,,,paris sg,angers
F1,23/08/2025,16:00,Marseille,Paris FC,5,2,H,2,1,H,12,8,7,4,9,12,5,2,1,0,0,0,1.38,5.0,7.5,1.39,5.0,7.5,,,,1.39,5.14,8.08,,,,,,,1.4,5.0,8.5,1.36,4.89,7.89,1.65,2.2,1.67,2.3,1.7,2.25,1.64,2.17,-1.5,2.05,1.75,2.1,1.8,2.07,1.8,2.02,1.74,1.42,5.0,6.25,1.41,5.0,7.0,,,,1.42,5.09,7.5,,,,,,,1.44,5.1,8.0,1.39,4.93,7.16,1.53,2.4,1.63,2.39,1.57,2.5,1.53,2.41,-1.25,1.93,1.93,1.93,2.0,1.93,2.02,1.8,1.96,Unknown,1,0,1,,,,,,,1.4,5.3,9.2,1.7,2.34,2.14,1.84,,,,,,,1.43,5.2,8.6,1.58,2.6,1.94,2.05,1.36,5.0,8.5,1.33,4.8,8.0,1.33,4.6,8.0,1.4,5.0,7.5,1.4,5.0,7.5,1.4,5.0,7.5,1.32,5.0,7.5,1.4,4.8,7.5,1.4,5.0,7.0,1.4,4.8,7.0,,,,,,,,,,,,,,,marseille,paris
F1,23/08/2025,18:00,Nice,Auxerre,3,1,H,2,1,H,16,12,6,8,10,15,5,4,2,2,0,1,1.62,4.2,5.0,1.62,4.2,5.0,,,,1.68,4.12,4.98,,,,,,,1.67,4.33,5.0,1.62,4.09,4.93,1.73,2.08,1.79,2.1,1.78,2.1,1.72,2.05,-0.75,1.83,2.03,1.88,2.03,1.83,2.03,1.76,1.92,1.85,3.7,4.1,1.83,3.6,4.33,,,,1.85,3.81,4.42,,,,,,,1.88,3.9,4.5,1.8,3.68,4.25,2.0,1.85,1.94,1.96,2.0,1.94,1.91,1.84,-0.5,1.85,2.0,1.85,2.08,1.85,2.1,1.78,1.99,Unknown,2,4,6,,,,,,,1.72,4.2,5.1,1.81,2.16,1.91,2.03,,,,,,,1.91,3.8,4.6,2.02,1.96,1.91,2.07,1.67,4.0,5.0,1.57,4.1,4.9,1.62,3.8,4.8,1.61,4.2,5.0,1.61,4.2,4.8,1.83,3.6,4.33,1.74,3.7,4.1,1.8,3.6,4.4,1.83,3.6,4.33,1.83,3.6,4.33,,,,,,,,,,,,,,,nice,auxerre
F1,23/08/2025,20:05,Lyon,Metz,3,0,H,2,0,H,13,11,8,2,13,15,4,3,0,2,0,0,1.4,5.0,7.0,1.41,5.0,7.0,,,,1.4,5.19,7.54,,,,,,,1.42,5.0,7.5,1.39,4.93,6.98,1.53,2.5,1.56,2.54,1.55,2.6,1.5,2.46,-1.25,1.85,2.0,1.87,2.05,1.86,2.0,1.79,1.91,1.4,5.0,7.0,1.41,5.0,7.0,,,,1.43,5.17,7.3,,,,,,,1.44,5.25,7.5,1.39,4.95,7.07,1.53,2.5,1.55,2.58,1.53,2.55,1.5,2.47,-1.25,1.83,2.03,1.93,2.0,1.91,2.05,1.81,1.95,Unknown,0,2,2,,,,,,,1.42,5.2,8.2,1.58,2.62,1.87,2.05,,,,,,,1.44,5.3,8.4,1.57,2.7,1.91,2.06,1.4,5.0,7.5,1.36,4.9,6.75,1.36,4.75,7.0,1.4,5.0,7.0,1.4,5.0,7.0,1.4,5.0,7.5,1.36,4.9,6.75,1.36,5.0,7.5,1.4,5.0,7.0,1.4,4.8,7.0,,,,,,,,,,,,,,,lyon,metz
F1,24/08/2025,14:00,Lorient,Rennes,4,0,H,1,0,H,22,5,7,1,18,7,3,2,6,0,0,2,2.8,3.3,2.55,2.75,3.3,2.5,,,,2.84,3.3,2.64,,,,,,,2.83,3.4,2.6,2.71,3.29,2.54,1.98,1.88,2.01,1.88,2.0,1.91,1.94,1.81,0.0,2.0,1.85,2.03,1.88,2.0,1.85,1.94,1.82,2.75,3.3,2.55,2.7,3.3,2.55,,,,2.8,3.35,2.68,,,,,,,2.8,3.4,2.6,2.74,3.31,2.52,2.0,1.85,2.01,1.89,2.01,1.85,1.95,1.81,0.0,1.97,1.77,2.01,1.92,2.0,1.86,1.97,1.8,Unknown,6,4,10,,,,,,,2.84,3.35,2.66,2.04,1.9,2.04,1.9,,,,,,,2.9,3.5,2.68,2.06,1.9,2.07,1.92,2.75,3.3,2.6,2.6,3.25,2.55,2.63,3.25,2.5,2.75,3.4,2.5,2.75,3.3,2.5,2.8,3.25,2.6,2.65,3.3,2.45,2.75,3.3,2.55,2.75,3.3,2.6,2.7,3.3,2.5,,,,,,,,,,,,,,,lorient,rennes
F1,24/08/2025,16:15,Le Havre,Lens,1,2,A,1,2,A,18,6,6,3,17,16,7,0,3,1,0,0,3.75,3.6,1.95,3.7,3.7,1.93,,,,3.99,3.66,1.95,,,,,,,3.8,3.75,1.96,3.69,3.61,1.93,1.85,2.0,1.88,2.02,1.88,2.0,1.82,1.93,0.5,1.9,1.95,1.94,1.96,1.9,1.95,1.85,1.9,4.2,3.6,1.85,4.0,3.7,1.85,,,,4.42,3.69,1.88,,,,,,,4.65,3.85,1.88,4.21,3.66,1.81,1.83,2.03,1.83,2.07,1.87,2.05,1.79,1.97,0.5,2.03,1.83,2.04,1.88,2.11,1.83,1.98,1.78,Unknown,3,1,4,,,,,,,4.2,3.65,2.0,1.9,2.04,1.98,2.0,,,,,,,4.4,3.75,1.94,1.89,2.1,2.04,1.94,3.75,3.6,1.95,3.55,3.6,1.89,3.6,3.5,1.9,3.7,3.7,1.95,3.7,3.6,1.95,4.2,3.75,1.83,4.2,3.55,1.76,4.1,3.7,1.83,4.0,3.7,1.85,4.0,3.7,1.85,,,,,,,,,,,,,,,le havre,lens
F1,24/08/2025,16:15,Strasbourg,Nantes,1,0,H,0,0,D,15,9,4,2,11,9,7,6,2,2,0,0,1.75,3.5,5.0,1.8,3.7,4.33,,,,1.78,3.65,4.98,,,,,,,1.8,3.75,5.0,1.76,3.65,4.46,1.93,1.93,1.92,1.97,1.93,1.95,1.88,1.87,-0.75,2.0,1.85,2.02,1.88,2.0,1.86,1.94,1.76,1.75,3.5,5.0,1.77,3.6,4.6,,,,1.79,3.65,5.08,,,,,,,1.8,3.75,5.4,1.74,3.6,4.74,2.05,1.8,2.06,1.85,2.07,1.87,1.96,1.8,-0.75,2.03,1.83,2.04,1.89,2.03,1.94,1.95,1.81,Unknown,2,2,4,,,,,,,1.8,3.75,5.1,1.95,1.99,2.03,1.91,,,,,,,1.83,3.7,5.3,2.06,1.89,2.09,1.91,1.8,3.6,4.5,1.72,3.65,4.3,1.73,3.6,4.33,1.8,3.7,4.33,1.8,3.6,4.2,1.8,3.6,4.6,1.68,3.6,4.6,1.75,3.6,4.75,1.75,3.6,4.6,1.75,3.6,4.6,,,,,,,,,,,,,,,strasbourg,nantes
F1,24/08/2025,16:15,Toulouse,Brest,2,0,H,0,0,D,6,16,3,2,14,10,3,9,0,1,0,0,2.1,3.6,3.3,2.1,3.5,3.4,,,,2.11,3.57,3.57,,,,,,,2.15,3.6,3.55,2.07,3.46,3.41,1.93,1.93,1.95,1.93,1.97,1.93,1.89,1.85,-0.25,1.83,2.03,1.83,2.09,1.83,2.03,1.72,1.97,2.2,3.4,3.25,2.2,3.4,3.2,,,,2.27,3.4,3.4,,,,,,,2.3,3.45,3.33,2.2,3.37,3.22,2.03,1.83,2.05,1.87,2.05,1.83,1.97,1.79,-0.25,1.93,1.93,1.96,1.96,1.95,1.93,1.85,1.9,Unknown,0,1,1,,,,,,,2.14,3.7,3.6,2.0,1.94,1.86,2.12,,,,,,,2.32,3.45,3.45,2.06,1.9,2.0,1.99,2.1,3.4,3.5,1.97,3.4,3.45,2.05,3.4,3.25,2.1,3.5,3.4,2.1,3.5,3.4,2.25,3.3,3.3,2.12,3.3,3.2,2.2,3.4,3.2,2.2,3.4,3.2,2.2,3.4,3.2,,,,,,,,,,,,,,,toulouse,brest
F1,24/08/2025,19:45,Lille,Monaco,1,0,H,0,0,D,18,6,1,1,7,14,8,3,1,2,0,0,3.1,3.6,2.2,2.85,3.6,2.3,,,,3.11,3.64,2.29,,,,,,,3.1,3.6,2.35,2.94,3.53,2.25,1.67,2.15,1.7,2.25,1.73,2.2,1.67,2.12,0.25,1.9,1.95,1.91,1.99,1.9,1.98,1.8,1.85,3.2,3.7,2.15,3.2,3.6,2.15,,,,3.52,3.64,2.13,,,,,,,3.35,3.7,2.2,3.22,3.59,2.12,1.67,2.15,1.68,2.32,1.68,2.28,1.64,2.19,0.25,1.98,1.88,2.08,1.85,2.0,1.88,1.95,1.77,Unknown,1,2,3,,,,,,,3.2,3.7,2.34,1.73,2.3,1.93,2.04,,,,,,,3.45,3.7,2.24,1.72,2.34,2.04,1.95,3.1,3.5,2.25,2.85,3.5,2.23,2.9,3.5,2.15,2.87,3.6,2.3,2.87,3.6,2.3,3.2,3.6,2.15,3.2,3.45,2.06,3.2,3.7,2.1,3.2,3.6,2.15,3.2,3.5,2.15,,,,,,,,,,,,,,,lille,monaco
F1,29/08/2025,19:45,Lens,Brest,3,1,H,0,1,A,30,9,10,2,7,12,15,1,1,3,0,1,1.85,3.75,4.0,1.87,3.7,4.0,,,,1.88,3.83,4.24,,,,,,,1.88,3.8,4.2,1.84,3.68,4.05,1.8,2.0,1.85,2.07,1.87,2.04,1.8,1.96,-0.5,1.85,2.0,1.88,2.04,1.87,2.0,1.82,1.94,1.91,3.6,3.75,1.93,3.7,3.7,,,,1.98,3.74,3.92,,,,,,,2.0,3.85,4.1,1.9,3.69,3.8,1.73,2.1,1.74,2.19,1.75,2.15,1.72,2.06,-0.5,1.95,1.9,1.99,1.93,1.97,1.98,1.87,1.88,Unknown,1,5,6,,,,,,,1.91,3.9,4.4,1.87,2.1,1.91,2.08,,,,,,,2.0,3.8,4.1,1.82,2.18,2.0,1.99,1.83,3.75,4.2,1.84,3.7,4.1,1.83,3.7,4.1,1.85,3.7,4.0,1.85,3.6,3.9,1.95,3.6,3.75,1.84,3.85,4.0,1.93,3.7,3.7,1.95,3.7,3.75,1.95,3.6,3.7,,,,,,,,,,,,,,,lens,brest
F1,30/08/2025,16:00,Lorient,Lille,1,7,A,0,0,D,6,20,2,11,14,18,3,8,3,3,0,0,3.4,3.5,2.1,3.3,3.5,2.1,,,,3.44,3.62,2.14,,,,,,,3.4,3.55,2.15,3.3,3.48,2.11,1.88,1.98,1.88,2.0,1.92,1.98,1.85,1.89,0.25,2.0,1.85,2.05,1.86,2.0,1.85,1.95,1.75,3.3,3.4,2.15,3.3,3.4,2.15,,,,3.4,3.6,2.18,,,,,,,3.33,3.55,2.21,3.27,3.45,2.15,1.9,1.95,1.93,1.97,1.91,1.95,1.85,1.91,0.25,1.92,1.82,2.03,1.9,1.96,1.91,1.93,1.77,Unknown,3,3,6,,,,,,,3.6,3.65,2.2,1.91,2.04,2.08,1.9,,,,,,,3.5,3.6,2.26,1.98,1.99,2.03,1.96,3.4,3.4,2.15,3.3,3.55,2.12,3.2,3.4,2.05,3.3,3.5,2.15,3.3,3.5,2.1,3.3,3.4,2.2,3.25,3.55,2.15,3.3,3.5,2.1,3.3,3.4,2.15,3.3,3.4,2.15,,,,,,,,,,,,,,,lorient,lille
F1,30/08/2025,18:00,Nantes,Auxerre,1,0,H,1,0,H,4,14,3,4,13,11,3,9,1,3,0,0,2.2,3.4,3.25,2.3,3.2,3.2,,,,2.33,3.27,3.34,,,,,,,2.36,3.4,3.4,2.26,3.2,3.24,2.2,1.67,2.22,1.71,2.2,1.7,2.14,1.66,-0.25,1.93,1.93,2.0,1.91,1.95,1.93,1.87,1.87,2.5,3.3,2.75,2.45,3.25,2.87,,,,2.42,3.23,3.28,,,,,,,2.6,3.3,3.1,2.48,3.24,2.86,2.05,1.8,2.29,1.68,2.2,1.8,2.06,1.73,0.0,1.83,2.03,1.69,2.3,1.85,2.09,1.79,1.99,Unknown,1,3,4,,,,,,,2.36,3.35,3.4,2.26,1.75,2.01,1.95,,,,,,,2.66,3.35,3.0,2.1,1.89,1.87,2.11,2.25,3.2,3.4,2.28,3.25,3.25,2.2,3.13,3.2,2.3,3.2,3.2,2.3,3.2,3.2,2.6,3.2,2.8,2.45,3.3,2.95,2.5,3.3,2.8,2.45,3.25,2.87,2.45,3.25,2.87,,,,,,,,,,,,,,,nantes,auxerre
F1,30/08/2025,20:05,Toulouse,Paris SG,3,6,A,1,4,A,14,13,6,8,7,11,5,7,1,0,0,0,8.5,5.25,1.33,8.75,5.25,1.34,,,,8.47,5.48,1.36,,,,,,,9.0,5.4,1.37,8.17,5.12,1.34,1.57,2.38,1.59,2.46,1.6,2.4,1.56,2.34,1.5,1.88,1.98,1.9,2.01,1.88,2.02,1.8,1.95,8.5,5.25,1.33,8.5,5.25,1.34,,,,8.84,5.63,1.35,,,,,,,9.0,6.0,1.35,8.54,5.48,1.32,1.53,2.5,1.58,2.51,1.55,2.5,1.52,2.43,1.5,1.93,1.93,1.94,1.98,1.93,1.96,1.87,1.88,Unknown,1,0,1,,,,,,,9.4,5.8,1.37,1.61,2.52,1.94,2.01,,,,,,,10.0,5.7,1.37,1.58,2.66,1.94,2.03,9.0,5.0,1.33,7.5,5.25,1.36,8.5,5.0,1.3,9.0,5.0,1.35,8.0,4.8,1.3,9.0,5.5,1.3,8.5,6.0,1.3,9.0,5.5,1.3,8.5,5.25,1.35,8.5,5.25,1.33,,,,,,,,,,,,,,,toulouse,paris sg
F1,31/08/2025,14:00,Angers,Rennes,1,1,D,0,1,A,10,15,7,7,9,11,1,7,2,2,0,0,3.4,3.5,2.1,3.25,3.4,2.15,,,,3.47,3.53,2.16,,,,,,,3.5,3.5,2.15,3.34,3.37,2.11,2.05,1.8,2.08,1.82,2.08,1.8,2.0,1.76,0.25,2.03,1.83,2.03,1.88,2.03,1.83,1.96,1.74,4.75,3.5,1.77,4.2,3.6,1.83,,,,4.31,3.6,1.93,,,,,,,4.75,3.75,1.84,4.37,3.6,1.8,1.93,1.93,2.09,1.83,2.04,1.93,1.94,1.82,0.75,1.8,2.05,1.74,2.21,1.8,2.07,1.73,2.04,Unknown,2,2,4,,,,,,,3.75,3.55,2.16,2.1,1.84,2.14,1.85,,,,,,,4.7,3.8,1.89,2.04,1.94,1.84,2.15,3.5,3.3,2.15,3.4,3.45,2.12,3.3,3.1,2.05,3.25,3.4,2.15,3.25,3.4,2.15,4.5,3.6,1.8,4.4,3.6,1.82,4.4,3.6,1.8,4.2,3.6,1.83,4.2,3.6,1.83,,,,,,,,,,,,,,,angers,rennes
F1,31/08/2025,16:15,Le Havre,Nice,3,1,H,1,0,H,12,7,8,3,13,16,0,5,1,4,0,0,3.6,3.5,2.05,3.5,3.4,2.1,,,,3.64,3.59,2.08,,,,,,,3.6,3.75,2.1,3.44,3.51,2.05,1.88,1.98,1.88,2.0,1.93,1.98,1.85,1.9,0.5,1.8,2.05,1.83,2.09,1.81,2.05,1.76,2.0,3.1,3.3,2.3,3.25,3.4,2.2,,,,3.47,3.58,2.17,,,,,,,3.4,3.65,2.3,3.24,3.41,2.19,1.95,1.9,1.91,2.0,2.05,1.9,1.92,1.84,0.25,1.88,1.98,2.04,1.88,2.0,1.98,1.91,1.8,Unknown,1,4,5,,,,,,,3.6,3.5,2.16,1.89,2.02,1.78,2.16,,,,,,,3.45,3.5,2.34,2.04,1.91,1.97,2.0,3.5,3.4,2.1,3.45,3.75,2.02,3.4,3.4,2.0,3.5,3.4,2.1,3.4,3.4,2.1,3.3,3.3,2.25,3.4,3.65,2.07,3.13,3.4,2.25,3.25,3.4,2.2,3.2,3.4,2.2,,,,,,,,,,,,,,,le havre,nice
F1,31/08/2025,16:15,Monaco,Strasbourg,3,2,H,1,0,H,12,12,4,4,13,12,6,5,2,1,0,1,1.55,4.33,5.5,1.55,4.33,5.5,,,,1.56,4.56,5.64,,,,,,,1.57,4.6,6.0,1.53,4.34,5.5,1.62,2.3,1.62,2.39,1.66,2.3,1.61,2.23,-1.0,1.9,1.95,1.93,1.97,1.9,1.95,1.87,1.89,1.42,5.25,6.25,1.42,4.8,7.0,,,,1.55,4.75,5.75,,,,,,,1.5,5.25,7.0,1.42,4.91,6.54,1.44,2.75,1.59,2.49,1.53,2.75,1.48,2.56,-1.25,1.9,1.95,2.16,1.78,1.93,1.96,1.85,1.89,Unknown,2,3,5,,,,,,,1.58,5.0,5.7,1.64,2.42,1.93,1.98,,,,,,,1.48,5.2,7.2,1.54,2.78,1.96,2.01,1.53,4.33,6.0,1.53,4.6,5.6,1.5,4.1,5.5,1.55,4.33,5.5,1.55,4.33,5.5,1.5,4.33,5.2,1.44,5.0,6.4,1.4,5.0,7.0,1.4,4.8,7.0,1.4,4.8,7.0,,,,,,,,,,,,,,,monaco,strasbourg
F1,31/08/2025,16:15,Paris FC,Metz,3,2,H,1,1,D,24,14,9,2,4,8,14,6,1,1,0,1,1.8,3.7,4.33,1.85,3.6,4.2,,,,1.84,3.76,4.43,,,,,,,1.85,3.75,4.33,1.82,3.6,4.23,1.98,1.88,1.97,1.92,1.98,1.91,1.92,1.83,-0.5,1.8,2.05,1.85,2.07,1.84,2.05,1.8,1.96,1.73,4.0,4.5,1.77,3.7,4.5,,,,1.76,3.94,4.78,,,,,,,1.77,4.0,4.75,1.74,3.77,4.57,1.85,2.0,1.89,2.02,1.92,2.0,1.85,1.9,-0.75,1.98,1.88,1.99,1.93,1.98,1.88,1.95,1.81,Unknown,1,3,4,,,,,,,1.89,3.8,4.7,2.02,1.9,1.89,2.11,,,,,,,1.83,3.85,5.0,1.98,1.99,2.04,1.92,1.83,3.6,4.33,1.84,3.65,4.2,1.75,3.5,4.33,1.85,3.6,4.2,1.85,3.5,4.2,1.73,3.75,4.6,1.74,3.85,4.6,1.73,3.8,4.6,1.75,3.7,4.5,1.75,3.7,4.5,,,,,,,,,,,,,,,paris,metz
F1,31/08/2025,19:45,Lyon,Marseille,1,0,H,0,0,D,17,5,5,2,16,11,9,4,2,2,0,1,2.63,3.6,2.5,2.7,3.7,2.4,,,,2.74,3.75,2.49,,,,,,,2.75,3.9,2.5,2.65,3.68,2.4,1.53,2.4,1.56,2.53,1.55,2.55,1.53,2.4,0.0,2.03,1.83,2.05,1.86,2.03,1.85,1.96,1.8,2.8,3.4,2.45,2.87,3.5,2.35,,,,2.99,3.48,2.43,,,,,,,3.0,3.6,2.45,2.83,3.49,2.38,1.75,2.05,1.76,2.14,1.75,2.25,1.68,2.13,0.25,1.73,2.08,1.83,2.12,1.8,2.08,1.75,1.96,Unknown,2,4,6,,,,,,,2.84,3.8,2.52,1.62,2.56,2.1,1.87,,,,,,,3.1,3.6,2.46,1.8,2.2,1.85,2.15,2.75,3.6,2.4,2.63,3.9,2.4,2.55,3.6,2.38,2.7,3.7,2.4,2.7,3.6,2.4,2.88,3.5,2.38,2.75,3.6,2.4,2.8,3.6,2.38,2.87,3.5,2.37,2.87,3.5,2.37,,,,,,,,,,,,,,,lyon,marseille
F1,12/09/2025,19:45,Marseille,Lorient,4,0,H,3,0,H,15,4,8,1,18,5,10,0,3,2,0,1,1.38,5.0,7.5,1.36,5.25,7.5,,,,1.39,5.55,7.44,,,,,,,1.4,5.5,8.0,1.36,5.22,7.55,1.5,2.63,1.5,2.71,1.5,2.65,1.47,2.61,-1.5,2.03,1.83,2.07,1.86,2.03,1.87,1.96,1.81,1.36,5.0,8.5,1.36,5.25,8.25,,,,1.36,5.66,8.12,,,,,,,1.37,5.5,9.0,1.35,5.16,8.17,1.67,2.2,1.48,2.79,1.67,2.45,1.58,2.32,-1.5,2.03,1.83,1.99,1.93,2.03,1.86,1.97,1.81,Unknown,3,4,7,,,,,,,1.4,5.8,8.6,1.54,2.78,2.07,1.88,,,,,,,1.39,5.7,9.0,1.58,2.66,2.07,1.9,1.36,5.0,8.0,1.35,5.4,8.0,1.36,5.25,7.5,1.36,5.25,7.5,1.36,5.25,7.5,1.33,5.0,9.0,1.35,5.25,8.0,1.33,5.0,9.0,1.35,5.25,8.0,1.35,5.25,8.0,,,,,,,,,,,,,,,marseille,lorient
F1,13/09/2025,16:00,Nice,Nantes,1,0,H,0,0,D,19,14,8,3,16,13,7,4,2,0,0,0,1.67,3.7,5.25,1.68,3.9,4.8,,,,1.71,3.89,5.1,,,,,,,1.7,4.0,5.3,1.66,3.84,4.95,1.9,1.95,1.92,1.97,1.91,1.95,1.86,1.9,-0.75,1.9,1.95,1.92,1.99,1.9,2.02,1.83,1.95,1.53,4.2,6.25,1.57,4.2,5.5,,,,1.57,4.27,6.06,,,,,,,1.58,4.3,6.5,1.55,4.15,5.8,1.73,2.1,1.76,2.15,1.77,2.11,1.72,2.07,-1.0,1.88,1.98,1.97,1.95,1.96,1.98,1.91,1.88,Unknown,2,0,2,,,,,,,1.73,3.95,5.5,1.93,2.0,1.93,2.02,,,,,,,1.61,4.3,6.6,1.83,2.14,2.0,1.97,1.7,3.75,5.0,1.64,3.95,5.25,1.65,3.7,4.75,1.7,3.9,4.8,1.67,3.9,4.8,1.53,4.2,6.0,1.58,4.1,5.6,1.53,4.0,6.5,1.57,4.2,5.5,1.57,4.2,5.5,,,,,,,,,,,,,,,nice,nantes
F1,13/09/2025,20:05,Auxerre,Monaco,1,2,A,0,1,A,9,13,2,3,12,19,5,8,3,6,1,0,5.0,4.33,1.6,4.8,4.33,1.62,,,,5.17,4.55,1.6,,,,,,,5.5,4.5,1.62,4.92,4.3,1.59,1.53,2.5,1.55,2.57,1.55,2.5,1.52,2.44,1.0,1.85,2.0,1.92,1.99,1.85,2.0,1.81,1.97,5.0,4.5,1.57,5.0,4.5,1.57,,,,4.95,4.63,1.62,,,,,,,5.25,4.75,1.6,5.03,4.49,1.57,1.44,2.75,1.45,2.87,1.47,2.8,1.43,2.72,1.0,1.93,1.93,1.91,2.02,1.93,1.94,1.89,1.9,Unknown,5,6,11,,,,,,,5.5,4.5,1.63,1.57,2.62,1.91,2.03,,,,,,,5.6,4.7,1.62,1.49,2.98,1.99,2.0,5.5,4.33,1.57,5.0,4.3,1.61,4.8,4.2,1.55,4.8,4.33,1.61,4.8,4.33,1.61,5.0,4.33,1.6,5.2,4.5,1.56,5.25,4.5,1.55,5.0,4.5,1.57,5.0,4.5,1.57,,,,,,,,,,,,,,,auxerre,monaco
F1,14/09/2025,14:00,Lille,Toulouse,2,1,H,0,0,D,20,9,5,4,12,10,7,6,2,3,0,1,1.75,3.8,4.5,1.8,3.8,4.1,,,,1.78,4.01,4.43,,,,,,,1.8,4.0,4.5,1.76,3.81,4.25,1.8,2.0,1.82,2.06,1.85,2.02,1.78,1.98,-0.75,2.0,1.85,2.02,1.88,2.0,1.85,1.96,1.82,1.85,3.7,4.2,1.87,3.6,4.0,,,,1.88,3.61,4.49,,,,,,,1.88,3.7,4.35,1.84,3.6,4.18,1.98,1.88,2.02,1.89,2.0,1.91,1.91,1.86,-0.5,1.83,2.03,1.89,2.03,1.86,2.03,1.82,1.96,Unknown,2,5,7,,,,,,,1.82,3.95,4.7,1.86,2.08,2.04,1.91,,,,,,,1.93,3.7,4.6,2.02,1.95,1.92,2.07,1.8,3.75,4.33,1.75,3.85,4.4,1.73,3.7,4.2,1.8,3.8,4.2,1.8,3.8,4.0,1.83,3.6,4.33,1.82,3.6,4.35,1.85,3.6,4.2,1.85,3.6,4.0,1.85,3.6,4.0,,,,,,,,,,,,,,,lille,toulouse
F1,14/09/2025,16:15,Brest,Paris FC,1,2,A,0,2,A,23,7,8,4,11,10,6,1,0,2,0,1,2.25,3.5,3.1,2.25,3.5,3.0,,,,2.31,3.66,3.05,,,,,,,2.28,3.6,3.35,2.21,3.51,3.06,1.73,2.1,1.76,2.14,1.83,2.1,1.74,2.04,-0.25,1.98,1.88,2.02,1.89,1.98,2.0,1.89,1.88,2.63,3.4,2.6,2.65,3.4,2.55,,,,2.53,3.47,2.91,,,,,,,2.72,3.45,2.75,2.6,3.38,2.62,1.8,2.0,1.83,2.06,1.81,2.05,1.77,2.0,0.0,1.95,1.9,1.83,2.11,1.95,1.91,1.91,1.87,Unknown,0,4,4,,,,,,,2.34,3.65,3.2,1.8,2.2,2.02,1.94,,,,,,,2.82,3.45,2.76,1.85,2.12,1.98,2.0,2.25,3.5,3.1,2.15,3.6,3.25,2.2,3.4,2.9,2.25,3.5,3.0,2.25,3.5,3.0,2.5,3.4,2.63,2.5,3.45,2.75,2.63,3.3,2.63,2.7,3.4,2.6,2.62,3.4,2.5,,,,,,,,,,,,,,,brest,paris
F1,14/09/2025,16:15,Metz,Angers,1,1,D,1,0,H,9,11,5,4,10,7,4,3,0,1,0,0,2.25,3.4,3.2,2.25,3.4,3.1,,,,2.35,3.32,3.26,,,,,,,2.38,3.45,3.45,2.27,3.31,3.1,2.1,1.73,2.1,1.79,2.1,1.8,2.03,1.74,-0.25,2.0,1.85,2.02,1.88,2.0,2.0,1.95,1.83,2.25,3.4,3.2,2.25,3.3,3.2,,,,2.23,3.35,3.57,,,,,,,2.28,3.4,3.35,2.25,3.27,3.24,2.1,1.73,2.11,1.79,2.16,1.77,2.06,1.72,-0.25,1.98,1.88,1.91,2.01,1.98,1.92,1.91,1.87,Unknown,0,1,1,,,,,,,2.46,3.4,3.25,2.2,1.81,2.09,1.89,,,,,,,2.32,3.45,3.45,2.18,1.82,2.0,1.98,2.3,3.25,3.2,2.33,3.35,3.0,2.25,3.2,3.0,2.25,3.4,3.1,2.25,3.4,3.1,2.25,3.25,3.3,2.28,3.25,3.25,2.25,3.3,3.25,2.25,3.3,3.2,2.25,3.25,3.2,,,,,,,,,,,,,,,metz,angers
F1,14/09/2025,16:15,Paris SG,Lens,2,0,H,1,0,H,14,11,6,3,10,8,4,3,1,2,0,0,1.33,5.75,7.5,1.32,6.0,8.0,,,,1.33,5.97,8.28,,,,,,,1.35,6.25,9.5,1.31,5.75,8.06,1.36,3.2,1.38,3.19,1.37,3.2,1.35,3.06,-1.75,2.05,1.75,2.14,1.78,2.05,1.92,2.0,1.77,1.36,5.5,7.0,1.35,5.75,7.25,,,,1.35,5.92,8.11,,,,,,,1.38,6.0,8.5,1.34,5.58,7.59,1.4,3.0,1.35,3.3,1.4,3.1,1.36,3.02,-1.5,1.98,1.88,1.94,1.98,1.98,1.98,1.87,1.9,Unknown,1,2,3,,,,,,,1.35,6.2,9.0,1.4,3.35,2.12,1.81,,,,,,,1.38,6.0,8.8,1.39,3.5,2.01,1.96,1.3,5.5,9.0,1.3,5.8,8.5,1.3,5.5,7.5,1.33,6.0,8.0,1.3,5.75,8.0,1.33,5.5,8.5,1.32,6.0,8.0,1.33,5.5,8.0,1.35,5.5,7.5,1.35,5.5,7.0,,,,,,,,,,,,,,,paris sg,lens
F1,14/09/2025,16:15,Strasbourg,Le Havre,1,0,H,0,0,D,9,10,7,1,8,16,4,3,2,2,1,0,1.62,4.0,5.5,1.62,4.1,5.0,,,,1.64,4.27,5.15,,,,,,,1.63,4.25,5.6,1.6,4.07,5.22,1.8,2.0,1.81,2.08,1.81,2.04,1.76,2.0,-1.0,2.05,1.75,2.11,1.81,2.05,1.84,2.01,1.77,1.83,3.7,4.2,1.82,3.7,4.2,,,,1.83,3.84,4.48,,,,,,,1.85,3.8,4.6,1.8,3.68,4.35,2.03,1.83,1.91,2.0,2.03,1.95,1.9,1.86,-0.5,1.83,2.03,1.83,2.09,1.85,2.08,1.78,2.0,Unknown,4,2,6,,,,,,,1.67,4.3,5.6,1.82,2.12,2.14,1.8,,,,,,,1.91,3.7,4.7,2.02,1.93,1.9,2.1,1.62,4.0,5.5,1.58,4.1,5.6,1.57,3.9,5.0,1.61,4.2,5.0,1.61,4.2,5.0,1.8,3.6,4.6,1.75,3.8,4.6,1.8,3.6,4.33,1.8,3.8,4.2,1.8,3.7,4.2,,,,,,,,,,,,,,,strasbourg,le havre
F1,14/09/2025,19:45,Rennes,Lyon,3,1,H,0,1,A,23,8,5,5,18,13,5,4,2,2,0,1,2.63,3.6,2.55,2.7,3.5,2.5,,,,2.71,3.61,2.58,,,,,,,2.75,3.6,2.57,2.66,3.48,2.49,1.73,2.1,1.79,2.11,1.8,2.1,1.75,2.02,0.0,1.95,1.9,2.0,1.9,1.95,1.9,1.92,1.85,2.55,3.3,2.8,2.5,3.4,2.75,,,,2.45,3.53,2.97,,,,,,,2.7,3.55,2.8,2.5,3.39,2.74,1.9,1.95,1.72,2.23,1.9,2.17,1.77,2.01,0.0,1.8,2.05,1.78,2.16,1.85,2.05,1.8,1.99,Unknown,2,4,6,,,,,,,2.8,3.6,2.66,1.79,2.2,2.02,1.94,,,,,,,2.6,3.45,3.0,1.94,2.06,1.86,2.14,2.75,3.4,2.5,2.65,3.6,2.48,2.6,3.4,2.45,2.7,3.5,2.5,2.7,3.5,2.45,2.4,3.5,2.8,2.48,3.4,2.8,2.5,3.4,2.75,2.5,3.4,2.75,2.45,3.4,2.75,,,,,,,,,,,,,,,rennes,lyon
F1,19/09/2025,19:45,Lyon,Angers,1,0,H,0,0,D,16,10,5,2,16,10,7,4,2,2,0,0,1.44,4.33,7.0,1.46,4.5,6.5,,,,1.47,4.63,6.93,,,,,,,1.48,4.75,7.5,1.43,4.56,7.02,1.8,2.0,1.8,2.08,1.8,2.1,1.73,2.04,-1.25,2.05,1.8,2.08,1.84,2.05,1.91,1.95,1.84,1.48,4.5,6.5,1.46,4.6,6.75,,,,1.46,4.72,7.24,,,,,,,1.48,4.7,7.5,1.44,4.5,6.95,1.8,2.05,1.81,2.09,1.8,2.08,1.74,2.03,-1.25,2.05,1.75,2.05,1.88,2.05,1.87,1.96,1.81,Unknown,2,2,4,,,,,,,1.49,4.9,8.0,1.82,2.18,2.08,1.87,,,,,,,1.49,4.9,8.0,1.83,2.18,2.12,1.87,1.44,4.5,7.5,1.41,4.75,7.5,1.4,4.6,7.5,1.48,4.5,6.5,1.44,4.5,6.5,1.44,4.5,7.5,1.43,4.7,7.0,1.44,4.4,7.0,1.44,4.6,6.5,1.44,4.6,6.5,,,,,,,,,,,,,,,lyon,angers
F1,20/09/2025,16:00,Nantes,Rennes,2,2,D,0,2,A,16,8,4,4,14,18,4,4,3,1,0,0,3.5,3.4,2.1,3.4,3.4,2.15,,,,3.69,3.47,2.11,,,,,,,3.5,3.5,2.16,3.39,3.35,2.11,2.05,1.8,2.04,1.85,2.05,1.86,1.98,1.78,0.25,2.05,1.8,2.1,1.82,2.05,1.86,1.97,1.76,4.1,3.5,1.91,3.75,3.4,2.0,,,,3.56,3.45,2.18,,,,,,,4.1,3.6,2.05,3.82,3.45,1.96,2.03,1.83,1.98,1.84,2.05,1.84,1.97,1.79,0.5,1.93,1.93,1.76,2.18,1.93,2.0,1.83,1.93,Unknown,3,1,4,,,,,,,3.95,3.55,2.14,2.08,1.86,2.18,1.83,,,,,,,4.3,3.6,2.02,2.04,1.93,1.95,2.04,3.3,3.25,2.1,3.3,3.5,2.16,3.4,3.25,2.05,3.4,3.4,2.15,3.4,3.4,2.1,4.0,3.25,1.95,3.6,3.6,2.02,4.0,3.5,1.91,3.8,3.4,2.0,3.75,3.4,2.0,,,,,,,,,,,,,,,nantes,rennes
F1,20/09/2025,18:00,Brest,Nice,4,1,H,2,1,H,11,21,5,4,17,11,2,7,1,3,0,0,2.63,3.5,2.6,2.6,3.6,2.5,,,,2.75,3.59,2.56,,,,,,,2.75,3.7,2.6,2.63,3.51,2.5,1.73,2.1,1.74,2.18,1.74,2.15,1.69,2.08,0.0,1.98,1.88,2.02,1.88,1.98,1.9,1.9,1.85,3.0,3.6,2.3,2.9,3.5,2.35,,,,3.24,3.66,2.24,,,,,,,3.1,3.65,2.37,2.96,3.54,2.27,1.67,2.2,1.71,2.24,1.74,2.22,1.66,2.15,0.25,1.85,2.0,1.97,1.95,1.87,2.0,1.83,1.89,Unknown,1,3,4,,,,,,,2.84,3.6,2.64,1.77,2.2,2.07,1.91,,,,,,,3.25,3.65,2.34,1.73,2.34,1.96,2.02,2.75,3.4,2.5,2.65,3.7,2.45,2.6,3.4,2.45,2.62,3.6,2.5,2.6,3.5,2.5,3.1,3.5,2.25,3.05,3.65,2.23,2.9,3.6,2.25,2.9,3.5,2.37,2.87,3.5,2.3,,,,,,,,,,,,,,,brest,nice
F1,20/09/2025,20:05,Lens,Lille,3,0,H,2,0,H,15,17,6,3,17,11,4,10,1,3,0,0,2.38,3.5,2.9,2.37,3.5,2.8,,,,2.4,3.49,3.02,,,,,,,2.54,3.5,2.9,2.4,3.43,2.8,1.8,2.0,1.79,2.1,1.85,2.0,1.78,1.97,0.0,1.7,2.1,1.74,2.2,1.8,2.1,1.72,2.06,2.2,3.5,3.2,2.25,3.4,3.1,,,,2.32,3.55,3.18,,,,,,,2.25,3.5,3.2,2.23,3.45,3.1,1.8,2.0,1.83,2.07,1.8,2.05,1.77,2.0,-0.25,1.93,1.93,2.01,1.92,1.94,1.93,1.91,1.87,Unknown,1,3,4,,,,,,,2.48,3.6,3.0,1.86,2.08,1.8,2.18,,,,,,,2.3,3.65,3.35,1.83,2.16,1.98,2.0,2.5,3.4,2.8,2.48,3.45,2.8,2.3,3.4,2.75,2.4,3.5,2.8,2.37,3.5,2.8,2.25,3.5,3.1,2.25,3.5,3.1,2.2,3.5,3.1,2.25,3.4,3.1,2.25,3.4,3.1,,,,,,,,,,,,,,,lens,lille
F1,21/09/2025,14:00,Paris FC,Strasbourg,2,3,A,0,1,A,18,8,6,4,11,10,4,2,1,5,0,0,2.35,3.5,2.9,2.37,3.5,2.8,,,,2.45,3.44,3.0,,,,,,,2.5,3.6,3.0,2.37,3.46,2.82,1.73,2.1,1.79,2.1,1.85,2.1,1.76,1.99,-0.25,2.05,1.8,2.12,1.81,2.05,1.8,2.02,1.75,2.35,3.4,3.0,2.35,3.4,2.9,,,,2.39,3.5,3.09,,,,,,,2.4,3.55,3.0,2.36,3.44,2.9,1.8,2.0,1.81,2.09,1.83,2.05,1.78,1.99,-0.25,2.05,1.8,2.07,1.86,2.05,1.8,2.02,1.77,Unknown,1,5,6,,,,,,,2.52,3.45,3.1,1.83,2.16,2.15,1.84,,,,,,,2.46,3.55,3.15,1.88,2.1,2.11,1.89,2.5,3.4,2.8,2.38,3.6,2.85,2.3,3.4,2.75,2.37,3.6,2.8,2.37,3.5,2.8,2.38,3.4,3.0,2.38,3.55,2.85,2.3,3.5,2.9,2.37,3.4,2.9,2.37,3.4,2.9,,,,,,,,,,,,,,,paris,strasbourg
F1,21/09/2025,16:15,Auxerre,Toulouse,1,0,H,1,0,H,6,13,1,3,12,20,3,4,1,6,1,0,2.75,3.2,2.7,2.65,3.3,2.6,,,,2.79,3.27,2.72,,,,,,,2.75,3.4,2.75,2.63,3.26,2.63,2.05,1.8,2.08,1.81,2.05,1.8,1.98,1.77,0.0,1.98,1.88,1.98,1.93,1.98,1.9,1.9,1.86,3.4,3.3,2.2,3.25,3.2,2.25,,,,3.6,3.16,2.31,,,,,,,3.5,3.35,2.3,3.29,3.25,2.23,2.0,1.8,2.31,1.68,2.22,1.8,2.05,1.73,0.25,1.93,1.93,1.96,1.96,1.93,1.93,1.88,1.84,Unknown,3,6,9,,,,,,,2.86,3.35,2.74,2.1,1.85,2.0,1.94,,,,,,,3.7,3.25,2.34,2.2,1.81,2.0,1.99,2.63,3.25,2.75,2.6,3.4,2.65,2.6,3.2,2.55,2.62,3.3,2.62,2.62,3.3,2.6,3.3,3.25,2.25,3.2,3.35,2.25,3.3,3.3,2.2,3.25,3.2,2.3,3.2,3.2,2.25,,,,,,,,,,,,,,,auxerre,toulouse
F1,21/09/2025,16:15,Le Havre,Lorient,1,1,D,0,1,A,13,8,2,4,20,15,6,2,3,6,0,0,2.25,3.5,3.1,2.25,3.4,3.1,,,,2.31,3.49,3.18,,,,,,,2.35,3.5,3.2,2.26,3.38,3.05,1.95,1.9,1.95,1.93,1.97,1.91,1.91,1.84,-0.25,1.98,1.88,2.0,1.9,2.0,1.9,1.95,1.82,2.0,3.4,3.8,2.1,3.25,3.6,,,,2.14,3.35,3.81,,,,,,,2.17,3.4,3.85,2.09,3.27,3.61,2.2,1.67,2.25,1.71,2.28,1.68,2.18,1.64,-0.25,1.75,2.05,1.83,2.1,1.86,2.05,1.8,1.98,Unknown,3,6,9,,,,,,,2.32,3.55,3.3,2.0,1.96,2.0,1.93,,,,,,,2.2,3.4,3.95,2.3,1.73,1.86,2.14,2.3,3.3,3.2,2.35,3.45,2.95,2.2,3.3,3.0,2.25,3.4,3.1,2.25,3.4,3.1,2.1,3.25,3.75,2.17,3.35,3.4,2.05,3.3,3.7,2.1,3.3,3.6,2.1,3.25,3.6,,,,,,,,,,,,,,,le havre,lorient
F1,21/09/2025,16:15,Monaco,Metz,5,2,H,1,1,D,16,8,6,3,15,6,4,5,1,0,0,0,1.27,6.0,10.0,1.27,6.0,9.75,,,,1.27,6.55,9.38,,,,,,,1.29,6.5,11.0,1.26,6.09,9.73,1.36,3.2,1.38,3.07,1.4,3.2,1.37,2.96,-1.75,1.93,1.93,1.95,1.93,1.93,1.98,1.86,1.92,1.3,5.75,8.5,1.32,5.5,8.75,,,,1.33,5.93,8.93,,,,,,,1.34,6.0,9.0,1.3,5.64,8.57,1.44,2.75,1.46,2.81,1.45,2.9,1.41,2.77,-1.5,1.83,2.03,1.94,1.98,1.91,2.03,1.82,1.95,Unknown,1,0,1,,,,,,,1.3,6.6,11.0,1.42,3.2,2.04,1.92,,,,,,,1.36,6.0,9.6,1.5,2.94,1.98,2.0,1.29,6.0,10.0,1.24,6.5,11.0,1.22,6.0,9.5,1.28,6.0,9.5,1.28,6.0,9.5,1.3,5.5,9.0,1.3,6.0,8.5,1.29,5.75,9.0,1.33,5.5,8.5,1.3,5.5,8.5,,,,,,,,,,,,,,,monaco,metz
F1,22/09/2025,22:00,Marseille,Paris SG,1,0,H,1,0,H,9,12,2,5,16,7,5,3,3,0,0,0,3.7,4.1,1.9,3.5,3.9,1.93,,,,3.73,3.98,1.94,,,,,,,3.7,4.1,1.95,3.55,3.89,1.89,1.53,2.5,1.57,2.5,1.55,2.5,1.51,2.46,0.5,1.95,1.9,1.95,1.95,1.95,1.9,1.89,1.86,4.0,3.8,1.85,3.9,3.9,1.83,,,,4.26,4.08,1.81,,,,,,,4.2,3.95,1.88,3.99,3.81,1.82,1.67,2.2,1.67,2.32,1.67,2.38,1.61,2.25,0.5,2.0,1.85,2.11,1.81,2.04,1.85,1.97,1.8,Unknown,3,0,3,,,,,,,4.0,4.0,1.95,1.56,2.6,2.04,1.95,,,,,,,4.4,4.0,1.9,1.72,2.38,2.1,1.9,3.6,3.75,1.95,3.6,3.9,1.9,3.6,3.8,1.83,3.5,3.9,1.91,3.5,3.9,1.91,4.0,3.75,1.83,4.2,3.95,1.78,3.9,3.8,1.85,3.9,3.9,1.83,3.9,3.8,1.83,,,,,,,,,,,,,,,marseille,paris sg
F1,26/09/2025,19:45,Strasbourg,Marseille,1,2,A,0,0,D,9,16,1,9,13,15,5,4,2,4,0,0,3.6,3.6,2.0,3.5,3.6,2.0,,,,3.76,3.78,2.01,,,,,,,3.6,3.75,2.02,3.51,3.6,2.0,1.73,2.1,1.79,2.11,1.76,2.12,1.73,2.05,0.5,1.83,2.03,1.91,2.02,1.83,2.03,1.8,1.97,3.2,3.5,2.2,3.2,3.6,2.15,,,,3.39,3.61,2.19,,,,,,,3.3,3.65,2.25,3.19,3.54,2.15,1.73,2.1,1.79,2.11,1.75,2.2,1.7,2.09,0.25,1.93,1.93,2.02,1.91,1.98,1.93,1.92,1.81,Unknown,2,4,6,,,,,,,3.75,3.8,2.12,1.81,2.18,1.88,2.12,,,,,,,3.35,3.65,2.3,1.82,2.2,1.99,1.98,3.6,3.6,2.0,3.55,3.65,2.02,3.5,3.6,2.0,3.5,3.6,2.0,3.5,3.6,2.0,3.25,3.5,2.15,3.3,3.65,2.1,3.1,3.6,2.2,3.2,3.6,2.15,3.2,3.5,2.15,,,,,,,,,,,,,,,strasbourg,marseille
F1,27/09/2025,16:00,Lorient,Monaco,3,1,H,1,0,H,19,5,8,2,10,11,2,4,2,3,0,1,5.5,4.1,1.6,4.8,4.33,1.63,,,,5.28,4.36,1.62,,,,,,,5.5,4.5,1.63,4.93,4.25,1.6,1.57,2.38,1.58,2.47,1.57,2.6,1.51,2.45,1.0,1.85,2.0,1.88,2.03,1.86,2.0,1.83,1.95,3.8,3.7,1.91,3.75,3.8,1.88,,,,4.04,3.95,1.88,,,,,,,4.1,4.1,2.08,3.8,3.81,1.87,1.67,2.2,1.66,2.34,1.67,2.3,1.62,2.22,0.5,1.93,1.93,2.03,1.89,2.02,2.05,1.92,1.85,Unknown,2,5,7,,,,,,,5.9,4.5,1.64,1.61,2.54,1.91,2.04,,,,,,,4.2,4.0,1.94,1.69,2.38,2.06,1.93,5.0,4.2,1.62,5.0,4.5,1.58,4.8,4.1,1.57,4.8,4.33,1.61,4.8,4.2,1.61,3.75,3.75,1.9,4.1,4.1,1.8,3.7,3.8,1.9,4.0,3.9,1.8,4.0,3.9,1.8,,,,,,,,,,,,,,,lorient,monaco
F1,27/09/2025,18:00,Toulouse,Nantes,2,2,D,0,1,A,20,12,7,2,18,12,1,4,2,3,0,0,1.7,3.5,5.5,1.73,3.6,4.8,,,,1.7,3.8,5.4,,,,,,,1.73,3.75,5.5,1.69,3.6,5.11,2.1,1.73,2.13,1.76,2.1,1.75,2.05,1.72,-0.75,1.93,1.93,1.92,1.99,1.93,1.95,1.87,1.91,1.7,3.6,5.25,1.7,3.7,5.0,,,,1.85,3.61,4.73,,,,,,,1.73,3.75,6.33,1.69,3.66,5.17,2.1,1.73,2.09,1.81,2.1,1.83,1.99,1.77,-0.75,1.9,1.95,2.11,1.81,1.92,2.05,1.86,1.9,Unknown,2,3,5,,,,,,,1.74,3.8,5.8,2.18,1.78,1.96,1.99,,,,,,,1.76,3.85,5.6,2.14,1.86,1.99,1.98,1.7,3.6,5.5,1.68,3.7,5.3,1.65,3.5,5.0,1.73,3.6,4.8,1.73,3.6,4.8,1.7,3.6,5.5,1.71,3.65,5.1,1.73,3.6,5.0,1.7,3.7,5.0,1.7,3.7,5.0,,,,,,,,,,,,,,,toulouse,nantes
F1,27/09/2025,20:05,Paris SG,Auxerre,2,0,H,1,0,H,15,12,8,3,17,10,5,5,1,2,0,0,1.14,8.0,15.0,1.16,8.5,15.5,,,,1.16,9.23,14.84,,,,,,,1.17,8.5,17.5,1.15,7.95,15.21,1.3,3.5,1.32,3.46,1.3,3.5,1.29,3.4,-2.25,1.93,1.93,1.93,1.95,1.93,1.93,1.89,1.88,1.2,7.0,13.0,1.23,6.75,11.0,,,,1.18,8.41,14.62,,,,,,,1.23,7.0,15.0,1.21,6.72,12.1,1.44,2.75,1.38,3.09,1.5,2.95,1.43,2.71,-1.75,1.83,2.03,1.64,2.37,1.83,2.12,1.75,2.04,Unknown,1,2,3,,,,,,,1.17,9.6,20.0,1.34,3.75,1.95,1.96,,,,,,,1.22,8.0,16.0,1.5,2.96,1.9,2.07,1.14,8.0,17.0,1.15,8.5,15.0,1.13,7.5,15.0,1.15,8.5,15.0,1.15,8.5,15.0,1.22,6.5,13.0,1.21,7.0,12.0,1.18,7.0,13.0,1.22,7.0,11.0,1.22,6.5,11.0,,,,,,,,,,,,,,,paris sg,auxerre
F1,28/09/2025,14:00,Nice,Paris FC,1,1,D,1,0,H,11,13,5,3,14,14,5,5,1,1,0,0,1.85,3.75,4.0,1.85,3.8,3.8,,,,1.88,3.99,3.96,,,,,,,1.9,4.0,4.0,1.85,3.83,3.76,1.62,2.3,1.62,2.39,1.62,2.35,1.58,2.29,-0.5,1.85,2.0,1.88,2.02,1.87,2.0,1.83,1.93,2.1,3.5,3.3,2.1,3.6,3.25,,,,1.91,3.85,4.09,,,,,,,2.12,3.8,3.8,2.04,3.58,3.4,1.73,2.1,1.72,2.23,1.75,2.25,1.69,2.12,-0.25,1.88,1.98,1.67,2.36,1.88,2.25,1.75,2.06,Unknown,1,1,2,,,,,,,1.93,4.0,4.1,1.64,2.44,1.93,2.04,,,,,,,2.22,3.65,3.55,1.81,2.2,1.92,2.06,1.9,3.75,3.75,1.88,3.95,3.7,1.8,3.75,3.7,1.85,3.9,3.8,1.85,3.8,3.8,2.05,3.6,3.4,2.02,3.75,3.45,2.0,3.5,3.6,2.1,3.6,3.25,2.1,3.5,3.25,,,,,,,,,,,,,,,nice,paris
F1,28/09/2025,16:15,Angers,Brest,0,2,A,0,2,A,11,7,2,3,13,13,11,4,1,1,0,0,3.1,3.25,2.38,3.0,3.3,2.37,,,,3.08,3.43,2.4,,,,,,,3.2,3.4,2.4,3.04,3.29,2.31,2.0,1.85,2.01,1.88,2.0,1.85,1.96,1.8,0.25,1.83,2.03,1.85,2.07,1.89,2.03,1.82,1.89,3.3,3.0,2.38,3.2,3.1,2.35,,,,3.32,3.11,2.47,,,,,,,3.4,3.2,2.4,3.16,3.11,2.37,2.3,1.62,2.43,1.61,2.3,1.65,2.24,1.61,0.25,1.85,2.0,1.85,2.09,1.85,2.02,1.79,1.93,Unknown,1,1,2,,,,,,,3.2,3.45,2.46,2.04,1.88,1.88,2.1,,,,,,,3.5,3.2,2.44,2.42,1.68,1.92,2.06,3.1,3.3,2.3,3.2,3.4,2.23,2.9,3.25,2.3,3.0,3.3,2.37,3.0,3.3,2.37,3.3,3.2,2.3,3.1,3.15,2.4,3.1,3.2,2.38,3.1,3.1,2.37,3.1,3.1,2.37,,,,,,,,,,,,,,,angers,brest
F1,28/09/2025,16:15,Lille,Lyon,0,1,A,0,1,A,14,5,3,2,20,24,3,4,4,4,1,0,2.25,3.4,3.2,2.25,3.5,3.1,,,,2.26,3.49,3.28,,,,,,,2.3,3.65,3.2,2.23,3.46,3.05,1.73,2.1,1.79,2.1,1.8,2.14,1.73,2.03,-0.25,1.95,1.9,1.96,1.94,1.95,1.9,1.91,1.86,2.25,3.3,3.2,2.3,3.5,3.0,,,,2.35,3.54,3.12,,,,,,,2.36,3.5,3.2,2.26,3.44,3.04,1.73,2.1,1.76,2.16,1.75,2.15,1.71,2.08,-0.25,1.98,1.88,2.04,1.88,2.0,1.88,1.94,1.83,Unknown,6,4,10,,,,,,,2.3,3.55,3.35,1.81,2.12,1.98,1.95,,,,,,,2.36,3.65,3.2,1.74,2.3,2.04,1.94,2.25,3.5,3.1,2.23,3.65,3.05,2.15,3.4,3.0,2.25,3.5,3.1,2.25,3.5,3.0,2.25,3.5,3.1,2.25,3.5,3.1,2.25,3.4,3.1,2.3,3.5,3.0,2.25,3.5,3.0,,,,,,,,,,,,,,,lille,lyon
F1,28/09/2025,16:15,Metz,Le Havre,0,0,D,0,0,D,7,11,0,2,16,16,4,6,2,2,0,0,2.7,3.2,2.7,2.6,3.4,2.65,,,,2.67,3.46,2.7,,,,,,,2.7,3.5,2.75,2.6,3.34,2.62,2.0,1.85,2.02,1.88,2.0,1.85,1.95,1.81,0.0,1.93,1.93,1.94,1.96,1.93,1.95,1.87,1.9,2.55,3.25,2.8,2.55,3.3,2.7,,,,2.69,3.35,2.8,,,,,,,2.63,3.4,2.8,2.56,3.29,2.71,1.93,1.93,2.0,1.91,1.95,1.93,1.89,1.86,0.0,1.8,2.05,1.93,2.0,1.85,2.05,1.81,1.94,Unknown,2,2,4,,,,,,,2.8,3.5,2.74,2.04,1.91,2.0,1.95,,,,,,,2.72,3.45,2.9,1.96,1.99,1.87,2.07,2.63,3.25,2.75,2.6,3.5,2.63,2.55,3.25,2.55,2.62,3.4,2.62,2.6,3.3,2.62,2.6,3.3,2.75,2.63,3.25,2.65,2.55,3.4,2.7,2.6,3.3,2.7,2.6,3.3,2.7,,,,,,,,,,,,,,,metz,le havre
F1,28/09/2025,19:45,Rennes,Lens,0,0,D,0,0,D,14,13,2,2,16,9,8,4,3,2,0,1,2.5,3.4,2.75,2.4,3.5,2.8,,,,2.54,3.59,2.77,,,,,,,2.5,3.6,2.9,2.4,3.48,2.76,1.73,2.1,1.75,2.17,1.78,2.1,1.71,2.07,0.0,1.83,2.03,1.87,2.04,1.86,2.03,1.8,1.97,2.63,3.5,2.55,2.55,3.5,2.65,,,,2.61,3.56,2.75,,,,,,,2.68,3.7,2.65,2.56,3.5,2.6,1.73,2.1,1.74,2.21,1.73,2.2,1.67,2.13,0.0,1.95,1.9,1.92,2.01,1.95,1.9,1.9,1.86,Unknown,3,4,7,,,,,,,2.6,3.65,2.82,1.78,2.18,1.88,2.07,,,,,,,2.8,3.65,2.66,1.75,2.3,2.04,1.94,2.4,3.5,2.8,2.35,3.55,2.9,2.38,3.5,2.63,2.4,3.5,2.8,2.4,3.5,2.75,2.6,3.5,2.63,2.5,3.7,2.6,2.6,3.4,2.63,2.5,3.5,2.62,2.5,3.5,2.62,,,,,,,,,,,,,,,rennes,lens
F1,03/10/2025,19:45,Paris FC,Lorient,2,0,H,2,0,H,10,8,2,3,19,10,1,5,0,2,0,0,1.73,3.9,4.5,1.75,3.9,4.33,,,,1.78,3.98,4.52,,,,,,,1.75,4.0,4.75,1.74,3.9,4.39,1.67,2.2,1.76,2.16,1.77,2.22,1.68,2.12,-0.75,1.98,1.88,2.0,1.9,1.98,1.9,1.93,1.85,1.73,3.8,4.75,1.78,3.75,4.33,,,,1.74,3.95,4.91,,,,,,,1.8,3.9,4.75,1.76,3.75,4.42,1.73,2.1,1.8,2.11,1.75,2.1,1.71,2.08,-0.75,1.95,1.9,1.96,1.96,2.0,1.9,1.95,1.83,Unknown,0,2,2,,,,,,,1.82,4.0,4.7,1.76,2.28,2.04,1.93,,,,,,,1.84,3.9,4.9,1.79,2.22,2.08,1.91,1.73,4.0,4.5,1.75,3.95,4.35,1.73,3.9,4.5,1.75,3.9,4.33,1.75,3.9,4.2,1.8,3.75,4.33,1.79,3.75,4.35,1.73,3.9,4.5,1.8,3.75,4.33,1.8,3.75,4.2,,,,,,,,,,,,,,,paris,lorient
F1,04/10/2025,16:00,Metz,Marseille,0,3,A,0,0,D,4,21,1,9,8,7,4,4,0,0,0,0,6.25,5.0,1.45,6.25,4.6,1.47,,,,6.24,4.71,1.5,,,,,,,7.0,5.0,1.49,6.2,4.57,1.46,1.62,2.3,1.63,2.36,1.63,2.3,1.59,2.27,1.25,1.85,2.0,1.83,2.1,1.85,2.05,1.77,2.0,5.5,4.1,1.57,5.5,4.2,1.57,,,,6.51,4.55,1.51,,,,,,,6.25,4.6,1.57,5.77,4.29,1.53,1.73,2.1,1.64,2.37,1.73,2.25,1.66,2.16,1.25,1.65,2.2,1.81,2.12,1.79,2.2,1.7,2.1,Unknown,0,0,0,,,,,,,7.0,4.9,1.5,1.65,2.44,1.9,2.04,,,,,,,6.2,4.7,1.59,1.77,2.26,1.72,2.32,7.0,4.6,1.44,6.1,4.5,1.49,6.0,4.33,1.44,6.5,4.6,1.48,6.0,4.6,1.48,6.0,4.2,1.53,6.25,4.6,1.48,5.75,4.33,1.53,5.75,4.33,1.53,5.75,4.33,1.53,,,,,,,,,,,,,,,metz,marseille
F1,04/10/2025,18:00,Brest,Nantes,0,0,D,0,0,D,17,6,5,0,11,12,12,3,2,1,0,0,1.85,3.75,4.0,1.88,3.6,4.0,,,,1.88,3.76,4.23,,,,,,,1.91,3.75,4.1,1.86,3.59,4.0,1.93,1.93,1.93,1.96,1.93,1.93,1.87,1.88,-0.5,1.88,1.98,1.88,2.03,1.88,1.98,1.84,1.92,1.91,3.6,4.0,1.9,3.6,4.0,,,,1.98,3.56,4.13,,,,,,,1.95,3.65,4.2,1.89,3.55,4.01,2.0,1.85,2.08,1.84,2.0,1.91,1.93,1.83,-0.5,1.93,1.93,1.99,1.93,1.93,1.95,1.86,1.91,Unknown,2,1,3,,,,,,,1.91,3.8,4.4,1.95,1.98,1.91,2.06,,,,,,,2.02,3.7,4.2,2.04,1.94,2.0,1.98,1.9,3.6,4.0,1.87,3.65,4.1,1.8,3.5,4.0,1.91,3.6,4.0,1.85,3.6,4.0,1.9,3.5,4.2,1.86,3.65,4.1,1.87,3.5,4.2,1.91,3.6,4.0,1.91,3.5,4.0,,,,,,,,,,,,,,,brest,nantes
F1,04/10/2025,20:05,Auxerre,Lens,1,2,A,0,1,A,18,7,2,4,10,21,2,2,3,7,0,1,3.6,3.8,1.95,3.6,3.6,1.98,,,,3.79,3.87,1.95,,,,,,,3.85,3.8,2.0,3.65,3.61,1.94,1.85,2.0,1.85,2.04,1.85,2.0,1.81,1.95,0.5,1.88,1.98,1.94,1.96,1.9,1.98,1.85,1.91,3.4,3.8,2.0,3.5,3.6,2.0,,,,3.6,3.7,2.08,,,,,,,3.6,3.8,2.05,3.5,3.59,2.01,1.8,2.0,1.82,2.09,1.85,2.05,1.79,1.97,0.5,1.83,2.03,1.85,2.09,1.83,2.03,1.79,1.98,Unknown,3,9,12,,,,,,,3.85,3.8,2.04,1.88,2.06,1.94,2.04,,,,,,,3.7,3.75,2.14,1.87,2.1,1.86,2.14,3.75,3.6,1.95,3.85,3.7,1.91,3.5,3.5,1.93,3.6,3.6,2.0,3.6,3.6,2.0,3.5,3.5,2.0,3.5,3.65,2.04,3.5,3.6,2.0,3.5,3.6,2.05,3.5,3.5,2.0,,,,,,,,,,,,,,,auxerre,lens
F1,05/10/2025,14:00,Lyon,Toulouse,1,2,A,1,0,H,13,14,3,4,13,17,8,5,1,3,0,0,1.9,3.7,4.0,1.95,3.6,3.7,,,,1.95,3.81,3.83,,,,,,,1.95,3.8,4.1,1.89,3.63,3.86,1.8,2.0,1.83,2.06,1.8,2.0,1.77,1.99,-0.5,1.93,1.93,1.96,1.94,1.93,1.98,1.85,1.91,2.05,3.4,3.75,2.0,3.4,3.8,,,,2.0,3.57,4.02,,,,,,,2.05,3.5,3.9,1.98,3.4,3.8,2.0,1.85,2.01,1.9,2.0,1.88,1.95,1.81,-0.5,2.03,1.83,2.01,1.92,2.03,1.88,1.94,1.82,Unknown,1,3,4,,,,,,,1.97,3.75,4.1,1.84,2.1,1.97,1.99,,,,,,,2.1,3.5,4.1,2.06,1.92,2.1,1.89,1.9,3.6,4.0,1.83,3.8,4.1,1.87,3.5,3.7,1.95,3.6,3.7,1.95,3.6,3.6,2.0,3.4,3.75,1.97,3.4,3.9,2.0,3.5,3.7,2.0,3.4,3.8,2.0,3.4,3.75,,,,,,,,,,,,,,,lyon,toulouse
F1,05/10/2025,16:15,Le Havre,Rennes,2,2,D,1,2,A,10,9,2,3,13,9,3,4,1,2,0,0,3.1,3.3,2.35,3.0,3.3,2.35,,,,3.08,3.33,2.45,,,,,,,3.15,3.45,2.4,3.04,3.29,2.31,2.0,1.85,2.04,1.85,2.0,1.85,1.95,1.8,0.25,1.83,2.03,1.82,2.1,1.87,2.03,1.82,1.89,3.1,3.5,2.2,3.1,3.4,2.3,,,,3.31,3.39,2.32,,,,,,,3.33,3.55,2.3,3.1,3.39,2.25,2.0,1.85,2.0,1.91,2.0,1.94,1.91,1.85,0.25,1.88,1.98,1.93,2.0,1.9,1.98,1.85,1.87,Unknown,1,2,3,,,,,,,3.25,3.4,2.42,2.06,1.88,1.9,2.07,,,,,,,3.4,3.5,2.34,2.02,1.95,1.97,2.0,3.0,3.25,2.4,3.15,3.45,2.25,3.0,3.25,2.25,3.0,3.3,2.37,3.0,3.3,2.3,3.0,3.3,2.25,3.0,3.55,2.28,3.13,3.4,2.25,3.1,3.4,2.3,3.1,3.3,2.25,,,,,,,,,,,,,,,le havre,rennes
F1,05/10/2025,16:15,Monaco,Nice,2,2,D,1,2,A,20,9,6,2,10,9,6,7,1,3,0,1,1.9,3.7,3.9,1.88,3.8,3.75,,,,1.96,3.77,3.86,,,,,,,1.92,4.0,3.9,1.88,3.81,3.69,1.57,2.38,1.6,2.4,1.57,2.5,1.54,2.39,-0.5,1.9,1.95,1.97,1.93,1.9,1.95,1.85,1.91,1.95,3.7,3.7,1.95,3.75,3.6,,,,2.05,3.78,3.61,,,,,,,1.96,3.8,3.8,1.93,3.74,3.65,1.53,2.5,1.56,2.51,1.55,2.5,1.52,2.43,-0.5,2.0,1.85,2.06,1.87,2.0,1.9,1.9,1.85,Unknown,1,5,6,,,,,,,1.95,4.0,4.1,1.61,2.5,1.95,2.02,,,,,,,2.0,3.85,4.1,1.57,2.64,2.0,1.98,1.9,3.75,3.75,1.86,4.0,3.75,1.87,3.75,3.5,1.91,3.8,3.75,1.85,3.8,3.7,1.95,3.75,3.6,1.91,3.8,3.75,1.93,3.7,3.7,1.95,3.75,3.6,1.95,3.75,3.6,,,,,,,,,,,,,,,monaco,nice
F1,05/10/2025,16:15,Strasbourg,Angers,5,0,H,1,0,H,18,5,12,1,12,11,2,5,2,2,0,0,1.67,3.9,5.25,1.65,3.8,5.25,,,,1.71,3.9,5.12,,,,,,,1.7,3.9,5.5,1.65,3.77,5.18,2.03,1.83,2.08,1.81,2.03,1.83,1.97,1.79,-0.75,1.85,2.0,1.93,1.98,1.86,2.0,1.83,1.94,1.73,3.8,4.75,1.75,3.6,4.8,,,,1.78,3.78,4.91,,,,,,,1.75,3.8,5.33,1.72,3.64,4.84,2.0,1.8,2.08,1.81,2.1,1.8,2.0,1.76,-0.75,1.95,1.9,2.03,1.9,1.95,1.9,1.92,1.86,Unknown,2,2,4,,,,,,,1.69,3.95,5.7,2.1,1.84,1.89,2.05,,,,,,,1.78,3.95,5.3,2.12,1.87,2.02,1.95,1.67,3.75,5.5,1.66,3.9,5.2,1.62,3.6,5.0,1.65,3.8,5.25,1.65,3.8,5.25,1.73,3.6,5.0,1.73,3.7,4.8,1.7,3.7,5.0,1.75,3.6,4.8,1.73,3.6,4.8,,,,,,,,,,,,,,,strasbourg,angers
F1,05/10/2025,19:45,Lille,Paris SG,1,1,D,0,0,D,9,17,3,5,11,12,3,5,1,1,0,0,4.5,3.9,1.75,4.4,3.8,1.75,,,,4.47,3.99,1.78,,,,,,,4.5,4.1,1.78,4.33,3.89,1.73,1.67,2.2,1.74,2.16,1.7,2.2,1.66,2.14,0.75,1.88,1.98,1.89,2.01,1.9,1.98,1.85,1.92,3.5,3.4,2.05,3.3,3.6,2.1,,,,4.27,3.92,1.85,,,,,,,3.6,3.7,2.1,3.39,3.58,2.05,1.67,2.2,1.7,2.26,1.68,2.25,1.64,2.19,0.25,2.03,1.83,2.44,1.62,2.07,1.83,2.02,1.73,Unknown,1,1,2,,,,,,,4.8,4.1,1.8,1.7,2.28,1.94,2.01,,,,,,,3.75,3.7,2.14,1.7,2.38,2.18,1.84,4.5,4.0,1.73,4.3,4.1,1.74,4.2,3.8,1.7,4.4,3.8,1.75,4.33,3.8,1.75,3.4,3.6,2.05,3.5,3.65,2.02,3.3,3.7,2.05,3.3,3.6,2.1,3.3,3.6,2.05,,,,,,,,,,,,,,,lille,paris sg
F1,17/10/2025,19:45,Paris SG,Strasbourg,3,3,D,1,2,A,21,12,9,7,12,15,4,1,2,1,0,0,1.3,6.0,8.5,1.33,5.75,8.0,,,,1.31,5.83,9.84,,,,,,,1.33,6.0,10.0,1.3,5.75,8.86,1.44,2.75,1.46,2.76,1.46,2.8,1.43,2.69,-1.5,1.85,2.0,1.88,2.02,1.85,2.06,1.79,1.98,1.36,5.0,8.0,1.42,5.25,6.25,,,,1.4,5.25,8.0,,,,,,,1.44,5.4,8.0,1.39,5.08,7.09,1.44,2.75,1.47,2.75,1.46,2.83,1.43,2.71,-1.25,1.93,1.93,1.91,2.02,1.93,2.08,1.79,1.99,Unknown,2,1,3,,,,,,,1.34,6.2,10.5,1.5,2.96,1.91,2.04,,,,,,,1.42,5.5,8.6,1.48,3.0,1.92,2.04,1.29,5.5,10.0,1.28,6.0,9.5,1.29,5.75,9.0,1.33,5.75,8.0,1.33,5.75,8.0,1.4,5.0,7.5,1.37,5.4,7.5,1.4,5.0,7.0,1.4,5.25,6.5,1.4,5.25,6.0,,,,,,,,,,,,,,,paris sg,strasbourg
F1,18/10/2025,16:00,Nice,Lyon,3,2,H,2,1,H,5,29,4,7,10,11,1,16,1,2,0,0,2.45,3.4,2.8,2.4,3.5,2.8,,,,2.54,3.54,2.81,,,,,,,2.5,3.65,2.8,2.42,3.46,2.76,1.8,2.0,1.8,2.09,1.8,2.1,1.74,2.03,0.0,1.83,2.03,1.85,2.06,1.83,2.03,1.79,1.97,2.2,3.5,3.1,2.25,3.5,3.1,,,,2.48,3.55,2.91,,,,,,,2.4,3.65,3.2,2.23,3.49,3.08,1.73,2.1,1.81,2.1,1.8,2.12,1.71,2.07,-0.25,1.98,1.88,2.15,1.79,1.98,1.9,1.9,1.87,Unknown,1,2,3,,,,,,,2.58,3.65,2.86,1.82,2.14,1.88,2.08,,,,,,,2.32,3.6,3.4,1.78,2.22,2.0,1.98,2.5,3.4,2.8,2.35,3.65,2.8,2.4,3.4,2.63,2.4,3.5,2.8,2.4,3.5,2.75,2.25,3.5,3.0,2.18,3.65,3.1,2.2,3.6,3.1,2.25,3.5,3.1,2.25,3.5,3.0,,,,,,,,,,,,,,,nice,lyon
F1,18/10/2025,18:00,Angers,Monaco,1,1,D,0,0,D,16,11,3,4,15,14,10,3,2,2,0,0,5.5,4.0,1.62,5.0,4.1,1.62,,,,5.31,4.23,1.63,,,,,,,5.5,4.3,1.63,5.11,4.13,1.6,1.67,2.2,1.68,2.27,1.67,2.25,1.62,2.21,1.0,1.83,2.03,1.85,2.07,1.84,2.03,1.8,1.98,5.5,4.0,1.62,5.0,4.0,1.65,,,,5.22,4.02,1.68,,,,,,,5.6,4.2,1.65,5.28,4.03,1.61,1.8,2.0,1.83,2.07,1.8,2.06,1.76,2.01,0.75,2.05,1.75,2.04,1.88,2.07,1.76,2.04,1.75,Unknown,2,2,4,,,,,,,5.9,4.3,1.65,1.68,2.36,1.89,2.06,,,,,,,5.9,4.2,1.68,1.85,2.14,2.13,1.86,5.0,4.2,1.62,5.4,4.3,1.58,5.0,4.0,1.57,5.0,4.2,1.61,5.0,4.2,1.61,5.5,4.0,1.62,5.4,4.1,1.6,5.25,4.0,1.62,5.0,4.0,1.65,5.0,4.0,1.65,,,,,,,,,,,,,,,angers,monaco
F1,18/10/2025,20:05,Marseille,Le Havre,6,2,H,1,1,D,18,8,11,3,17,13,2,1,2,1,0,1,1.33,5.0,9.0,1.33,5.5,8.5,,,,1.33,5.87,8.66,,,,,,,1.33,5.5,9.5,1.32,5.29,8.79,1.62,2.3,1.65,2.34,1.62,2.38,1.59,2.27,-1.5,1.98,1.88,1.96,1.94,1.98,1.91,1.91,1.85,1.3,5.25,9.5,1.32,5.5,9.0,,,,1.37,5.33,8.82,,,,,,,1.37,5.5,10.0,1.32,5.32,8.98,1.57,2.38,1.66,2.32,1.6,2.38,1.57,2.33,-1.5,1.85,2.0,2.1,1.82,2.05,2.0,1.9,1.87,Unknown,2,3,5,,,,,,,1.37,5.8,9.6,1.66,2.4,2.06,1.89,,,,,,,1.32,5.6,14.5,1.65,2.52,1.93,2.03,1.3,5.5,9.5,1.32,5.4,9.5,1.3,5.0,8.5,1.33,5.5,8.5,1.33,5.5,8.5,1.3,5.5,9.5,1.37,5.1,8.0,1.29,5.5,10.0,1.35,5.25,8.5,1.33,5.25,8.5,,,,,,,,,,,,,,,marseille,le havre
F1,19/10/2025,14:00,Lens,Paris FC,2,1,H,1,1,D,11,9,3,3,11,8,11,3,2,2,0,0,1.85,3.75,4.0,1.88,3.6,4.0,,,,1.89,3.9,4.0,,,,,,,1.91,3.95,4.0,1.85,3.74,3.87,1.67,2.2,1.68,2.27,1.68,2.2,1.65,2.16,-0.5,1.85,2.0,1.9,2.01,1.86,2.0,1.83,1.94,1.8,3.9,4.1,1.8,3.8,4.1,,,,1.84,3.83,4.4,,,,,,,1.82,4.0,4.33,1.79,3.83,4.15,1.62,2.3,1.7,2.27,1.68,2.3,1.63,2.2,-0.5,1.78,2.03,1.85,2.09,1.83,2.05,1.76,2.02,Unknown,2,2,4,,,,,,,1.89,4.0,4.2,1.71,2.36,1.89,2.11,,,,,,,1.88,4.0,4.5,1.7,2.36,1.88,2.12,1.9,3.75,3.75,1.85,3.95,3.9,1.8,3.7,3.75,1.91,3.6,4.0,1.85,3.6,4.0,1.8,3.75,4.2,1.78,4.0,4.1,1.8,3.9,4.1,1.8,3.8,4.2,1.8,3.8,4.0,,,,,,,,,,,,,,,lens,paris
F1,19/10/2025,16:15,Lorient,Brest,3,3,D,1,2,A,12,8,7,4,13,16,5,2,3,2,0,0,2.38,3.25,3.0,2.45,3.4,2.8,,,,2.55,3.55,2.79,,,,,,,2.5,3.5,3.0,2.39,3.35,2.86,1.98,1.88,1.96,1.93,1.98,1.98,1.87,1.88,-0.25,2.05,1.8,2.21,1.74,2.05,1.8,2.02,1.75,2.8,3.2,2.6,2.65,3.25,2.65,,,,2.72,3.37,2.75,,,,,,,2.8,3.3,2.71,2.71,3.23,2.61,2.0,1.85,1.99,1.92,2.05,1.93,1.95,1.82,0.0,2.0,1.85,1.95,1.97,2.0,1.9,1.92,1.84,Unknown,3,2,5,,,,,,,2.48,3.5,3.05,1.98,2.0,2.13,1.82,,,,,,,2.92,3.35,2.76,2.08,1.91,2.04,1.94,2.38,3.3,3.0,2.38,3.5,2.85,2.3,3.3,2.8,2.45,3.4,2.8,2.45,3.3,2.8,2.8,3.25,2.6,2.7,3.25,2.63,2.75,3.3,2.55,2.62,3.25,2.62,2.62,3.25,2.62,,,,,,,,,,,,,,,lorient,brest
F1,19/10/2025,16:15,Rennes,Auxerre,2,2,D,1,1,D,19,7,7,4,11,15,6,2,1,3,0,0,1.75,3.7,4.75,1.78,3.75,4.4,,,,1.8,3.84,4.53,,,,,,,1.8,3.85,4.75,1.74,3.72,4.53,1.83,2.03,1.86,2.03,1.84,2.03,1.79,1.96,-0.75,2.0,1.85,2.04,1.87,2.0,1.88,1.93,1.84,1.85,3.6,4.2,1.85,3.6,4.1,,,,1.83,3.81,4.56,,,,,,,1.88,3.75,4.4,1.83,3.65,4.18,1.8,2.0,1.81,2.1,1.8,2.12,1.75,2.03,-0.5,1.85,2.0,1.82,2.1,1.85,2.04,1.8,1.96,Unknown,1,3,4,,,,,,,1.78,3.9,5.0,1.78,2.08,2.0,1.94,,,,,,,1.9,3.85,4.6,1.83,2.16,1.89,2.09,1.73,3.75,4.6,1.72,3.85,4.75,1.7,3.7,4.4,1.8,3.75,4.4,1.75,3.7,4.33,1.83,3.75,4.2,1.78,3.75,4.4,1.83,3.7,4.1,1.85,3.6,4.2,1.83,3.6,4.0,,,,,,,,,,,,,,,rennes,auxerre
F1,19/10/2025,16:15,Toulouse,Metz,4,0,H,2,0,H,16,2,7,2,14,11,5,1,2,1,0,1,1.6,3.8,6.0,1.58,4.1,5.5,,,,1.61,4.12,5.71,,,,,,,1.61,4.2,6.0,1.58,3.98,5.57,1.88,1.98,1.92,1.97,1.91,1.98,1.85,1.9,-1.0,2.03,1.83,2.08,1.84,2.03,1.83,1.99,1.79,1.53,4.2,6.0,1.53,4.2,6.0,,,,1.59,4.14,6.14,,,,,,,1.55,4.4,6.5,1.52,4.26,6.0,1.67,2.2,1.93,1.98,1.77,2.2,1.72,2.07,-1.0,1.88,1.98,2.02,1.91,1.91,2.0,1.83,1.95,Unknown,2,3,5,,,,,,,1.63,4.3,6.4,1.89,2.02,2.04,1.84,,,,,,,1.59,4.4,6.8,1.79,2.2,1.95,2.02,1.57,4.0,6.0,1.58,4.1,5.6,1.55,3.8,5.5,1.57,4.2,5.5,1.57,4.0,5.5,1.53,4.2,6.0,1.49,4.4,6.5,1.5,4.33,6.0,1.53,4.2,6.0,1.53,4.2,5.75,,,,,,,,,,,,,,,toulouse,metz
F1,19/10/2025,19:45,Nantes,Lille,0,2,A,0,1,A,8,23,3,5,12,15,5,9,1,4,0,0,4.5,3.6,1.8,4.2,3.6,1.83,,,,4.54,3.86,1.79,,,,,,,4.5,3.8,1.83,4.26,3.64,1.79,1.9,1.95,1.9,1.99,1.91,1.95,1.86,1.88,0.75,1.83,2.03,1.86,2.05,1.83,2.03,1.78,1.99,5.5,3.9,1.6,5.5,3.8,1.63,,,,5.07,3.85,1.75,,,,,,,5.5,4.0,1.67,5.31,3.88,1.62,1.85,2.0,1.91,2.0,1.85,2.0,1.81,1.95,0.75,2.05,1.75,1.95,1.97,2.05,1.82,2.0,1.78,Unknown,1,4,5,,,,,,,4.8,3.85,1.86,1.94,1.98,1.86,2.11,,,,,,,5.8,4.0,1.71,1.89,2.08,2.09,1.89,4.33,3.6,1.83,4.35,3.75,1.79,4.2,3.6,1.75,4.2,3.6,1.83,3.9,3.4,1.8,5.5,3.75,1.67,5.4,3.85,1.64,5.25,4.0,1.62,5.25,3.75,1.67,5.5,3.8,1.61,,,,,,,,,,,,,,,nantes,lille
F1,24/10/2025,19:45,Paris FC,Nantes,1,2,A,1,2,A,14,11,3,3,10,13,8,2,3,2,0,0,1.65,4.1,5.0,1.65,4.0,5.0,,,,1.67,4.1,5.31,,,,,,,1.67,4.1,5.4,1.64,3.99,5.1,1.73,2.1,1.79,2.12,1.8,2.1,1.73,2.04,-0.75,1.8,2.05,1.85,2.09,1.81,2.05,1.77,2.01,1.55,4.1,6.0,1.58,4.1,5.5,,,,1.58,4.17,6.29,,,,,,,1.61,4.2,6.0,1.57,4.07,5.61,1.8,2.0,1.82,2.07,1.8,2.12,1.73,2.04,-1.0,1.95,1.9,1.99,1.93,2.05,1.9,1.96,1.82,Unknown,3,2,5,,,,,,,1.71,4.1,5.5,1.83,2.16,1.89,2.08,,,,,,,1.63,4.4,6.2,1.8,2.2,2.02,1.93,1.67,4.0,5.0,1.61,4.1,5.4,1.62,4.0,5.25,1.65,4.0,5.0,1.65,3.9,5.0,1.57,4.0,6.0,1.6,4.2,5.25,1.53,4.2,6.0,1.57,4.2,5.5,1.6,4.0,5.5,,,,,,,,,,,,,,,paris,nantes
F1,25/10/2025,16:00,Brest,Paris SG,0,3,A,0,2,A,8,18,2,8,10,10,2,7,1,1,0,0,7.5,5.5,1.33,8.25,5.5,1.33,,,,8.88,5.61,1.34,,,,,,,9.0,5.75,1.35,8.2,5.35,1.32,1.44,2.75,1.48,2.73,1.5,2.85,1.45,2.64,1.5,1.93,1.93,1.95,1.95,1.96,1.93,1.89,1.87,7.5,5.5,1.33,7.75,5.5,1.35,,,,8.21,5.41,1.37,,,,,,,9.5,5.66,1.35,8.17,5.47,1.32,1.44,2.75,1.48,2.77,1.45,2.85,1.43,2.72,1.5,1.93,1.93,1.86,2.07,2.05,1.93,1.9,1.87,Unknown,1,1,2,,,,,,,9.8,5.8,1.36,1.48,2.84,2.02,1.96,,,,,,,9.6,6.2,1.36,1.46,3.1,2.0,1.96,9.0,5.0,1.33,8.5,5.75,1.3,8.0,5.0,1.3,8.5,5.5,1.33,8.0,5.5,1.33,8.5,5.5,1.33,8.0,5.6,1.33,8.5,5.5,1.3,7.5,5.5,1.35,7.5,5.5,1.35,,,,,,,,,,,,,,,brest,paris sg
F1,25/10/2025,18:00,Monaco,Toulouse,1,0,H,1,0,H,14,10,5,2,15,18,2,5,3,4,0,0,1.83,3.9,4.0,1.82,3.9,4.0,,,,1.87,4.03,3.96,,,,,,,1.86,4.1,4.25,1.8,3.86,3.91,1.62,2.3,1.63,2.36,1.64,2.3,1.6,2.26,-0.5,1.83,2.03,1.88,2.03,1.86,2.07,1.79,1.99,2.2,3.6,3.1,2.1,3.6,3.3,,,,2.16,3.63,3.44,,,,,,,2.2,3.7,3.6,2.06,3.57,3.31,1.67,2.2,1.69,2.26,1.68,2.32,1.63,2.2,-0.25,1.9,1.95,1.88,2.05,1.9,2.1,1.78,2.01,Unknown,3,4,7,,,,,,,1.89,4.0,4.2,1.66,2.42,1.89,2.07,,,,,,,2.18,3.7,3.6,1.73,2.34,1.9,2.09,1.83,3.75,4.0,1.76,4.1,4.25,1.8,3.75,3.75,1.75,3.6,3.7,1.75,3.6,3.7,2.05,3.6,3.4,2.0,3.65,3.6,2.1,3.7,3.2,2.0,3.4,3.1,2.0,3.4,3.1,,,,,,,,,,,,,,,monaco,toulouse
F1,25/10/2025,20:05,Lens,Marseille,2,1,H,1,1,D,8,17,5,3,12,9,4,8,3,2,0,0,2.7,3.6,2.45,2.8,3.6,2.37,,,,2.82,3.61,2.49,,,,,,,2.85,3.7,2.5,2.76,3.53,2.4,1.73,2.1,1.74,2.18,1.73,2.23,1.68,2.11,0.0,2.03,1.83,2.08,1.84,2.03,1.83,1.98,1.78,2.5,3.6,2.7,2.55,3.5,2.6,,,,2.6,3.49,2.81,,,,,,,2.6,3.6,2.75,2.52,3.47,2.67,1.73,2.1,1.73,2.22,1.75,2.23,1.68,2.12,0.0,1.85,2.0,1.88,2.04,1.85,2.0,1.82,1.94,Unknown,3,2,5,,,,,,,2.9,3.65,2.58,1.75,2.24,2.11,1.88,,,,,,,2.66,3.6,2.88,1.77,2.26,1.92,2.08,2.8,3.5,2.4,2.85,3.7,2.32,2.63,3.5,2.38,2.8,3.6,2.37,2.8,3.5,2.37,2.5,3.5,2.75,2.55,3.5,2.7,2.55,3.4,2.7,2.6,3.5,2.62,2.5,3.5,2.6,,,,,,,,,,,,,,,lens,marseille
F1,26/10/2025,14:00,Lille,Metz,6,1,H,2,0,H,23,10,12,4,18,12,7,8,3,2,0,0,1.3,5.5,9.5,1.32,5.5,9.25,,,,1.33,5.55,9.34,,,,,,,1.33,5.6,9.5,1.31,5.35,9.04,1.57,2.38,1.62,2.4,1.62,2.4,1.58,2.3,-1.5,1.9,1.95,1.93,1.98,1.91,1.95,1.88,1.88,1.22,6.5,11.0,1.24,6.5,11.5,,,,1.23,6.74,12.77,,,,,,,1.26,6.5,13.0,1.23,6.36,11.36,1.44,2.75,1.47,2.76,1.48,2.8,1.44,2.67,-1.75,1.8,2.05,1.84,2.08,1.91,2.05,1.83,1.95,Unknown,3,2,5,,,,,,,1.34,6.0,10.0,1.63,2.44,1.88,1.98,,,,,,,1.27,7.0,13.5,1.5,2.9,1.9,2.08,1.3,5.5,9.5,1.32,5.6,9.0,1.29,5.0,9.0,1.33,5.5,9.0,1.3,5.25,9.0,1.22,6.5,12.0,1.26,6.25,10.5,1.2,6.5,13.0,1.25,6.5,11.0,1.25,6.5,11.0,,,,,,,,,,,,,,,lille,metz
F1,26/10/2025,16:15,Angers,Lorient,2,0,H,1,0,H,7,23,4,4,14,6,1,6,1,0,0,0,2.55,3.2,2.88,2.55,3.2,2.8,,,,2.63,3.19,2.94,,,,,,,2.75,3.25,2.9,2.6,3.15,2.78,2.3,1.62,2.36,1.64,2.3,1.65,2.21,1.62,0.0,1.83,2.03,1.85,2.07,1.85,2.03,1.79,1.96,2.75,3.0,2.8,2.7,3.0,2.8,,,,2.76,3.04,2.98,,,,,,,2.83,3.15,2.83,2.71,3.03,2.76,2.5,1.53,2.51,1.58,2.5,1.63,2.36,1.56,0.0,1.93,1.93,1.88,2.04,1.93,1.93,1.87,1.89,Unknown,1,0,1,,,,,,,2.72,3.1,3.0,2.34,1.25,1.85,2.09,,,,,,,2.9,3.05,3.0,2.58,1.61,1.98,2.0,2.63,3.1,2.88,2.75,3.25,2.63,2.5,3.1,2.7,2.6,3.2,2.8,2.6,3.2,2.8,2.75,3.1,2.75,2.65,3.15,2.8,2.7,3.1,2.7,2.7,3.0,2.8,2.7,3.0,2.75,,,,,,,,,,,,,,,angers,lorient
F1,26/10/2025,16:15,Auxerre,Le Havre,0,1,A,0,0,D,14,9,3,4,21,12,13,5,2,2,0,0,2.1,3.4,3.5,2.15,3.4,3.3,,,,2.16,3.45,3.56,,,,,,,2.15,3.5,3.5,2.11,3.36,3.41,2.0,1.8,2.09,1.81,2.15,1.8,2.04,1.73,-0.25,1.83,2.03,1.87,2.04,1.83,2.03,1.8,1.97,2.1,3.25,3.6,2.1,3.3,3.6,,,,2.15,3.39,3.74,,,,,,,2.1,3.5,3.75,2.08,3.31,3.59,2.2,1.67,2.14,1.78,2.2,1.81,2.05,1.73,-0.25,1.83,2.03,1.85,2.09,1.83,2.06,1.77,2.02,Unknown,2,2,4,,,,,,,2.22,3.45,3.65,2.16,1.8,1.91,2.05,,,,,,,2.18,3.45,3.9,2.24,1.79,1.86,2.13,2.15,3.3,3.5,2.1,3.45,3.5,2.1,3.25,3.3,2.15,3.4,3.4,2.15,3.4,3.3,2.1,3.3,3.6,2.04,3.5,3.6,2.1,3.3,3.6,2.1,3.3,3.6,2.1,3.3,3.5,,,,,,,,,,,,,,,auxerre,le havre
F1,26/10/2025,16:15,Rennes,Nice,1,2,A,0,2,A,19,8,7,3,13,22,7,3,5,2,0,0,2.2,3.5,3.2,2.2,3.6,3.0,,,,2.2,3.64,3.28,,,,,,,2.25,3.75,3.25,2.17,3.55,3.11,1.73,2.1,1.74,2.19,1.73,2.1,1.7,2.08,-0.25,1.9,1.95,1.92,1.98,1.9,1.95,1.86,1.91,2.0,3.7,3.6,2.1,3.6,3.3,,,,2.11,3.61,3.6,,,,,,,2.1,3.75,3.66,2.05,3.61,3.4,1.67,2.2,1.72,2.21,1.72,2.22,1.66,2.16,-0.5,2.0,1.85,2.11,1.81,2.07,1.85,2.01,1.77,Unknown,5,2,7,,,,,,,2.24,3.55,3.3,1.25,1.25,1.94,1.99,,,,,,,2.1,3.6,3.95,1.72,2.32,2.1,1.89,2.15,3.5,3.25,2.15,3.75,3.15,2.1,3.5,3.0,2.2,3.6,3.0,2.2,3.6,3.0,2.05,3.6,3.4,2.1,3.7,3.3,2.0,3.75,3.4,2.1,3.6,3.3,2.1,3.6,3.25,,,,,,,,,,,,,,,rennes,nice
F1,26/10/2025,19:45,Lyon,Strasbourg,2,1,H,1,1,D,8,7,3,2,15,19,4,2,0,4,0,1,2.1,3.75,3.3,2.05,3.6,3.3,,,,2.11,3.75,3.41,,,,,,,2.1,3.75,3.4,2.06,3.63,3.3,1.67,2.2,1.72,2.22,1.76,2.2,1.68,2.11,-0.5,2.03,1.78,2.11,1.8,2.08,1.83,2.02,1.74,1.91,3.7,3.8,1.95,3.6,3.75,,,,1.95,3.78,3.95,,,,,,,1.95,3.8,3.9,1.92,3.67,3.75,1.67,2.2,1.72,2.24,1.68,2.32,1.65,2.18,-0.5,1.93,1.93,1.96,1.96,1.93,1.93,1.88,1.89,Unknown,0,6,6,,,,,,,2.16,3.85,3.5,1.77,2.24,2.14,1.84,,,,,,,1.99,3.85,4.1,1.78,2.28,2.0,1.98,2.05,3.6,3.4,2.1,3.65,3.3,2.05,3.5,3.2,2.1,3.7,3.3,2.05,3.6,3.3,1.95,3.6,3.75,1.88,3.75,3.9,1.9,3.75,3.75,1.95,3.6,3.8,1.95,3.5,3.8,,,,,,,,,,,,,,,lyon,strasbourg
F1,29/10/2025,18:00,Le Havre,Brest,1,0,H,0,0,D,13,8,3,2,12,11,5,1,1,3,0,0,2.55,3.2,2.9,2.5,3.3,2.8,,,,2.56,3.38,2.89,,,,,,,2.6,3.4,2.9,2.51,3.29,2.76,1.98,1.88,1.99,1.9,1.98,1.91,1.92,1.83,0.0,1.8,2.05,1.84,2.08,1.85,2.05,1.77,1.98,2.9,3.0,2.63,2.75,3.1,2.65,,,,2.98,3.13,2.69,,,,,,,2.9,3.15,2.7,2.84,3.07,2.6,2.3,1.62,2.35,1.65,2.3,1.73,2.2,1.63,0.0,2.0,1.85,2.07,1.86,2.05,1.85,1.97,1.8,Unknown,1,3,4,,,,,,,2.64,3.45,3.0,2.02,1.92,1.87,2.13,,,,,,,3.05,3.15,2.8,2.4,1.7,2.09,1.9,2.6,3.3,2.75,2.6,3.4,2.7,2.45,3.25,2.7,2.5,3.3,2.8,2.45,3.3,2.8,2.88,3.1,2.63,2.9,3.15,2.55,2.88,3.0,2.63,2.75,3.1,2.7,2.75,3.1,2.62,,,,,,,,,,,,,,,le havre,brest
F1,29/10/2025,18:00,Lorient,Paris SG,1,1,D,0,0,D,5,15,2,8,5,13,0,8,0,2,0,0,9.5,6.5,1.25,10.5,6.25,1.26,,,,10.79,6.39,1.26,,,,,,,11.0,6.5,1.26,10.17,6.12,1.25,1.44,2.75,1.44,2.79,1.44,3.0,1.4,2.79,1.75,1.93,1.93,1.96,1.93,1.95,1.93,1.91,1.86,10.0,6.5,1.25,9.5,6.0,1.28,,,,9.63,6.45,1.28,,,,,,,11.0,6.5,1.3,9.98,6.09,1.26,1.44,2.75,1.46,2.76,1.46,3.0,1.42,2.74,1.75,1.78,2.03,1.85,2.06,1.97,2.03,1.88,1.89,Unknown,0,2,2,,,,,,,12.0,7.2,1.27,1.46,2.96,1.95,1.98,,,,,,,11.5,7.0,1.29,1.48,2.98,1.91,2.08,11.0,6.0,1.25,10.0,6.4,1.25,10.0,5.75,1.22,10.0,6.0,1.25,10.0,6.0,1.25,11.0,6.0,1.25,10.5,6.5,1.24,10.0,6.0,1.25,9.5,6.0,1.28,9.0,6.0,1.28,,,,,,,,,,,,,,,lorient,paris sg
F1,29/10/2025,18:00,Metz,Lens,2,0,H,0,0,D,16,10,7,2,15,15,2,5,3,2,1,0,6.25,4.5,1.5,6.0,4.5,1.5,,,,6.36,4.56,1.51,,,,,,,6.5,4.5,1.52,6.06,4.4,1.49,1.67,2.2,1.7,2.22,1.67,2.23,1.65,2.17,1.0,2.03,1.83,2.05,1.86,2.03,1.85,1.97,1.8,5.5,4.75,1.48,6.25,4.6,1.49,,,,6.46,4.75,1.49,,,,,,,7.0,4.8,1.5,6.29,4.64,1.46,1.57,2.38,1.6,2.46,1.57,2.4,1.55,2.37,1.25,1.83,2.03,1.85,2.08,1.89,2.03,1.83,1.94,Unknown,5,2,7,,,,,,,7.0,4.7,1.54,1.74,2.28,2.09,1.87,,,,,,,7.4,4.9,1.5,1.63,2.56,1.91,2.08,6.5,4.33,1.5,5.8,4.4,1.52,6.0,4.33,1.45,6.0,4.5,1.5,6.0,4.4,1.5,6.5,4.5,1.5,7.0,4.8,1.43,6.5,4.6,1.45,6.0,4.6,1.48,6.0,4.6,1.48,,,,,,,,,,,,,,,metz,lens
F1,29/10/2025,18:00,Nice,Lille,2,0,H,1,0,H,8,21,4,4,11,10,2,13,3,3,0,0,3.0,3.5,2.3,2.95,3.5,2.3,,,,3.07,3.52,2.36,,,,,,,3.1,3.6,2.38,2.91,3.46,2.32,1.73,2.1,1.76,2.14,1.75,2.1,1.72,2.05,0.25,1.85,2.0,1.86,2.05,1.85,2.05,1.78,1.93,3.9,3.9,1.85,3.8,3.75,1.9,,,,4.02,4.06,1.87,,,,,,,4.0,3.9,1.91,3.81,3.77,1.88,1.57,2.38,1.6,2.46,1.62,2.4,1.58,2.29,0.5,2.0,1.85,2.05,1.88,2.0,1.9,1.92,1.85,Unknown,3,3,6,,,,,,,3.2,3.6,2.42,1.82,2.18,1.9,2.08,,,,,,,4.1,4.1,1.93,1.62,2.56,2.04,1.95,2.88,3.5,2.38,2.8,3.6,2.38,2.88,3.4,2.25,2.9,3.5,2.3,2.9,3.5,2.3,3.75,3.75,1.9,3.75,3.8,1.91,4.0,3.75,1.83,3.8,3.75,1.91,3.75,3.7,1.91,,,,,,,,,,,,,,,nice,lille
F1,29/10/2025,20:05,Marseille,Angers,2,2,D,0,1,A,11,12,6,6,11,7,1,5,2,1,0,0,1.22,6.5,12.0,1.23,6.5,12.5,,,,1.22,6.86,12.64,,,,,,,1.25,6.5,15.0,1.22,6.13,12.53,1.57,2.38,1.61,2.39,1.62,2.38,1.59,2.27,-1.75,1.88,1.98,1.9,1.98,1.88,1.98,1.85,1.92,1.25,6.5,10.0,1.24,6.25,12.0,,,,1.23,6.77,12.63,,,,,,,1.25,6.5,13.0,1.23,6.24,11.84,1.57,2.38,1.6,2.41,1.6,2.4,1.56,2.35,-1.75,1.93,1.93,1.93,1.98,1.93,1.96,1.86,1.91,Unknown,2,1,3,,,,,,,1.23,7.4,16.0,1.64,2.46,1.93,2.0,,,,,,,1.27,7.0,14.0,1.64,2.54,1.97,1.98,1.22,6.0,15.0,1.23,6.1,13.0,1.2,5.75,12.0,1.22,6.5,12.0,1.22,6.5,12.0,1.22,6.5,13.0,1.23,6.4,12.0,1.22,6.0,13.0,1.25,6.5,12.0,1.22,6.0,12.0,,,,,,,,,,,,,,,marseille,angers
F1,29/10/2025,20:05,Nantes,Monaco,3,5,A,2,2,D,18,19,5,9,13,17,1,3,3,5,0,0,4.75,4.0,1.7,4.6,4.1,1.66,,,,4.97,4.0,1.71,,,,,,,5.1,4.2,1.7,4.78,3.98,1.66,1.67,2.2,1.69,2.24,1.71,2.25,1.64,2.17,0.75,1.98,1.88,2.0,1.9,1.98,1.88,1.95,1.82,4.5,4.0,1.7,4.75,4.0,1.68,,,,4.89,4.1,1.72,,,,,,,4.9,4.2,1.73,4.65,3.99,1.68,1.67,2.2,1.73,2.2,1.71,2.23,1.65,2.15,0.75,1.98,1.88,2.0,1.93,2.0,1.9,1.94,1.83,Unknown,3,5,8,,,,,,,5.2,4.2,1.73,1.7,2.3,2.04,1.92,,,,,,,5.1,4.1,1.77,1.76,2.28,1.99,1.98,5.0,4.0,1.67,5.0,4.1,1.65,4.5,3.8,1.65,4.6,4.2,1.67,4.6,4.0,1.67,4.6,4.0,1.7,4.9,4.2,1.64,4.75,4.0,1.67,4.6,4.0,1.7,4.6,3.9,1.7,,,,,,,,,,,,,,,nantes,monaco
F1,29/10/2025,20:05,Paris FC,Lyon,3,3,D,0,1,A,11,7,3,4,18,16,4,2,6,2,1,1,2.7,3.5,2.5,2.6,3.6,2.5,,,,2.7,3.61,2.59,,,,,,,2.75,3.65,2.54,2.63,3.54,2.49,1.67,2.2,1.73,2.19,1.7,2.2,1.66,2.14,0.0,1.98,1.88,2.0,1.91,1.98,1.88,1.93,1.83,2.75,3.5,2.5,2.6,3.4,2.6,,,,2.77,3.51,2.62,,,,,,,2.8,3.6,2.6,2.67,3.45,2.53,1.73,2.1,1.78,2.13,1.75,2.12,1.71,2.07,0.0,2.03,1.83,2.02,1.91,2.03,1.87,1.95,1.81,Unknown,8,4,12,,,,,,,2.8,3.65,2.66,1.73,2.26,2.03,1.95,,,,,,,2.88,3.6,2.64,1.8,2.2,2.09,1.9,2.75,3.5,2.5,2.65,3.65,2.48,2.55,3.5,2.45,2.62,3.6,2.5,2.6,3.5,2.5,2.75,3.4,2.5,2.65,3.5,2.55,2.7,3.6,2.45,2.62,3.4,2.6,2.6,3.4,2.6,,,,,,,,,,,,,,,paris,lyon
F1,29/10/2025,20:05,Strasbourg,Auxerre,3,0,H,0,0,D,18,6,9,1,11,16,4,3,1,1,0,0,1.75,3.8,4.5,1.73,3.9,4.5,,,,1.76,4.03,4.56,,,,,,,1.75,4.1,4.9,1.71,3.87,4.55,1.8,2.0,1.8,2.08,1.8,2.05,1.76,1.99,-0.75,1.98,1.88,1.98,1.93,1.98,1.97,1.87,1.9,1.67,4.0,4.75,1.68,3.8,5.0,,,,1.66,4.11,5.44,,,,,,,1.74,4.0,5.0,1.68,3.85,4.87,1.83,2.03,1.87,2.04,1.86,2.03,1.81,1.94,-0.75,1.85,2.0,1.85,2.09,1.93,2.0,1.86,1.91,Unknown,1,1,2,,,,,,,1.79,4.1,5.0,1.81,2.12,2.0,1.95,,,,,,,1.74,4.0,5.4,1.92,2.06,1.94,2.04,1.73,3.75,4.6,1.66,4.1,4.9,1.7,3.7,4.4,1.73,3.9,4.5,1.73,3.8,4.5,1.7,3.75,5.0,1.74,3.8,4.7,1.65,3.9,5.0,1.67,3.8,5.0,1.67,3.8,5.0,,,,,,,,,,,,,,,strasbourg,auxerre
F1,29/10/2025,20:05,Toulouse,Rennes,2,2,D,0,0,D,15,11,4,5,9,12,5,8,2,3,0,0,2.15,3.5,3.3,2.1,3.5,3.4,,,,2.21,3.53,3.36,,,,,,,2.2,3.55,3.4,2.12,3.44,3.32,1.93,1.93,1.94,1.94,1.93,1.93,1.86,1.89,-0.25,1.88,1.98,1.92,1.99,1.88,1.98,1.82,1.95,1.95,3.6,3.8,1.98,3.5,3.7,,,,2.01,3.64,3.92,,,,,,,2.02,3.6,3.8,1.97,3.52,3.72,1.88,1.98,1.92,1.99,1.91,1.98,1.85,1.9,-0.5,1.98,1.88,2.02,1.91,2.0,1.88,1.94,1.82,Unknown,2,3,5,,,,,,,2.26,3.6,3.55,1.96,1.97,1.94,2.04,,,,,,,2.06,3.65,4.1,1.96,2.02,2.06,1.93,2.15,3.4,3.4,2.1,3.55,3.4,2.1,3.3,3.2,2.1,3.5,3.4,2.1,3.5,3.4,2.0,3.5,3.75,2.02,3.55,3.65,1.93,3.6,3.8,2.0,3.5,3.7,2.0,3.5,3.7,,,,,,,,,,,,,,,toulouse,rennes
F1,01/11/2025,16:00,Paris SG,Nice,1,0,H,0,0,D,28,5,8,2,12,5,11,1,3,1,0,0,1.25,6.0,10.0,1.26,6.5,10.0,,,,1.26,6.72,10.13,,,,,,,1.26,6.5,11.0,1.24,6.28,10.01,1.36,3.2,1.37,3.11,1.38,3.2,1.35,3.05,-1.75,1.88,1.98,1.9,1.99,1.88,1.98,1.82,1.94,1.17,8.0,15.0,1.16,8.25,15.5,,,,1.19,7.96,14.78,,,,,,,1.17,8.5,17.0,1.15,8.09,15.47,1.36,3.2,1.36,3.19,1.36,3.45,1.33,3.17,-2.25,1.95,1.9,2.13,1.78,1.95,1.9,1.92,1.85,Unknown,3,1,4,,,,,,,1.28,7.2,12.0,1.4,3.35,1.88,2.06,,,,,,,1.17,9.4,24.0,1.39,3.5,2.0,1.93,1.25,6.0,11.0,1.25,6.5,10.0,1.22,6.0,9.5,1.25,6.5,10.0,1.25,6.5,9.5,1.14,8.0,17.0,1.16,8.5,14.0,1.13,8.5,17.0,1.15,8.5,15.0,1.15,8.0,15.0,,,,,,,,,,,,,,,paris sg,nice
F1,01/11/2025,18:00,Monaco,Paris FC,0,1,A,0,0,D,10,9,1,1,10,12,3,2,3,2,0,0,1.67,4.33,4.33,1.68,4.2,4.4,,,,1.68,4.49,4.56,,,,,,,1.7,4.5,4.6,1.67,4.26,4.36,1.44,2.75,1.47,2.77,1.49,2.75,1.44,2.65,-0.75,1.85,2.0,1.85,2.06,1.86,2.0,1.82,1.94,1.7,4.2,4.33,1.66,4.2,4.5,,,,1.67,4.26,5.01,,,,,,,1.7,4.4,4.9,1.66,4.2,4.58,1.5,2.63,1.6,2.46,1.56,2.63,1.49,2.52,-0.75,1.88,1.98,1.85,2.09,1.88,2.06,1.79,1.99,Unknown,3,2,5,,,,,,,1.75,4.6,4.7,1.49,2.9,1.92,2.06,,,,,,,1.74,4.1,5.3,1.55,2.74,1.94,2.05,1.67,4.2,4.6,1.68,4.25,4.4,1.65,4.1,4.2,1.7,4.2,4.4,1.67,4.2,4.33,1.67,4.2,4.6,1.61,4.4,4.9,1.67,4.2,4.5,1.67,4.2,4.5,1.67,4.2,4.5,,,,,,,,,,,,,,,monaco,paris
F1,01/11/2025,20:05,Auxerre,Marseille,0,1,A,0,1,A,9,6,4,2,12,14,3,3,3,4,1,1,4.75,4.0,1.67,4.6,4.1,1.68,,,,4.95,4.15,1.68,,,,,,,5.1,4.1,1.7,4.76,3.98,1.66,1.67,2.2,1.69,2.25,1.71,2.2,1.66,2.14,0.75,2.0,1.85,2.03,1.88,2.0,1.86,1.94,1.82,5.25,3.8,1.67,5.25,3.8,1.68,,,,5.07,3.98,1.71,,,,,,,5.5,4.1,1.68,5.23,3.83,1.65,1.95,1.9,1.81,2.09,1.95,2.0,1.87,1.88,0.75,2.0,1.85,2.01,1.92,2.02,1.86,1.97,1.81,Unknown,5,6,11,,,,,,,5.3,4.1,1.72,1.7,2.3,2.06,1.9,,,,,,,5.7,4.1,1.7,2.0,1.98,2.09,1.9,5.0,4.0,1.67,4.8,4.0,1.67,4.6,3.9,1.62,4.6,4.0,1.67,4.6,4.0,1.67,5.5,3.75,1.67,5.25,4.1,1.62,5.25,3.8,1.65,5.25,3.8,1.67,5.0,3.75,1.67,,,,,,,,,,,,,,,auxerre,marseille
F1,02/11/2025,14:00,Rennes,Strasbourg,4,1,H,2,0,H,13,20,6,2,15,9,6,5,1,1,0,0,2.25,3.6,3.0,2.35,3.6,2.8,,,,2.35,3.68,2.98,,,,,,,2.38,3.65,3.0,2.3,3.56,2.86,1.67,2.2,1.71,2.23,1.68,2.2,1.66,2.16,-0.25,2.03,1.83,2.05,1.86,2.03,1.83,1.97,1.8,2.7,3.5,2.5,2.65,3.4,2.55,,,,2.83,3.46,2.6,,,,,,,2.75,3.6,2.6,2.68,3.44,2.52,1.67,2.2,1.75,2.19,1.72,2.2,1.68,2.12,0.0,2.0,1.85,2.05,1.88,2.0,1.85,1.94,1.82,Unknown,1,1,2,,,,,,,2.42,3.65,3.05,1.73,2.28,2.09,1.86,,,,,,,2.84,3.55,2.68,1.75,2.28,2.03,1.95,2.38,3.5,2.88,2.3,3.65,2.9,2.25,3.5,2.8,2.37,3.6,2.8,2.3,3.6,2.8,2.75,3.5,2.5,2.7,3.5,2.5,2.63,3.6,2.5,2.62,3.4,2.6,2.62,3.4,2.6,,,,,,,,,,,,,,,rennes,strasbourg
F1,02/11/2025,16:15,Lens,Lorient,3,0,H,1,0,H,9,12,6,3,8,10,7,6,2,2,0,0,1.48,4.33,6.5,1.47,4.6,6.25,,,,1.48,4.55,7.01,,,,,,,1.49,4.8,7.0,1.45,4.46,6.61,1.67,2.2,1.72,2.2,1.7,2.3,1.65,2.16,-1.25,2.05,1.8,2.11,1.81,2.05,1.87,1.95,1.81,1.57,4.1,5.75,1.57,4.2,5.5,,,,1.59,4.33,5.76,,,,,,,1.57,4.35,6.1,1.55,4.18,5.74,1.67,2.2,1.68,2.28,1.68,2.22,1.65,2.16,-1.0,1.98,1.88,2.02,1.91,1.98,1.97,1.88,1.9,Unknown,2,2,4,,,,,,,1.49,4.8,7.2,1.74,2.28,2.09,1.84,,,,,,,1.6,4.4,6.4,1.73,2.32,2.03,1.94,1.44,4.33,7.0,1.43,4.8,6.75,1.44,4.2,6.5,1.48,4.6,6.5,1.48,4.5,6.5,1.53,4.2,6.0,1.52,4.35,6.1,1.55,4.2,5.75,1.57,4.2,5.5,1.55,4.2,5.5,,,,,,,,,,,,,,,lens,lorient
F1,02/11/2025,16:15,Lille,Angers,1,0,H,1,0,H,15,6,4,1,10,10,9,2,1,0,0,0,1.27,6.0,10.0,1.28,5.75,10.0,,,,1.28,5.98,11.29,,,,,,,1.31,6.0,11.0,1.28,5.52,10.33,1.67,2.2,1.69,2.25,1.75,2.2,1.67,2.13,-1.5,1.83,2.03,1.86,2.05,1.9,2.03,1.83,1.92,1.36,5.25,8.0,1.37,5.0,8.25,,,,1.36,5.39,8.61,,,,,,,1.37,5.25,9.0,1.35,5.02,8.35,1.62,2.3,1.67,2.31,1.68,2.3,1.63,2.19,-1.5,2.03,1.83,2.08,1.85,2.03,1.83,1.99,1.78,Unknown,1,0,1,,,,,,,1.3,6.0,13.0,1.71,2.3,1.88,2.03,,,,,,,1.4,5.4,9.6,1.66,2.42,2.15,1.84,1.29,5.5,11.0,1.29,5.4,10.5,1.25,5.25,10.5,1.28,5.75,10.0,1.28,5.75,10.0,1.36,5.0,8.5,1.35,5.1,8.5,1.33,5.0,9.0,1.36,5.0,8.0,1.36,5.0,8.0,,,,,,,,,,,,,,,lille,angers
F1,02/11/2025,16:15,Nantes,Metz,0,2,A,0,0,D,16,14,4,7,8,8,8,5,1,3,0,0,1.91,3.6,4.0,1.95,3.4,3.9,,,,1.92,3.73,4.07,,,,,,,1.95,3.7,4.35,1.89,3.52,4.0,1.95,1.9,1.94,1.94,1.95,1.91,1.91,1.84,-0.5,1.9,1.95,1.93,1.98,1.9,2.0,1.84,1.92,2.1,3.6,3.3,2.1,3.5,3.4,,,,2.14,3.61,3.52,,,,,,,2.12,3.6,3.5,2.08,3.52,3.38,1.73,2.1,1.8,2.11,1.82,2.1,1.76,2.01,-0.25,1.83,2.03,1.86,2.07,1.83,2.04,1.78,2.0,Unknown,1,3,4,,,,,,,1.96,3.65,4.2,1.99,1.94,1.96,1.98,,,,,,,2.16,3.65,3.7,1.84,2.16,1.88,2.11,1.95,3.5,4.0,1.8,3.7,4.35,1.87,3.4,3.8,1.95,3.4,3.9,1.95,3.4,3.9,2.1,3.5,3.4,2.04,3.6,3.5,2.1,3.6,3.3,2.1,3.5,3.4,2.1,3.5,3.4,,,,,,,,,,,,,,,nantes,metz
F1,02/11/2025,16:15,Toulouse,Le Havre,0,0,D,0,0,D,18,9,2,3,12,14,10,2,1,2,0,0,1.75,3.7,4.75,1.75,3.7,4.6,,,,1.78,3.74,4.82,,,,,,,1.81,3.9,5.0,1.73,3.67,4.65,2.0,1.85,2.03,1.86,2.0,1.91,1.93,1.82,-0.75,2.0,1.85,2.02,1.88,2.0,1.93,1.91,1.85,1.7,3.6,5.25,1.72,3.6,5.0,,,,1.78,3.7,5.03,,,,,,,1.74,3.8,5.25,1.71,3.63,4.94,2.1,1.73,2.14,1.78,2.1,1.79,2.03,1.74,-0.75,1.93,1.93,2.03,1.9,1.94,1.93,1.9,1.87,Unknown,1,2,3,,,,,,,1.79,3.7,5.2,2.04,1.88,2.05,1.9,,,,,,,1.81,3.85,5.2,2.14,1.85,2.06,1.92,1.73,3.75,4.6,1.68,3.9,5.0,1.7,3.5,4.5,1.75,3.7,4.6,1.75,3.7,4.6,1.73,3.6,5.0,1.73,3.8,4.75,1.67,3.7,5.25,1.73,3.6,5.0,1.7,3.6,5.0,,,,,,,,,,,,,,,toulouse,le havre
F1,02/11/2025,19:45,Brest,Lyon,0,0,D,0,0,D,13,4,3,2,19,6,12,2,1,0,0,1,3.1,3.5,2.25,3.1,3.5,2.25,,,,3.16,3.54,2.3,,,,,,,3.2,3.65,2.26,3.05,3.48,2.22,1.8,2.0,1.82,2.06,1.8,2.16,1.74,2.03,0.25,1.88,1.98,1.91,2.0,1.9,1.98,1.85,1.87,3.3,3.4,2.2,3.3,3.4,2.15,,,,3.56,3.34,2.23,,,,,,,3.5,3.4,2.2,3.37,3.32,2.16,2.03,1.83,2.07,1.85,2.05,1.83,1.97,1.79,0.25,1.95,1.9,2.01,1.92,1.96,1.9,1.94,1.78,Unknown,1,2,3,,,,,,,3.3,3.6,2.32,1.83,2.14,1.96,2.0,,,,,,,3.65,3.5,2.26,2.08,1.9,2.05,1.93,3.1,3.5,2.25,3.0,3.65,2.23,2.9,3.4,2.15,3.1,3.5,2.25,3.1,3.5,2.2,3.4,3.3,2.2,3.45,3.35,2.15,3.3,3.4,2.15,3.3,3.4,2.2,3.3,3.3,2.15,,,,,,,,,,,,,,,brest,lyon
F1,07/11/2025,19:45,Paris FC,Rennes,0,1,A,0,0,D,19,10,4,3,9,13,8,9,4,2,0,0,2.2,3.5,3.2,2.2,3.5,3.1,,,,2.27,3.61,3.22,,,,,,,2.25,3.6,3.2,2.19,3.5,3.13,1.8,2.0,1.81,2.08,1.8,2.06,1.75,2.02,-0.25,1.93,1.93,1.97,1.95,1.93,1.93,1.88,1.89,2.25,3.6,3.0,2.25,3.5,3.0,,,,2.35,3.6,3.09,,,,,,,2.28,3.65,3.2,2.22,3.52,3.07,1.73,2.1,1.74,2.18,1.73,2.14,1.69,2.09,-0.25,1.95,1.9,2.04,1.88,1.95,1.91,1.9,1.87,Unknown,4,2,6,,,,,,,2.32,3.65,3.3,1.81,2.2,1.97,1.99,,,,,,,2.38,3.6,3.3,1.77,2.28,2.03,1.95,2.2,3.5,3.2,2.15,3.6,3.2,2.2,3.5,3.1,2.2,3.5,3.1,2.2,3.5,3.1,2.2,3.5,3.2,2.18,3.65,3.15,2.25,3.6,3.0,2.25,3.6,3.0,2.25,3.5,3.0,,,,,,,,,,,,,,,paris,rennes
F1,08/11/2025,16:00,Marseille,Brest,3,0,H,2,0,H,19,4,7,2,12,10,6,2,0,1,0,0,1.44,4.75,6.5,1.44,4.8,6.5,,,,1.47,4.67,6.94,,,,,,,1.48,4.8,7.0,1.44,4.61,6.58,1.67,2.2,1.69,2.25,1.67,2.25,1.63,2.2,-1.25,2.0,1.85,2.05,1.86,2.0,1.86,1.95,1.82,1.5,4.5,5.75,1.47,4.75,6.25,,,,1.49,4.81,6.49,,,,,,,1.51,4.8,7.0,1.46,4.62,6.28,1.62,2.3,1.6,2.46,1.62,2.4,1.58,2.29,-1.25,2.05,1.75,2.06,1.87,2.05,1.86,1.97,1.8,Unknown,0,1,1,,,,,,,1.48,4.9,7.2,1.72,2.3,2.06,1.88,,,,,,,1.49,4.9,7.4,1.65,2.52,2.09,1.87,1.44,4.5,7.0,1.45,4.6,6.75,1.4,4.5,6.5,1.44,4.8,6.5,1.44,4.8,6.5,1.5,4.5,6.5,1.43,4.75,7.0,1.45,4.6,6.5,1.48,4.8,6.0,1.5,4.6,5.75,,,,,,,,,,,,,,,marseille,brest
F1,08/11/2025,18:00,Le Havre,Nantes,1,1,D,0,1,A,17,5,4,2,15,13,8,3,3,3,0,0,1.9,3.3,4.5,1.9,3.4,4.2,,,,1.91,3.43,4.56,,,,,,,1.95,3.4,4.5,1.89,3.32,4.29,2.2,1.67,2.25,1.7,2.2,1.73,2.16,1.65,-0.5,1.88,1.98,1.92,1.99,1.9,1.98,1.86,1.9,1.9,3.3,4.33,1.85,3.3,4.6,,,,1.9,3.4,4.77,,,,,,,1.91,3.4,4.8,1.86,3.33,4.51,2.1,1.73,2.2,1.75,2.17,1.73,2.11,1.68,-0.5,1.9,1.95,1.91,2.01,1.9,1.98,1.83,1.93,Unknown,3,3,6,,,,,,,1.95,3.5,4.9,2.28,1.72,1.95,2.04,,,,,,,1.92,3.45,5.1,2.18,1.81,1.93,2.05,1.95,3.3,4.2,1.87,3.35,4.5,1.85,3.25,4.1,1.91,3.4,4.2,1.91,3.3,4.2,1.9,3.4,4.33,1.82,3.4,4.8,1.91,3.4,4.1,1.85,3.3,4.6,1.85,3.3,4.5,,,,,,,,,,,,,,,le havre,nantes
F1,08/11/2025,20:05,Monaco,Lens,1,4,A,1,3,A,16,20,6,12,15,19,5,4,1,2,1,0,2.05,3.9,3.2,2.0,3.9,3.3,,,,2.1,3.85,3.35,,,,,,,2.12,4.0,3.35,2.03,3.82,3.23,1.53,2.5,1.56,2.53,1.56,2.5,1.52,2.42,-0.25,1.85,2.0,1.85,2.07,1.86,2.07,1.78,2.0,2.0,3.9,3.4,2.0,3.8,3.4,,,,2.02,3.84,3.65,,,,,,,2.0,3.9,3.55,1.98,3.81,3.43,1.53,2.5,1.56,2.56,1.53,2.5,1.5,2.48,-0.5,2.0,1.85,2.03,1.89,2.0,1.88,1.93,1.83,Unknown,3,2,5,,,,,,,2.18,3.9,3.4,1.58,2.56,1.9,2.06,,,,,,,2.06,4.0,3.65,1.57,2.66,2.07,1.92,2.05,3.75,3.3,2.0,3.95,3.35,2.0,3.75,3.1,2.0,3.9,3.3,2.0,3.8,3.25,2.0,3.75,3.4,1.94,3.9,3.55,2.0,3.9,3.3,2.0,3.8,3.4,2.0,3.75,3.4,,,,,,,,,,,,,,,monaco,lens
F1,09/11/2025,14:00,Lorient,Toulouse,1,1,D,1,0,H,10,6,2,2,6,18,6,4,0,4,0,0,3.0,3.3,2.4,3.0,3.3,2.3,,,,2.99,3.32,2.51,,,,,,,3.1,3.35,2.45,2.96,3.26,2.38,2.1,1.73,2.15,1.76,2.1,1.8,2.04,1.73,0.25,1.78,2.1,1.78,2.15,1.83,2.1,1.75,1.98,3.1,3.3,2.35,2.95,3.25,2.4,,,,3.26,3.22,2.44,,,,,,,3.1,3.3,2.4,3.03,3.21,2.38,2.1,1.73,2.24,1.71,2.15,1.73,2.09,1.69,0.25,1.83,2.03,1.85,2.08,1.83,2.05,1.78,1.94,Unknown,0,4,4,,,,,,,3.15,3.3,2.54,2.16,1.78,1.81,2.17,,,,,,,3.3,3.3,2.5,2.26,1.75,1.86,2.12,3.0,3.25,2.4,2.9,3.35,2.45,2.88,3.13,2.38,3.1,3.3,2.3,3.0,3.3,2.3,3.1,3.2,2.4,3.05,3.25,2.4,3.0,3.25,2.38,3.0,3.25,2.4,2.9,3.25,2.4,,,,,,,,,,,,,,,lorient,toulouse
F1,09/11/2025,16:15,Angers,Auxerre,2,0,H,0,0,D,9,12,5,5,19,14,3,3,2,2,0,0,2.55,3.1,2.9,2.5,3.2,2.9,,,,2.62,3.18,2.97,,,,,,,2.66,3.33,2.9,2.57,3.15,2.81,2.3,1.62,2.35,1.65,2.3,1.62,2.24,1.6,0.0,1.8,2.05,1.83,2.08,1.86,2.05,1.8,1.97,2.55,3.0,3.0,2.5,3.0,3.0,,,,2.62,3.11,3.1,,,,,,,2.6,3.13,3.1,2.54,3.01,2.98,2.38,1.57,2.5,1.58,2.5,1.6,2.37,1.55,0.0,1.78,2.1,1.81,2.14,1.78,2.1,1.74,2.04,Unknown,2,2,4,,,,,,,2.64,3.35,3.0,2.36,1.68,1.85,2.13,,,,,,,2.7,3.15,3.2,2.52,1.64,1.82,2.18,2.63,3.1,2.88,2.63,3.25,2.75,2.5,3.1,2.75,2.5,3.2,2.9,2.5,3.1,2.87,2.6,3.0,3.0,2.6,3.05,2.95,2.55,3.13,2.9,2.5,3.0,3.0,2.5,3.0,3.0,,,,,,,,,,,,,,,angers,auxerre
F1,09/11/2025,16:15,Metz,Nice,2,1,H,0,1,A,9,11,2,4,12,19,6,3,2,4,0,0,3.3,3.6,2.1,3.3,3.7,2.05,,,,3.35,3.73,2.14,,,,,,,3.5,3.8,2.15,3.32,3.62,2.06,1.73,2.1,1.75,2.17,1.75,2.1,1.71,2.07,0.5,1.73,2.08,1.78,2.14,1.81,2.08,1.75,2.0,3.0,3.6,2.25,3.0,3.6,2.25,,,,3.06,3.67,2.33,,,,,,,3.1,3.75,2.33,3.0,3.58,2.24,1.67,2.2,1.72,2.24,1.68,2.2,1.66,2.15,0.25,1.9,1.95,1.89,2.04,1.9,2.0,1.86,1.86,Unknown,2,4,6,,,,,,,3.2,3.7,2.2,1.78,2.18,1.78,2.2,,,,,,,3.2,3.7,2.38,1.75,2.28,1.94,2.04,3.4,3.5,2.1,3.5,3.8,2.0,3.2,3.5,2.05,3.3,3.7,2.05,3.3,3.7,2.05,3.1,3.5,2.25,3.0,3.75,2.2,3.1,3.6,2.2,3.0,3.6,2.25,3.0,3.5,2.2,,,,,,,,,,,,,,,metz,nice
F1,09/11/2025,16:15,Strasbourg,Lille,2,0,H,1,0,H,5,7,2,4,9,20,1,4,4,3,0,1,2.63,3.5,2.55,2.7,3.5,2.45,,,,2.68,3.71,2.56,,,,,,,2.8,3.66,2.55,2.69,3.51,2.46,1.73,2.1,1.74,2.18,1.75,2.1,1.71,2.06,0.0,1.98,1.88,2.0,1.91,1.98,1.88,1.94,1.82,2.6,3.75,2.5,2.7,3.5,2.45,,,,2.78,3.67,2.53,,,,,,,2.75,3.75,2.55,2.67,3.54,2.48,1.62,2.3,1.66,2.33,1.66,2.3,1.61,2.23,0.0,2.0,1.85,2.06,1.88,2.0,1.85,1.95,1.81,Unknown,4,5,9,,,,,,,2.78,3.65,2.64,1.78,2.2,2.03,1.92,,,,,,,2.86,3.75,2.6,1.71,2.36,2.07,1.9,2.75,3.4,2.5,2.8,3.55,2.4,2.6,3.4,2.45,2.7,3.5,2.45,2.7,3.5,2.45,2.75,3.5,2.5,2.65,3.55,2.55,2.63,3.7,2.45,2.7,3.5,2.5,2.7,3.5,2.45,,,,,,,,,,,,,,,strasbourg,lille
F1,09/11/2025,19:45,Lyon,Paris SG,2,3,A,1,2,A,9,9,2,4,10,8,5,5,5,2,1,0,4.2,3.9,1.8,3.9,4.0,1.82,,,,4.22,4.0,1.82,,,,,,,4.25,4.0,1.83,4.0,3.88,1.79,1.62,2.3,1.66,2.3,1.67,2.3,1.62,2.21,0.75,1.83,2.03,1.85,2.07,1.83,2.03,1.79,1.98,5.75,4.1,1.57,5.5,4.1,1.58,,,,5.94,4.14,1.6,,,,,,,6.0,4.2,1.6,5.72,4.09,1.56,1.8,2.0,1.81,2.09,1.8,2.2,1.72,2.06,1.0,1.85,2.0,1.89,2.03,1.92,2.0,1.85,1.93,Unknown,7,2,9,,,,,,,4.4,4.0,1.87,1.67,2.36,1.86,2.11,,,,,,,6.0,4.4,1.64,1.84,2.16,1.92,2.05,4.0,3.75,1.83,4.25,3.9,1.78,3.9,3.8,1.75,3.9,4.0,1.83,3.9,3.9,1.8,6.0,4.0,1.57,5.6,4.1,1.58,5.75,4.1,1.55,5.5,4.2,1.6,5.5,4.2,1.57,,,,,,,,,,,,,,,lyon,paris sg
F1,21/11/2025,19:45,Nice,Marseille,1,5,A,0,2,A,15,13,7,11,9,10,8,6,2,2,0,0,3.8,3.75,1.91,3.75,3.6,1.93,,,,3.92,3.7,1.96,,,,,,,3.8,3.9,1.95,3.72,3.68,1.92,1.73,2.1,1.78,2.12,1.75,2.14,1.7,2.09,0.5,1.93,1.93,1.93,1.97,1.93,1.93,1.87,1.89,3.7,3.7,1.95,3.6,3.6,1.98,,,,3.78,3.71,2.02,,,,,,,3.8,3.75,2.0,3.65,3.62,1.95,1.73,2.1,1.72,2.23,1.75,2.2,1.67,2.13,0.5,1.88,1.98,1.89,2.03,1.89,1.98,1.85,1.92,Unknown,2,2,4,,,,,,,4.0,3.85,2.0,1.8,2.2,1.98,2.0,,,,,,,4.0,3.85,2.02,1.73,2.32,1.96,2.02,3.75,3.6,1.95,3.7,3.9,1.91,3.7,3.7,1.93,3.75,3.6,1.95,3.7,3.6,1.91,3.6,3.6,2.0,3.8,3.75,1.91,3.6,3.7,1.95,3.6,3.6,2.0,3.6,3.6,1.95,,,,,,,,,,,,,,,nice,marseille
F1,22/11/2025,16:00,Lens,Strasbourg,1,0,H,0,0,D,13,7,5,1,13,13,3,1,2,3,1,1,2.05,3.75,3.4,1.98,3.75,3.5,,,,2.1,3.71,3.48,,,,,,,2.05,3.8,3.5,2.0,3.68,3.43,1.67,2.2,1.67,2.31,1.67,2.3,1.62,2.21,-0.25,1.8,2.05,1.83,2.09,1.8,2.1,1.73,2.04,2.15,3.7,3.2,2.1,3.6,3.25,,,,2.19,3.67,3.35,,,,,,,2.15,3.75,3.4,2.09,3.63,3.27,1.67,2.2,1.68,2.3,1.67,2.25,1.63,2.19,-0.25,1.88,1.98,1.91,2.02,1.88,2.04,1.8,1.98,Unknown,4,5,9,,,,,,,2.14,3.75,3.65,1.65,2.38,1.88,2.07,,,,,,,2.18,3.75,3.5,1.71,2.38,1.9,2.08,2.0,3.75,3.5,1.98,3.8,3.5,2.0,3.6,3.2,2.0,3.75,3.5,2.0,3.7,3.4,2.05,3.6,3.4,2.05,3.75,3.4,2.1,3.7,3.2,2.1,3.6,3.25,2.1,3.6,3.2,,,,,,,,,,,,,,,lens,strasbourg
F1,22/11/2025,18:00,Rennes,Monaco,4,1,H,1,0,H,17,13,9,3,3,13,4,6,0,1,0,1,2.63,3.7,2.45,2.65,3.75,2.4,,,,2.71,3.8,2.49,,,,,,,2.7,3.8,2.5,2.64,3.66,2.42,1.57,2.38,1.57,2.5,1.57,2.5,1.53,2.39,0.0,2.0,1.85,2.04,1.87,2.0,1.85,1.94,1.81,2.35,3.7,2.8,2.5,3.7,2.6,,,,2.47,3.7,2.84,,,,,,,2.5,3.9,2.8,2.43,3.64,2.68,1.53,2.5,1.56,2.56,1.53,2.63,1.5,2.49,0.0,1.73,2.08,1.83,2.11,1.83,2.08,1.77,1.99,Unknown,0,3,3,,,,,,,2.78,3.85,2.56,1.58,2.56,2.06,1.92,,,,,,,2.54,3.8,2.88,1.57,2.68,1.87,2.12,2.63,3.6,2.5,2.7,3.65,2.45,2.55,3.6,2.38,2.62,3.75,2.4,2.62,3.7,2.4,2.4,3.6,2.75,2.5,3.65,2.65,2.38,3.9,2.63,2.5,3.7,2.62,2.45,3.6,2.6,,,,,,,,,,,,,,,rennes,monaco
F1,22/11/2025,20:05,Paris SG,Le Havre,3,0,H,1,0,H,31,12,11,4,10,8,6,4,2,1,0,0,1.18,7.5,12.0,1.18,7.5,15.0,,,,1.16,9.07,14.62,,,,,,,1.2,8.5,17.0,1.17,7.33,14.78,1.5,2.63,1.49,2.65,1.5,2.7,1.46,2.59,-2.0,1.88,1.98,1.93,1.96,1.95,2.04,1.83,1.96,1.22,6.5,11.0,1.21,6.75,13.0,,,,1.21,7.28,13.39,,,,,,,1.23,7.0,13.0,1.21,6.45,12.38,1.53,2.5,1.55,2.54,1.55,2.6,1.51,2.45,-1.75,1.83,2.03,1.88,2.03,1.84,2.03,1.8,1.98,Unknown,2,1,3,,,,,,,1.18,9.2,16.0,1.51,2.82,1.91,2.0,,,,,,,1.24,7.4,15.5,1.58,2.66,1.94,2.02,1.17,7.5,17.0,1.17,7.5,15.0,1.14,7.0,15.0,1.18,7.5,15.0,1.18,7.5,15.0,1.22,6.5,13.0,1.22,6.4,12.0,1.2,6.5,13.0,1.22,6.5,13.0,1.2,6.5,13.0,,,,,,,,,,,,,,,paris sg,le havre
F1,23/11/2025,14:00,Auxerre,Lyon,0,0,D,0,0,D,12,16,5,7,10,11,7,11,1,3,0,0,3.9,3.4,2.0,3.8,3.4,1.98,,,,3.86,3.53,2.03,,,,,,,3.9,3.55,2.02,3.72,3.43,1.98,1.98,1.88,2.0,1.89,1.98,1.91,1.92,1.83,0.5,1.85,2.0,1.87,2.04,1.88,2.0,1.82,1.94,3.9,3.5,1.95,3.8,3.4,2.0,,,,4.06,3.54,2.0,,,,,,,4.0,3.5,2.0,3.86,3.41,1.97,1.98,1.88,2.05,1.86,2.1,1.88,1.99,1.77,0.5,1.88,1.98,1.92,2.01,1.88,1.98,1.84,1.92,Unknown,1,3,4,,,,,,,4.1,3.6,2.08,2.1,1.89,1.91,2.08,,,,,,,4.2,3.5,2.06,2.12,1.86,1.92,2.06,3.75,3.4,2.0,3.9,3.55,1.96,3.5,3.4,1.95,3.8,3.5,2.0,3.75,3.4,1.95,4.0,3.4,1.95,4.0,3.4,1.96,3.8,3.5,1.95,3.8,3.4,2.0,3.8,3.3,2.0,,,,,,,,,,,,,,,auxerre,lyon
F1,23/11/2025,16:15,Brest,Metz,3,2,H,1,1,D,20,7,7,3,11,8,6,2,2,3,0,0,1.8,3.75,4.33,1.77,3.75,4.4,,,,1.85,3.81,4.3,,,,,,,1.83,3.8,4.5,1.78,3.56,4.26,1.83,2.03,1.85,2.05,1.83,2.03,1.79,1.96,-0.5,1.8,2.05,1.86,2.05,1.81,2.05,1.76,2.01,1.85,3.75,4.0,1.8,3.75,4.2,,,,1.85,3.83,4.38,,,,,,,1.94,3.8,4.5,1.8,3.73,4.21,1.73,2.1,1.78,2.13,1.8,2.1,1.75,2.01,-0.5,1.88,1.98,1.86,2.08,1.95,2.07,1.78,2.0,Unknown,2,3,5,,,,,,,1.89,3.8,4.5,1.86,2.1,1.89,2.08,,,,,,,1.86,3.9,4.7,1.82,2.16,1.86,2.14,1.8,3.75,4.5,1.83,3.6,4.35,1.75,3.6,4.2,1.75,3.75,4.4,1.75,3.75,4.33,1.8,3.75,4.33,1.77,3.8,4.5,1.8,3.75,4.2,1.8,3.75,4.2,1.8,3.7,4.2,,,,,,,,,,,,,,,brest,metz
F1,23/11/2025,16:15,Nantes,Lorient,1,1,D,0,1,A,9,7,1,1,17,17,1,1,1,1,0,0,2.63,3.3,2.7,2.55,3.3,2.7,,,,2.65,3.49,2.71,,,,,,,2.63,3.4,2.8,2.56,3.3,2.7,2.03,1.83,2.05,1.85,2.03,1.83,1.97,1.78,0.0,1.9,1.95,1.93,1.98,1.9,1.95,1.83,1.92,3.0,3.3,2.4,2.9,3.3,2.45,,,,3.1,3.4,2.44,,,,,,,3.0,3.35,2.45,2.95,3.29,2.4,1.98,1.88,2.02,1.88,2.0,1.88,1.96,1.8,0.25,1.78,2.1,1.84,2.1,1.8,2.1,1.76,1.97,Unknown,1,1,2,,,,,,,2.8,3.45,2.78,2.06,1.85,2.0,1.98,,,,,,,3.1,3.55,2.46,2.08,1.9,1.86,2.13,2.6,3.25,2.8,2.6,3.35,2.7,2.55,3.2,2.6,2.6,3.3,2.7,2.6,3.3,2.7,3.0,3.25,2.4,2.9,3.35,2.43,3.0,3.25,2.4,2.9,3.3,2.45,2.87,3.3,2.4,,,,,,,,,,,,,,,nantes,lorient
F1,23/11/2025,16:15,Toulouse,Angers,0,1,A,0,1,A,25,6,6,2,15,15,11,1,1,3,0,0,1.6,3.8,6.0,1.63,3.9,5.5,,,,1.62,3.97,5.96,,,,,,,1.63,3.9,6.0,1.6,3.79,5.64,2.05,1.8,2.09,1.79,2.1,1.8,2.02,1.75,-0.75,1.75,2.05,1.81,2.12,1.77,2.05,1.75,2.02,1.7,3.6,5.5,1.66,3.7,5.5,,,,1.69,3.75,5.74,,,,,,,1.7,3.8,5.75,1.66,3.67,5.45,2.1,1.73,2.24,1.71,2.14,1.73,2.08,1.7,-0.75,1.93,1.93,1.92,2.01,1.93,1.98,1.84,1.93,Unknown,1,3,4,,,,,,,1.64,4.0,6.2,2.08,1.83,1.82,2.15,,,,,,,1.73,3.8,6.0,2.24,1.77,1.95,2.02,1.6,3.75,6.0,1.62,3.9,5.6,1.57,3.7,5.5,1.61,3.9,5.5,1.61,3.8,5.5,1.67,3.6,5.5,1.65,3.8,5.5,1.7,3.6,5.25,1.67,3.7,5.5,1.65,3.7,5.5,,,,,,,,,,,,,,,toulouse,angers
F1,23/11/2025,19:45,Lille,Paris FC,4,2,H,1,1,D,17,6,10,3,9,12,9,4,1,2,0,0,1.62,4.0,5.5,1.61,4.1,5.25,,,,1.62,4.34,5.28,,,,,,,1.65,4.25,5.5,1.6,4.08,5.08,1.67,2.2,1.7,2.22,1.67,2.23,1.65,2.16,-1.0,2.05,1.8,2.09,1.83,2.1,1.82,2.0,1.77,1.67,3.9,5.0,1.65,4.0,5.0,,,,1.7,4.03,5.15,,,,,,,1.71,4.0,5.1,1.66,3.91,4.95,1.73,2.1,1.78,2.13,1.77,2.14,1.71,2.07,-0.75,1.85,2.0,1.89,2.03,1.9,2.0,1.81,1.96,Unknown,1,2,3,,,,,,,1.67,4.3,5.7,1.71,2.28,2.12,1.82,,,,,,,1.74,4.2,5.3,1.78,2.26,1.93,2.07,1.62,4.0,5.5,1.6,4.25,5.1,1.57,3.9,5.0,1.61,4.2,5.0,1.61,4.0,5.0,1.67,4.0,5.0,1.65,3.95,5.1,1.65,3.9,5.0,1.65,4.0,5.0,1.65,4.0,4.8,,,,,,,,,,,,,,,lille,paris
F1,28/11/2025,19:45,Metz,Rennes,0,1,A,0,1,A,16,9,5,2,9,8,6,3,0,0,0,0,4.0,3.6,1.85,3.7,3.75,1.93,,,,4.0,3.97,1.89,,,,,,,4.0,4.0,1.93,3.78,3.75,1.88,1.67,2.2,1.68,2.29,1.7,2.22,1.66,2.16,0.5,1.98,1.88,2.02,1.9,1.98,1.96,1.89,1.87,3.75,3.8,1.85,3.7,3.9,1.9,,,,3.76,3.94,1.96,,,,,,,3.75,3.9,1.96,3.63,3.79,1.91,1.57,2.38,1.6,2.44,1.66,2.4,1.56,2.33,0.5,1.95,1.9,1.95,1.97,1.95,1.96,1.87,1.89,Unknown,0,0,0,,,,,,,4.1,3.95,1.94,1.74,2.32,2.04,1.94,,,,,,,3.9,3.9,2.02,1.65,2.5,1.96,2.02,3.75,3.75,1.9,3.8,3.8,1.9,3.8,3.8,1.87,3.7,3.75,1.91,3.6,3.7,1.91,3.6,3.75,1.95,3.65,3.7,1.96,3.6,3.9,1.9,3.7,3.9,1.91,3.6,3.8,1.91,,,,,,,,,,,,,,,metz,rennes
F1,29/11/2025,16:00,Monaco,Paris SG,1,0,H,0,0,D,10,17,5,4,10,13,4,4,3,1,1,0,5.0,4.33,1.6,4.8,4.5,1.6,,,,5.1,4.59,1.6,,,,,,,5.25,4.7,1.6,4.95,4.47,1.57,1.44,2.75,1.44,2.81,1.44,2.88,1.41,2.75,1.0,1.9,1.95,1.94,1.96,1.97,22.0,1.91,4.11,4.33,4.2,1.7,4.33,4.4,1.66,,,,4.62,4.41,1.69,,,,,,,4.6,4.4,1.7,4.42,4.32,1.66,1.44,2.75,1.42,2.95,1.44,3.05,1.38,2.93,0.75,1.98,1.88,2.05,1.88,2.06,1.88,2.0,1.78,Unknown,5,1,6,,,,,,,5.5,4.8,1.62,1.47,3.0,1.98,1.96,,,,,,,4.8,4.6,1.73,1.44,3.15,2.08,1.9,5.0,4.5,1.57,5.2,4.7,1.54,4.8,4.33,1.53,4.8,4.5,1.6,4.8,4.4,1.6,4.33,4.33,1.67,4.6,4.4,1.64,4.4,4.33,1.65,4.33,4.4,1.67,4.33,4.4,1.65,,,,,,,,,,,,,,,monaco,paris sg
F1,29/11/2025,18:00,Paris FC,Auxerre,1,1,D,1,1,D,11,11,2,3,11,17,4,3,2,1,0,0,1.8,3.6,4.5,1.82,3.7,4.2,,,,1.82,3.81,4.49,,,,,,,1.84,3.85,4.5,1.79,3.68,4.27,1.88,1.98,1.9,1.99,1.88,2.0,1.81,1.95,-0.75,2.03,1.78,2.07,1.85,2.03,1.81,1.99,1.77,1.85,3.5,4.2,1.88,3.6,4.0,,,,1.9,3.61,4.4,,,,,,,1.95,3.65,4.25,1.88,3.55,4.08,1.93,1.93,2.01,1.9,2.0,1.93,1.89,1.87,-0.5,1.88,1.98,1.91,2.01,1.95,1.98,1.84,1.92,Unknown,2,1,3,,,,,,,1.85,3.9,4.7,1.9,2.02,2.1,1.86,,,,,,,1.95,3.75,4.5,2.0,1.98,1.95,2.04,1.8,3.6,4.33,1.79,3.85,4.3,1.75,3.6,4.2,1.83,3.7,4.2,1.8,3.7,4.2,1.9,3.5,4.0,1.86,3.65,4.2,1.87,3.6,4.1,1.91,3.6,4.0,1.85,3.6,4.0,,,,,,,,,,,,,,,paris,auxerre
F1,29/11/2025,20:05,Marseille,Toulouse,2,2,D,0,1,A,20,6,5,4,7,10,9,1,2,1,0,0,1.6,3.9,6.0,1.62,4.0,5.25,,,,1.62,4.17,5.51,,,,,,,1.63,4.2,6.0,1.59,4.01,5.38,1.8,2.0,1.83,2.05,1.83,2.0,1.78,1.96,-1.0,2.03,1.83,2.07,1.85,2.05,22.0,1.98,4.04,1.67,3.9,4.75,1.63,4.0,5.0,,,,1.68,4.04,5.22,,,,,,,1.7,4.1,5.5,1.64,3.98,5.01,1.73,2.1,1.75,2.17,1.76,2.1,1.71,2.07,-0.75,1.83,2.03,1.88,2.05,1.86,2.05,1.78,2.0,Unknown,2,1,3,,,,,,,1.64,4.2,6.2,1.86,2.08,2.08,1.87,,,,,,,1.68,4.2,5.8,1.75,2.26,1.87,2.13,1.6,4.0,5.5,1.57,4.2,5.75,1.55,3.9,5.25,1.61,4.0,5.25,1.61,3.9,5.25,1.62,4.0,5.0,1.62,4.0,5.5,1.62,4.1,5.0,1.65,4.0,5.0,1.65,4.0,5.0,,,,,,,,,,,,,,,marseille,toulouse
F1,30/11/2025,14:00,Strasbourg,Brest,1,2,A,1,0,H,14,7,6,4,12,14,5,0,0,3,0,0,1.8,3.75,4.33,1.83,3.75,4.1,,,,1.83,3.83,4.4,,,,,,,1.87,3.75,4.33,1.82,3.68,4.11,1.73,2.1,1.75,2.16,1.74,2.1,1.72,2.05,-0.75,2.05,1.8,2.07,1.85,2.07,22.0,2.03,4.27,1.8,3.8,4.33,1.78,3.9,4.2,,,,1.84,3.87,4.33,,,,,,,1.85,3.9,4.4,1.79,3.78,4.24,1.67,2.2,1.72,2.22,1.7,2.2,1.67,2.13,-0.5,1.78,2.03,1.85,2.08,1.85,2.05,1.76,2.01,Unknown,0,3,3,,,,,,,1.84,3.9,4.5,1.8,2.2,2.1,1.86,,,,,,,1.85,3.95,4.7,1.78,2.24,1.84,2.17,1.83,3.75,4.0,1.85,3.6,4.25,1.75,3.7,4.0,1.83,3.75,4.0,1.83,3.75,4.0,1.8,3.75,4.33,1.78,3.75,4.4,1.8,3.8,4.1,1.8,3.9,4.2,1.8,3.8,4.2,,,,,,,,,,,,,,,strasbourg,brest
F1,30/11/2025,16:15,Angers,Lens,1,2,A,0,1,A,7,17,5,6,7,11,2,8,1,1,0,0,4.75,3.8,1.75,4.5,3.75,1.75,,,,4.78,3.88,1.76,,,,,,,4.75,3.9,1.78,4.56,3.74,1.73,1.91,1.91,1.9,1.99,1.91,2.0,1.8,1.95,0.75,1.88,1.98,1.92,1.99,1.9,22.0,1.86,4.42,4.75,4.0,1.7,4.6,3.9,1.71,,,,5.48,3.86,1.7,,,,,,,5.33,4.0,1.73,4.79,3.85,1.69,1.73,2.1,1.81,2.08,1.8,2.1,1.75,2.02,0.75,1.95,1.9,2.03,1.89,2.0,1.91,1.9,1.87,Unknown,1,1,2,,,,,,,5.1,3.85,1.8,1.96,1.98,1.91,2.03,,,,,,,5.7,3.95,1.74,1.87,2.12,2.04,1.94,4.6,3.75,1.73,4.5,3.9,1.74,4.5,3.6,1.7,4.5,3.75,1.75,4.5,3.75,1.75,5.0,3.75,1.7,4.7,3.9,1.72,4.75,3.9,1.7,4.6,3.9,1.73,4.6,3.9,1.7,,,,,,,,,,,,,,,angers,lens
F1,30/11/2025,16:15,Le Havre,Lille,0,1,A,0,0,D,14,8,7,2,15,13,6,2,1,3,0,1,4.33,3.6,1.85,4.1,3.6,1.87,,,,4.31,3.7,1.88,,,,,,,4.35,3.7,1.87,4.19,3.58,1.83,1.91,1.91,1.95,1.93,1.91,1.92,1.88,1.87,0.5,2.0,1.85,2.02,1.88,2.02,1.85,1.96,1.8,4.75,3.7,1.75,4.4,3.7,1.8,,,,4.64,3.79,1.81,,,,,,,4.75,3.75,1.84,4.44,3.67,1.78,1.9,1.95,1.93,1.98,1.91,1.95,1.86,1.89,0.75,1.85,2.0,1.86,2.07,1.85,2.0,1.8,1.98,Unknown,1,5,6,,,,,,,4.6,3.75,1.9,1.96,1.97,2.08,1.9,,,,,,,4.9,3.85,1.86,1.96,2.0,1.89,2.11,4.33,3.5,1.83,4.35,3.7,1.81,4.0,3.5,1.8,4.2,3.6,1.85,4.0,3.6,1.85,4.5,3.6,1.8,4.5,3.7,1.79,4.6,3.7,1.75,4.4,3.7,1.8,4.33,3.6,1.8,,,,,,,,,,,,,,,le havre,lille
F1,30/11/2025,16:15,Lorient,Nice,3,1,H,2,1,H,18,9,7,2,7,11,3,7,1,2,0,0,2.45,3.3,2.88,2.4,3.4,2.85,,,,2.45,3.38,3.03,,,,,,,2.5,3.4,3.0,2.43,3.31,2.84,1.8,2.0,1.87,2.03,1.91,2.0,1.82,1.93,-0.25,2.08,1.73,2.11,1.81,2.1,22.0,2.06,4.25,2.35,3.4,3.0,2.37,3.4,2.87,,,,2.44,3.46,3.03,,,,,,,2.4,3.5,3.0,2.37,3.38,2.91,1.8,2.0,1.83,2.08,1.83,2.08,1.76,2.0,-0.25,2.05,1.8,2.11,1.83,2.05,1.8,2.02,1.76,Unknown,1,2,3,,,,,,,2.52,3.5,3.1,1.9,2.06,2.16,1.84,,,,,,,2.52,3.55,3.05,1.87,2.12,2.17,1.84,2.4,3.3,2.88,2.48,3.4,2.85,2.38,3.3,2.75,2.4,3.4,2.87,2.4,3.4,2.87,2.38,3.4,2.88,2.4,3.35,2.95,2.38,3.5,2.88,2.37,3.4,2.87,2.37,3.4,2.87,,,,,,,,,,,,,,,lorient,nice
F1,30/11/2025,19:45,Lyon,Nantes,3,0,H,0,0,D,20,6,8,2,14,9,7,0,1,2,0,1,1.42,4.75,7.0,1.46,4.6,6.75,,,,1.45,4.83,7.17,,,,,,,1.5,4.75,7.3,1.44,4.44,6.78,1.73,2.1,1.71,2.21,1.73,2.2,1.69,2.1,-1.25,1.98,1.88,2.0,1.91,2.08,22.0,2.0,4.31,1.4,4.75,8.0,1.4,4.8,7.5,,,,1.42,4.9,7.88,,,,,,,1.4,4.9,8.5,1.38,4.75,7.95,1.73,2.1,1.76,2.16,1.73,2.28,1.67,2.14,-1.25,1.9,1.95,1.95,1.97,1.9,2.06,1.81,1.97,Unknown,1,4,5,,,,,,,1.49,4.8,7.8,1.74,2.24,2.03,1.89,,,,,,,1.45,5.0,9.0,1.79,2.24,1.96,1.99,1.44,4.5,7.0,1.5,4.2,6.5,1.4,4.33,7.0,1.44,4.6,6.5,1.44,4.6,6.5,1.4,4.6,8.0,1.37,4.9,8.5,1.36,4.8,8.5,1.4,4.8,7.5,1.4,4.8,7.5,,,,,,,,,,,,,,,lyon,nantes
F1,05/12/2025,18:00,Brest,Monaco,1,0,H,1,0,H,12,10,4,2,17,15,2,3,2,4,1,0,3.3,3.9,2.0,3.25,3.8,2.05,,,,3.45,3.94,2.06,,,,,,,3.4,3.9,2.08,3.32,3.79,2.02,1.5,2.63,1.54,2.62,1.53,2.63,1.52,2.44,0.5,1.83,2.03,1.86,2.07,1.85,2.03,1.8,1.96,3.3,3.8,2.0,3.2,3.8,2.1,,,,3.55,3.82,2.06,,,,,,,3.5,3.9,2.1,3.32,3.77,2.02,1.53,2.5,1.59,2.48,1.55,2.5,1.53,2.41,0.5,1.85,2.0,1.86,2.07,1.85,2.0,1.78,1.98,Unknown,4,4,8,,,,,,,3.55,4.0,2.1,1.58,2.66,1.89,2.1,,,,,,,3.65,3.85,2.12,1.63,2.54,1.87,2.12,3.4,3.75,2.0,3.4,3.75,2.04,3.3,3.9,2.0,3.25,3.8,2.05,3.25,3.8,2.05,3.25,3.75,2.05,3.4,3.8,2.04,3.3,3.9,2.0,3.2,3.8,2.1,3.1,3.75,2.05,,,,,,,,,,,,,,,brest,monaco
F1,05/12/2025,20:00,Lille,Marseille,1,0,H,1,0,H,5,6,2,2,9,11,2,5,1,1,0,0,2.3,3.6,2.9,2.45,3.4,2.8,,,,2.39,3.58,3.03,,,,,,,2.45,3.6,2.94,2.35,3.49,2.86,1.73,2.1,1.78,2.15,1.75,2.16,1.7,2.09,-0.25,2.0,1.85,2.08,1.85,2.06,1.85,2.01,1.78,2.38,3.5,3.0,2.35,3.4,2.95,,,,2.42,3.48,3.06,,,,,,,2.38,3.6,3.0,2.34,3.46,2.9,1.73,2.1,1.78,2.14,1.75,2.25,1.69,2.11,-0.25,2.05,1.8,2.09,1.85,2.05,1.82,2.0,1.79,Unknown,1,1,2,,,,,,,2.46,3.65,3.05,1.79,2.24,2.13,1.87,,,,,,,2.5,3.55,3.1,1.8,2.22,2.14,1.85,2.38,3.4,2.88,2.4,3.55,2.85,2.3,3.6,2.88,2.45,3.4,2.8,2.4,3.4,2.8,2.38,3.4,2.88,2.32,3.6,2.9,2.38,3.6,2.8,2.37,3.5,2.9,2.3,3.4,2.9,,,,,,,,,,,,,,,lille,marseille
F1,06/12/2025,16:00,Nantes,Lens,1,2,A,1,1,D,10,20,4,6,8,13,1,12,2,0,0,0,4.75,3.9,1.7,4.75,4.0,1.66,,,,4.98,4.09,1.69,,,,,,,5.1,4.0,1.7,4.84,3.95,1.66,1.73,2.1,1.75,2.15,1.73,2.15,1.68,2.1,0.75,1.98,1.88,2.02,1.89,2.0,1.88,1.96,1.81,5.0,3.9,1.67,4.75,3.9,1.71,,,,5.17,3.9,1.71,,,,,,,5.0,4.0,1.71,4.87,3.86,1.68,1.73,2.1,1.81,2.1,1.8,2.1,1.73,2.04,0.75,1.98,1.88,2.0,1.93,1.98,1.88,1.94,1.83,Unknown,2,0,2,,,,,,,5.4,4.1,1.74,1.79,2.18,2.04,1.93,,,,,,,5.2,4.0,1.76,1.82,2.2,2.01,1.97,5.0,4.0,1.62,5.1,4.0,1.64,4.6,3.8,1.65,4.8,4.0,1.67,4.8,4.0,1.67,5.0,3.75,1.7,5.0,3.95,1.67,4.8,4.0,1.67,4.8,3.9,1.7,4.6,3.8,1.7,,,,,,,,,,,,,,,nantes,lens
F1,06/12/2025,18:00,Toulouse,Strasbourg,1,0,H,1,0,H,6,3,3,0,21,13,1,2,3,3,0,0,2.5,3.4,2.8,2.45,3.4,2.75,,,,2.58,3.42,2.83,,,,,,,2.54,3.45,2.88,2.46,3.35,2.78,1.93,1.93,1.96,1.93,1.93,1.93,1.86,1.88,0.0,1.83,2.03,1.86,2.05,1.83,2.03,1.8,1.96,2.6,3.3,2.8,2.5,3.4,2.7,,,,2.65,3.32,2.87,,,,,,,2.6,3.4,2.9,2.52,3.27,2.79,2.0,1.8,2.09,1.83,2.0,1.87,1.95,1.81,0.0,1.85,2.0,1.88,2.05,1.85,2.0,1.8,1.96,Unknown,3,3,6,,,,,,,2.7,3.45,2.88,1.98,1.95,1.92,2.06,,,,,,,2.68,3.4,3.0,2.1,1.86,1.89,2.11,2.4,3.3,2.88,2.4,3.45,2.88,2.45,3.3,2.63,2.45,3.4,2.75,2.45,3.4,2.75,2.6,3.25,2.75,2.45,3.3,2.9,2.5,3.3,2.8,2.5,3.4,2.75,2.5,3.4,2.7,,,,,,,,,,,,,,,toulouse,strasbourg
F1,06/12/2025,20:05,Paris SG,Rennes,5,0,H,2,0,H,20,6,9,2,9,5,8,6,0,3,0,1,1.3,6.5,7.5,1.3,6.25,8.25,,,,1.31,6.21,8.64,,,,,,,1.3,6.5,10.0,1.28,5.86,8.8,1.4,3.0,1.4,2.97,1.4,3.0,1.39,2.85,-1.5,1.78,2.03,1.86,2.05,1.78,2.06,1.75,2.01,1.3,6.25,8.0,1.29,6.25,8.25,,,,1.3,6.31,8.96,,,,,,,1.3,6.5,9.5,1.27,6.18,8.89,1.33,3.4,1.34,3.34,1.33,3.5,1.31,3.28,-1.75,1.98,1.88,2.0,1.9,1.98,1.97,1.87,1.9,Unknown,0,5,5,,,,,,,1.32,6.6,10.0,1.44,3.1,1.87,2.06,,,,,,,1.33,6.6,10.0,1.39,3.5,2.04,1.93,1.25,6.0,9.5,1.29,5.8,9.5,1.25,5.5,9.0,1.3,6.0,8.5,1.3,6.0,8.0,1.25,6.0,9.5,1.27,6.25,9.5,1.25,6.5,9.5,1.28,6.5,8.5,1.28,6.0,8.0,,,,,,,,,,,,,,,paris sg,rennes
F1,07/12/2025,14:00,Nice,Angers,0,1,A,0,1,A,13,8,3,4,11,9,4,1,1,1,1,0,1.95,3.6,3.8,1.9,3.7,3.75,,,,2.02,3.62,3.79,,,,,,,2.0,3.75,3.9,1.93,3.59,3.72,1.88,1.98,1.9,1.99,1.88,2.0,1.83,1.93,-0.5,1.98,1.88,2.03,1.88,1.98,1.93,1.9,1.85,1.75,3.7,4.75,1.75,3.8,4.6,,,,1.8,3.77,4.78,,,,,,,1.84,3.8,4.75,1.78,3.66,4.45,1.91,1.91,1.96,1.94,1.92,1.93,1.88,1.87,-0.5,1.73,2.08,1.79,2.12,1.83,2.08,1.77,2.01,Unknown,3,1,4,,,,,,,2.08,3.65,3.85,1.91,2.0,2.08,1.89,,,,,,,1.86,3.9,4.7,1.99,1.99,1.87,2.13,1.95,3.5,3.75,1.89,3.75,3.9,1.93,3.4,3.6,1.91,3.7,3.75,1.91,3.7,3.75,1.83,3.5,4.33,1.81,3.7,4.35,1.75,3.7,4.6,1.75,3.8,4.6,1.73,3.75,4.5,,,,,,,,,,,,,,,nice,angers
F1,07/12/2025,16:15,Auxerre,Metz,3,1,H,2,1,H,14,5,7,3,10,12,5,3,2,1,0,0,2.0,3.5,3.75,2.0,3.5,3.7,,,,2.01,3.52,3.96,,,,,,,2.02,3.5,3.85,1.99,3.43,3.7,2.0,1.85,2.04,1.86,2.0,1.85,1.94,1.81,-0.5,2.0,1.85,2.02,1.89,2.0,1.86,1.95,1.81,2.0,3.4,3.75,1.98,3.5,3.7,,,,2.06,3.52,3.87,,,,,,,2.05,3.55,3.85,2.0,3.45,3.73,2.0,1.8,2.02,1.89,2.0,1.91,1.94,1.82,-0.5,2.03,1.83,2.07,1.87,2.05,1.91,1.95,1.82,Unknown,2,1,3,,,,,,,2.06,3.5,4.0,2.04,1.89,2.06,1.92,,,,,,,2.12,3.5,4.0,2.06,1.92,2.12,1.87,2.0,3.4,3.75,2.02,3.5,3.65,1.95,3.3,3.6,2.0,3.5,3.7,2.0,3.5,3.7,2.0,3.4,3.75,1.97,3.55,3.85,2.0,3.5,3.75,2.0,3.5,3.7,2.0,3.5,3.7,,,,,,,,,,,,,,,auxerre,metz
F1,07/12/2025,16:15,Le Havre,Paris FC,0,0,D,0,0,D,13,13,2,2,10,13,7,2,0,2,0,0,2.7,3.2,2.7,2.6,3.4,2.6,,,,2.72,3.3,2.76,,,,,,,2.8,3.4,2.75,2.66,3.28,2.61,2.03,1.83,2.06,1.83,2.03,1.83,1.95,1.8,0.0,1.93,1.93,1.94,1.96,1.93,1.93,1.88,1.88,2.9,3.1,2.63,2.75,3.2,2.6,,,,2.97,3.24,2.62,,,,,,,2.9,3.3,2.63,2.78,3.19,2.58,2.1,1.73,2.15,1.76,2.1,1.79,2.04,1.73,0.0,2.0,1.85,2.1,1.84,2.0,1.85,1.95,1.81,Unknown,0,2,2,,,,,,,2.78,3.35,2.78,2.1,1.84,1.96,1.96,,,,,,,3.05,3.25,2.7,2.18,1.82,2.09,1.88,2.63,3.2,2.75,2.8,3.3,2.55,2.55,3.25,2.55,2.62,3.4,2.6,2.6,3.4,2.6,2.75,3.2,2.6,2.7,3.3,2.63,2.75,3.25,2.55,2.8,3.2,2.6,2.75,3.2,2.6,,,,,,,,,,,,,,,le havre,paris
F1,07/12/2025,19:45,Lorient,Lyon,1,0,H,1,0,H,14,7,6,4,12,21,1,7,2,2,0,1,3.2,3.5,2.2,3.1,3.5,2.25,,,,3.32,3.58,2.21,,,,,,,3.2,3.6,2.25,3.11,3.46,2.22,1.91,1.91,1.89,2.0,1.91,1.97,1.83,1.92,0.25,1.93,1.93,1.98,1.92,1.93,1.93,1.88,1.84,3.75,3.4,2.05,3.6,3.3,2.1,,,,3.82,3.47,2.09,,,,,,,3.75,3.4,2.1,3.65,3.35,2.05,2.1,1.73,2.13,1.77,2.1,1.8,2.02,1.74,0.5,1.8,2.05,1.84,2.1,1.81,2.05,1.76,2.0,Unknown,2,4,6,,,,,,,3.3,3.6,2.34,1.9,2.04,1.96,2.01,,,,,,,3.85,3.65,2.12,2.16,1.84,1.89,2.09,3.1,3.4,2.25,3.05,3.6,2.23,3.1,3.4,2.15,3.1,3.5,2.25,3.1,3.5,2.25,3.75,3.3,2.05,3.65,3.4,2.07,3.6,3.4,2.05,3.6,3.3,2.1,3.6,3.3,2.05,,,,,,,,,,,,,,,lorient,lyon
F1,12/12/2025,19:45,Angers,Nantes,4,1,H,1,0,H,20,7,9,4,17,13,6,3,1,2,0,0,2.15,3.2,3.6,2.15,3.1,3.7,,,,2.19,3.27,3.77,,,,,,,2.15,3.2,3.75,2.11,3.16,3.64,2.38,1.57,2.42,1.62,2.38,1.65,2.26,1.59,-0.25,1.85,2.0,1.87,2.06,1.85,2.05,1.78,1.99,2.15,3.2,3.6,2.15,3.1,3.7,,,,2.2,3.23,3.79,,,,,,,2.2,3.25,3.7,2.15,3.15,3.58,2.38,1.57,2.42,1.63,2.38,1.6,2.29,1.58,-0.25,1.85,2.0,1.88,2.05,1.85,2.0,1.82,1.95,Unknown,1,2,3,,,,,,,2.22,3.3,3.95,2.44,1.68,1.89,2.09,,,,,,,2.24,3.3,3.95,2.42,1.67,1.9,2.09,2.1,3.2,3.6,2.08,3.2,3.75,2.15,3.2,3.5,2.15,3.1,3.7,2.15,3.1,3.7,2.15,3.1,3.6,2.16,3.25,3.55,2.15,3.25,3.5,2.15,3.1,3.7,2.15,3.1,3.7,,,,,,,,,,,,,,,angers,nantes
F1,13/12/2025,16:00,Rennes,Brest,3,1,H,2,1,H,9,14,5,7,16,22,5,7,2,3,0,0,1.83,3.75,4.1,1.83,3.8,4.0,,,,1.84,3.93,4.2,,,,,,,1.85,3.8,4.2,1.82,3.7,4.06,1.73,2.1,1.74,2.18,1.73,2.1,1.7,2.07,-0.5,1.83,2.03,1.85,2.07,1.83,2.03,1.79,1.96,1.85,3.8,4.0,1.83,3.75,4.1,,,,1.88,3.88,4.16,,,,,,,1.89,3.8,4.2,1.84,3.71,4.01,1.73,2.1,1.8,2.12,1.77,2.1,1.72,2.05,-0.5,1.83,2.03,1.89,2.04,1.91,2.03,1.82,1.94,Unknown,2,3,5,,,,,,,1.88,4.0,4.3,1.78,2.22,1.88,2.09,,,,,,,1.94,3.85,4.3,1.78,2.22,1.93,2.05,1.83,3.75,4.0,1.82,3.8,4.2,1.8,3.6,3.9,1.83,3.8,4.0,1.83,3.75,4.0,1.83,3.75,4.0,1.88,3.7,4.0,1.8,3.8,4.1,1.83,3.75,4.0,1.83,3.7,4.0,,,,,,,,,,,,,,,rennes,brest
F1,13/12/2025,18:00,Metz,Paris SG,2,3,A,1,2,A,9,14,5,9,10,10,4,4,2,1,0,0,10.0,6.5,1.25,10.0,6.5,1.25,,,,10.74,6.84,1.24,,,,,,,11.5,6.5,1.27,10.09,6.31,1.24,1.36,3.2,1.38,3.07,1.38,3.4,1.34,3.09,1.75,1.98,1.88,1.96,1.93,2.06,1.88,1.98,1.8,9.0,6.5,1.27,10.0,6.5,1.26,,,,10.63,6.79,1.26,,,,,,,11.0,6.5,1.29,10.03,6.34,1.24,1.36,3.2,1.38,3.12,1.37,3.4,1.33,3.14,1.75,1.98,1.88,1.98,1.93,2.07,1.88,2.0,1.79,Unknown,2,1,3,,,,,,,12.5,7.4,1.27,1.4,3.3,2.01,1.92,,,,,,,11.0,7.4,1.28,1.41,3.3,2.05,1.94,11.0,6.5,1.22,10.5,6.4,1.25,9.5,6.0,1.22,10.0,6.5,1.25,10.0,6.5,1.25,9.5,6.0,1.25,11.0,6.5,1.24,11.0,6.5,1.22,10.0,6.5,1.25,10.0,6.5,1.25,,,,,,,,,,,,,,,metz,paris sg
F1,13/12/2025,20:05,Paris FC,Toulouse,0,3,A,0,2,A,9,7,2,4,12,14,7,4,3,1,0,0,2.4,3.4,2.88,2.4,3.4,2.87,,,,2.48,3.31,3.05,,,,,,,2.5,3.4,3.0,2.39,3.3,2.91,2.03,1.83,2.05,1.85,2.03,1.87,1.94,1.8,-0.25,2.1,1.78,2.13,1.8,2.1,1.78,2.03,1.75,2.75,3.2,2.7,2.7,3.2,2.65,,,,2.78,3.19,2.83,,,,,,,2.75,3.25,2.75,2.7,3.16,2.68,2.2,1.67,2.2,1.74,2.2,1.73,2.1,1.69,0.0,1.95,1.9,1.94,1.98,1.95,1.9,1.89,1.87,Unknown,3,1,4,,,,,,,2.5,3.4,3.05,2.08,1.87,2.15,1.81,,,,,,,2.88,3.25,2.88,2.28,1.76,1.99,1.99,2.38,3.25,3.0,2.4,3.35,2.95,2.38,3.25,2.8,2.4,3.4,2.87,2.4,3.4,2.87,2.75,3.2,2.63,2.7,3.2,2.7,2.63,3.25,2.7,2.7,3.2,2.7,2.7,3.2,2.62,,,,,,,,,,,,,,,paris,toulouse
F1,14/12/2025,14:00,Lyon,Le Havre,1,0,H,0,0,D,18,10,4,4,14,18,5,4,2,4,0,0,1.6,4.1,5.25,1.6,3.9,5.75,,,,1.6,4.12,5.85,,,,,,,1.6,4.1,6.4,1.57,3.92,5.76,1.91,1.91,1.95,1.93,1.95,1.91,1.89,1.85,-1.0,2.05,1.8,2.09,1.83,2.05,1.92,1.95,1.83,1.6,4.2,5.0,1.61,4.0,5.25,,,,1.64,4.11,5.66,,,,,,,1.66,4.2,5.75,1.61,3.94,5.38,1.8,2.0,1.87,2.04,1.91,2.0,1.83,1.91,-0.75,1.75,2.05,1.81,2.11,1.83,2.05,1.77,2.01,Unknown,2,4,6,,,,,,,1.64,4.1,6.2,1.99,1.94,2.14,1.82,,,,,,,1.69,4.1,5.9,1.93,2.04,1.88,2.11,1.57,3.75,6.0,1.53,4.1,6.4,1.55,3.8,5.5,1.6,3.9,5.75,1.6,3.9,5.5,1.6,4.0,5.5,1.66,3.9,5.2,1.57,4.0,5.75,1.61,4.0,5.25,1.61,4.0,5.25,,,,,,,,,,,,,,,lyon,le havre
F1,14/12/2025,16:15,Auxerre,Lille,3,4,A,0,1,A,18,8,8,5,21,10,10,3,5,2,2,2,4.5,3.6,1.8,4.5,3.6,1.78,,,,4.46,3.76,1.83,,,,,,,4.55,3.8,1.83,4.41,3.62,1.78,1.93,1.93,1.94,1.94,1.93,1.93,1.86,1.87,0.75,1.78,2.03,1.82,2.07,1.82,2.03,1.79,1.97,4.5,3.3,1.9,4.1,3.3,1.95,,,,4.4,3.46,1.95,,,,,,,4.5,3.75,1.96,4.16,3.34,1.92,2.2,1.67,2.19,1.74,2.22,1.88,2.12,1.68,0.5,1.95,1.9,1.96,1.96,1.95,1.91,1.86,1.87,Unknown,9,6,15,,,,,,,4.6,3.7,1.89,1.94,1.97,1.82,2.15,,,,,,,4.7,3.5,1.98,2.28,1.76,2.01,1.98,4.5,3.6,1.8,4.4,3.8,1.78,4.33,3.5,1.75,4.5,3.6,1.8,4.5,3.6,1.8,4.0,3.3,1.95,4.1,3.35,1.96,4.2,3.4,1.9,4.2,3.3,1.95,4.0,3.3,1.95,,,,,,,,,,,,,,,auxerre,lille
F1,14/12/2025,16:15,Lens,Nice,2,0,H,1,0,H,15,8,5,4,17,13,2,5,0,2,0,0,1.48,4.5,6.25,1.5,4.5,6.0,,,,1.49,4.72,6.49,,,,,,,1.5,4.75,6.33,1.48,4.51,5.97,1.53,2.5,1.53,2.6,1.53,2.6,1.49,2.5,-1.25,2.03,1.83,2.06,1.85,2.03,1.83,1.97,1.79,1.57,4.5,5.25,1.53,4.6,5.25,,,,1.56,4.65,5.68,,,,,,,1.57,4.8,6.1,1.52,4.52,5.55,1.5,2.63,1.54,2.57,1.53,2.63,1.49,2.51,-1.0,1.9,1.95,1.92,2.01,1.9,2.12,1.81,1.98,Unknown,0,2,2,,,,,,,1.51,4.9,6.6,1.55,2.72,2.06,1.88,,,,,,,1.61,4.6,6.0,1.55,2.72,1.98,2.0,1.5,4.5,6.0,1.48,4.75,6.1,1.44,4.4,5.75,1.5,4.5,6.0,1.5,4.4,6.0,1.5,4.5,6.0,1.47,4.8,6.1,1.55,4.5,5.25,1.53,4.6,5.25,1.53,4.6,5.25,,,,,,,,,,,,,,,lens,nice
F1,14/12/2025,16:15,Strasbourg,Lorient,0,0,D,0,0,D,12,10,2,2,6,3,11,3,1,0,0,0,1.73,3.7,4.75,1.73,3.8,4.6,,,,1.75,3.96,4.72,,,,,,,1.74,4.0,4.75,1.72,3.76,4.54,1.8,2.0,1.85,2.05,1.83,2.04,1.76,1.99,-0.75,1.95,1.9,1.97,1.93,1.95,1.9,1.91,1.86,1.75,3.8,4.33,1.77,3.75,4.4,,,,1.82,3.8,4.62,,,,,,,1.84,3.8,4.5,1.76,3.73,4.41,1.88,1.98,1.91,2.0,1.91,2.0,1.84,1.9,-0.5,1.73,2.08,1.81,2.1,1.83,2.1,1.73,2.04,Unknown,1,0,1,,,,,,,1.77,4.0,4.9,1.83,2.12,1.98,1.95,,,,,,,1.84,3.9,4.9,1.9,2.08,1.85,2.17,1.73,3.75,4.6,1.74,3.8,4.6,1.67,3.7,4.5,1.73,3.8,4.6,1.73,3.75,4.5,1.8,3.6,4.5,1.76,3.8,4.5,1.75,3.75,4.5,1.75,3.75,4.4,1.75,3.75,4.4,,,,,,,,,,,,,,,strasbourg,lorient
F1,14/12/2025,19:45,Marseille,Monaco,1,0,H,0,0,D,18,18,8,7,11,11,3,7,2,1,0,0,1.9,3.75,3.75,1.87,3.9,3.75,,,,1.93,3.93,3.81,,,,,,,1.91,4.2,3.8,1.86,3.89,3.67,1.5,2.63,1.51,2.6,1.5,2.75,1.47,2.59,-0.5,1.9,1.95,1.93,1.97,1.9,2.0,1.83,1.93,2.05,3.5,3.5,2.0,3.6,3.5,,,,2.09,3.63,3.65,,,,,,,2.05,4.0,3.6,2.01,3.59,3.5,1.73,2.1,1.73,2.19,1.73,2.6,1.64,2.19,-0.5,2.03,1.83,2.1,1.84,2.05,1.83,1.97,1.79,Unknown,2,1,3,,,,,,,1.97,4.1,3.95,1.54,2.74,1.97,2.02,,,,,,,2.1,3.85,3.7,1.73,2.32,2.1,1.89,1.9,4.0,3.6,1.83,4.2,3.8,1.85,3.8,3.5,1.85,3.9,3.75,1.85,3.9,3.7,2.0,3.6,3.5,2.04,3.65,3.5,2.0,3.5,3.6,2.0,3.6,3.6,2.0,3.6,3.5,,,,,,,,,,,,,,,marseille,monaco
F1,02/01/2026,19:45,Toulouse,Lens,0,3,A,0,0,D,8,16,2,7,16,16,2,8,2,3,1,0,2.45,3.1,2.55,2.5,3.3,2.75,,,,2.64,3.35,2.86,,,,,,,2.6,3.4,2.83,2.54,3.26,2.74,2.0,1.8,2.03,1.88,2.0,1.83,1.95,1.8,0.0,1.85,2.0,1.88,2.04,1.85,2.0,1.81,1.95,2.55,3.2,2.88,2.5,3.25,2.85,,,,2.58,3.26,3.0,,,,,,,2.6,3.25,2.9,2.51,3.18,2.86,2.1,1.73,2.17,1.76,2.1,1.8,2.02,1.74,0.0,1.8,2.05,1.83,2.12,1.83,2.05,1.78,1.99,Unknown,4,3,7,,,,,,,2.7,3.45,2.92,2.06,1.9,1.91,2.07,,,,,,,2.68,3.35,3.0,2.2,1.81,1.88,2.12,2.6,3.25,2.75,2.6,3.3,2.75,2.55,3.4,2.7,2.5,3.3,2.75,2.5,3.3,2.75,2.5,3.2,2.88,2.5,3.25,2.9,2.55,3.1,2.88,2.5,3.25,2.87,2.5,3.25,2.8,,,,,,,,,,,,,,,toulouse,lens
F1,03/01/2026,16:00,Monaco,Lyon,1,3,A,1,1,D,6,13,2,9,14,12,7,2,2,3,1,0,2.0,3.75,3.5,2.0,3.8,3.3,,,,2.09,3.89,3.36,,,,,,,2.1,3.8,3.55,2.0,3.72,3.36,1.57,2.38,1.61,2.4,1.6,2.38,1.57,2.3,-0.25,1.75,2.05,1.84,2.08,1.75,2.12,1.71,2.05,2.05,3.75,3.4,2.1,3.7,3.25,,,,2.12,3.71,3.48,,,,,,,2.1,3.8,3.5,2.07,3.65,3.29,1.67,2.2,1.69,2.28,1.68,2.3,1.62,2.22,-0.25,1.8,2.05,1.85,2.08,1.82,2.05,1.79,1.98,Unknown,4,3,7,,,,,,,2.14,3.95,3.5,1.68,2.44,1.86,2.12,,,,,,,2.18,3.85,3.5,1.7,2.38,1.9,2.09,2.05,3.75,3.3,1.97,3.8,3.55,2.0,3.6,3.2,2.0,3.8,3.3,2.0,3.75,3.3,2.1,3.6,3.3,2.1,3.8,3.2,2.05,3.8,3.25,2.1,3.7,3.25,2.05,3.7,3.2,,,,,,,,,,,,,,,monaco,lyon
F1,03/01/2026,18:00,Nice,Strasbourg,1,1,D,0,1,A,19,8,6,5,12,12,5,7,1,2,0,0,2.7,3.4,2.6,2.65,3.4,2.6,,,,2.72,3.53,2.61,,,,,,,2.75,3.45,2.6,2.68,3.39,2.53,1.8,2.0,1.82,2.06,1.8,2.05,1.75,1.99,0.0,1.98,1.88,2.01,1.9,1.98,1.88,1.94,1.81,3.1,3.4,2.25,3.0,3.5,2.25,,,,3.44,3.52,2.21,,,,,,,3.35,3.5,2.3,3.13,3.43,2.22,1.83,2.03,1.83,2.07,1.83,2.05,1.76,1.99,0.25,1.88,1.98,2.01,1.91,1.95,1.98,1.9,1.83,Unknown,1,2,3,,,,,,,2.8,3.65,2.62,1.85,2.1,2.06,1.92,,,,,,,3.5,3.55,2.3,1.87,2.12,2.01,1.97,2.75,3.4,2.5,2.75,3.45,2.5,2.6,3.4,2.45,2.7,3.4,2.6,2.62,3.3,2.6,3.1,3.4,2.25,3.35,3.4,2.18,3.1,3.5,2.2,3.0,3.5,2.3,3.0,3.4,2.25,,,,,,,,,,,,,,,nice,strasbourg
F1,03/01/2026,20:05,Lille,Rennes,0,2,A,0,0,D,13,18,3,4,4,14,4,7,1,1,1,0,1.9,3.7,4.0,1.88,3.7,3.9,,,,1.89,3.67,4.27,,,,,,,1.91,3.75,4.33,1.87,3.63,3.92,1.67,2.2,1.71,2.23,1.67,2.2,1.66,2.15,-0.5,1.88,1.98,1.9,2.01,1.9,1.98,1.83,1.93,1.73,4.0,4.75,1.73,4.0,4.33,,,,1.76,3.92,4.78,,,,,,,1.77,4.0,4.75,1.73,3.86,4.48,1.67,2.2,1.7,2.26,1.68,2.2,1.65,2.16,-0.75,1.93,1.93,1.98,1.94,1.95,1.93,1.9,1.87,Unknown,3,1,4,,,,,,,1.93,3.95,4.3,1.73,2.28,1.93,2.05,,,,,,,1.8,4.0,5.0,1.75,2.32,2.01,1.96,1.9,3.75,3.75,1.88,3.7,4.0,1.83,3.6,3.75,1.91,3.7,3.9,1.85,3.7,3.9,1.73,3.75,4.5,1.73,3.8,4.75,1.73,4.0,4.4,1.73,4.0,4.33,1.73,3.9,4.33,,,,,,,,,,,,,,,lille,rennes
F1,04/01/2026,14:00,Marseille,Nantes,0,2,A,0,1,A,11,15,4,9,17,20,6,3,2,3,2,0,1.22,6.5,12.0,1.25,6.5,10.5,,,,1.23,6.8,11.54,,,,,,,1.25,6.5,13.0,1.22,6.36,11.34,1.5,2.63,1.48,2.65,1.5,2.65,1.46,2.59,-1.75,1.85,2.0,1.88,2.01,1.85,2.02,1.8,1.97,1.25,6.25,9.5,1.27,6.25,9.5,,,,1.27,6.42,10.55,,,,,,,1.28,6.5,12.0,1.25,6.18,10.28,1.44,2.75,1.43,2.88,1.47,2.8,1.44,2.67,-1.75,1.93,1.93,1.96,1.94,1.93,1.93,1.87,1.9,Unknown,6,3,9,,,,,,,1.24,7.0,14.5,1.52,2.78,1.88,2.03,,,,,,,1.29,6.8,12.0,1.48,2.98,1.99,1.97,1.2,6.5,13.0,1.22,6.5,12.5,1.2,6.0,11.0,1.25,6.5,10.0,1.25,6.5,10.0,1.22,6.0,12.0,1.25,6.1,11.0,1.22,6.5,11.5,1.28,6.5,9.5,1.28,6.0,9.0,,,,,,,,,,,,,,,marseille,nantes
F1,04/01/2026,16:15,Brest,Auxerre,2,0,H,1,0,H,11,10,4,1,16,9,7,6,3,2,0,0,1.91,3.4,4.2,1.9,3.5,4.1,,,,1.96,3.33,4.47,,,,,,,1.98,3.5,4.5,1.91,3.36,4.04,2.0,1.8,2.05,1.85,2.0,1.8,1.95,1.79,-0.5,1.93,1.93,1.97,1.93,1.93,1.97,1.85,1.89,1.9,3.4,4.33,1.93,3.3,4.2,,,,2.01,3.38,4.27,,,,,,,2.0,3.4,4.33,1.93,3.33,4.11,2.1,1.73,2.21,1.74,2.1,1.75,2.06,1.71,-0.5,1.93,1.93,2.01,1.91,1.96,1.97,1.88,1.87,Unknown,3,2,5,,,,,,,1.99,3.65,4.4,2.04,1.85,1.99,1.99,,,,,,,2.02,3.5,4.4,2.2,1.8,2.03,1.96,1.95,3.4,4.0,1.98,3.4,3.9,1.87,3.4,3.8,1.91,3.5,4.0,1.91,3.4,4.0,1.95,3.3,4.0,1.91,3.4,4.25,1.93,3.4,4.0,1.95,3.3,4.2,1.91,3.3,4.2,,,,,,,,,,,,,,,brest,auxerre
F1,04/01/2026,16:15,Le Havre,Angers,2,1,H,1,0,H,11,9,6,3,15,8,6,6,1,1,0,0,2.05,3.3,3.7,2.1,3.25,3.6,,,,2.08,3.38,3.87,,,,,,,2.1,3.35,3.8,2.05,3.25,3.66,2.2,1.67,2.25,1.69,2.2,1.67,2.17,1.65,-0.5,2.05,1.8,2.09,1.83,2.1,1.8,2.03,1.74,2.38,3.2,3.1,2.4,3.2,3.0,,,,2.47,3.28,3.14,,,,,,,2.4,3.33,3.2,2.37,3.2,3.05,2.2,1.67,2.24,1.72,2.23,1.67,2.17,1.64,-0.25,2.05,1.8,2.12,1.83,2.05,1.82,1.98,1.8,Unknown,1,1,2,,,,,,,2.14,3.45,3.95,2.28,1.71,2.14,1.83,,,,,,,2.5,3.35,3.25,2.32,1.73,2.12,1.87,2.1,3.2,3.6,2.05,3.35,3.75,2.0,3.2,3.6,2.1,3.25,3.6,2.1,3.2,3.6,2.4,3.1,3.1,2.35,3.25,3.1,2.3,3.25,3.2,2.4,3.2,3.0,2.4,3.2,3.0,,,,,,,,,,,,,,,le havre,angers
F1,04/01/2026,16:15,Lorient,Metz,1,1,D,0,1,A,16,8,5,2,9,8,4,4,1,2,0,0,1.8,3.5,4.75,1.78,3.7,4.4,,,,1.81,3.83,4.51,,,,,,,1.84,3.8,4.75,1.77,3.64,4.37,1.91,1.91,1.89,2.0,1.91,2.0,1.83,1.91,-0.5,1.78,2.03,1.81,2.09,1.83,2.15,1.73,2.04,1.85,3.7,4.2,1.83,3.6,4.2,,,,1.84,3.78,4.52,,,,,,,1.94,3.7,4.35,1.83,3.61,4.2,1.88,1.98,1.92,1.99,1.91,1.98,1.85,1.89,-0.5,1.85,2.0,1.85,2.09,1.93,2.15,1.78,1.99,Unknown,1,2,3,,,,,,,1.81,3.95,4.9,1.9,2.02,1.81,2.18,,,,,,,1.9,3.8,4.7,1.92,2.06,1.9,2.08,1.8,3.6,4.33,1.76,3.8,4.5,1.75,3.6,4.2,1.8,3.7,4.4,1.8,3.6,4.4,1.83,3.6,4.2,1.82,3.65,4.35,1.83,3.7,4.2,1.83,3.6,4.2,1.83,3.6,4.2,,,,,,,,,,,,,,,lorient,metz
F1,04/01/2026,19:45,Paris SG,Paris FC,2,1,H,1,0,H,20,6,6,3,7,4,7,1,1,0,0,0,1.17,7.5,17.0,1.19,7.5,13.5,,,,1.21,6.53,16.75,,,,,,,1.2,7.5,17.0,1.17,7.2,14.25,1.36,3.2,1.36,3.13,1.38,3.2,1.35,3.03,-2.25,2.0,1.85,2.03,1.86,2.05,1.85,1.99,1.78,1.13,8.5,19.0,1.15,9.0,16.0,,,,1.15,9.78,17.0,,,,,,,1.15,10.0,20.0,1.12,9.05,17.31,1.29,3.75,1.32,3.43,1.29,3.75,1.27,3.57,-2.5,1.98,1.88,2.0,1.88,2.4,1.88,2.04,1.76,Unknown,1,0,1,,,,,,,1.2,8.2,19.0,1.4,3.15,2.05,1.85,,,,,,,1.14,11.0,26.0,1.32,4.0,2.03,1.93,1.17,7.5,15.0,1.19,7.5,14.0,1.13,7.0,15.0,1.2,7.5,13.0,1.18,7.5,13.0,1.13,9.0,17.0,1.12,9.5,19.0,1.1,10.0,20.0,1.14,9.0,15.0,1.14,9.0,15.0,,,,,,,,,,,,,,,paris sg,paris
F1,16/01/2026,18:00,Monaco,Lorient,1,3,A,0,0,D,14,14,7,4,16,9,4,3,1,0,0,0,1.65,4.2,4.75,1.65,4.33,4.6,,,,,,,,,,,,,1.68,4.33,4.9,1.65,4.15,4.66,1.57,2.38,,,1.58,2.5,1.53,2.39,-0.75,1.8,2.05,,,1.84,2.05,1.8,1.98,1.62,4.2,5.0,1.63,4.33,4.75,,,,,,,,,,,,,1.65,4.33,5.0,1.62,4.17,4.88,1.62,2.3,,,1.62,2.45,1.57,2.32,-0.75,1.75,2.05,,,1.83,2.05,1.77,2.01,Unknown,1,0,1,,,,,,,1.71,4.4,5.2,1.6,2.62,1.88,2.1,,,,,,,1.67,4.4,5.5,1.66,2.48,1.85,2.16,1.67,4.0,4.6,1.68,4.1,4.6,1.62,4.2,4.8,1.65,4.33,4.6,1.65,4.2,4.6,1.62,4.2,5.0,1.65,4.2,4.8,1.62,4.2,5.0,1.61,4.33,4.8,1.61,4.2,4.8,,,,,,,,,,,,,,,monaco,lorient
F1,16/01/2026,20:00,Paris SG,Lille,3,0,H,1,0,H,13,7,7,4,14,6,4,2,0,1,0,0,1.3,5.75,8.0,1.35,5.5,7.75,,,,,,,,,,,,,1.35,5.75,9.0,1.31,5.52,8.43,1.44,2.75,,,1.46,2.75,1.43,2.67,-1.5,1.85,2.0,,,1.85,2.0,1.81,1.92,1.27,6.25,9.0,1.29,6.0,9.25,,,,,,,,,,,,,1.29,6.4,10.5,1.27,6.05,9.35,1.44,2.75,,,1.44,3.1,1.39,2.86,-1.75,1.98,1.88,,,1.98,1.9,1.91,1.87,Unknown,0,1,1,,,,,,,1.36,6.0,9.6,1.49,3.0,1.91,2.05,,,,,,,1.31,6.6,11.5,1.46,3.1,2.07,1.91,1.3,5.5,9.0,1.33,5.4,8.5,1.29,5.75,9.0,1.35,5.5,7.5,1.35,5.5,7.5,1.25,6.0,10.0,1.27,6.4,9.5,1.25,6.0,10.5,1.28,6.0,9.5,1.28,6.0,9.0,,,,,,,,,,,,,,,paris sg,lille
F1,17/01/2026,16:00,Lens,Auxerre,1,0,H,0,0,D,19,5,7,0,19,20,1,5,2,5,0,0,1.42,4.5,7.5,1.44,4.6,6.75,,,,,,,,,,,,,1.44,4.6,8.1,1.42,4.46,7.24,1.73,2.1,,,1.73,2.12,1.69,2.09,-1.25,1.95,1.9,,,1.95,1.9,1.92,1.86,1.48,4.2,6.5,1.49,4.5,6.25,,,,,,,,,,,,,1.52,4.6,7.5,1.46,4.32,6.74,1.73,2.1,,,1.78,2.1,1.72,2.05,-1.25,2.05,1.75,,,2.1,1.9,2.01,1.78,Unknown,2,5,7,,,,,,,1.45,5.0,8.4,1.77,2.2,2.0,1.95,,,,,,,1.53,4.5,7.6,1.82,2.18,2.21,1.79,1.4,4.6,7.5,1.44,4.5,7.5,1.4,4.33,7.0,1.44,4.6,7.0,1.44,4.6,6.5,1.44,4.33,7.0,1.42,4.6,7.5,1.45,4.4,7.0,1.48,4.5,6.5,1.48,4.5,6.0,,,,,,,,,,,,,,,lens,auxerre
F1,17/01/2026,18:00,Toulouse,Nice,5,1,H,2,0,H,22,15,10,6,12,17,6,7,1,2,0,0,1.95,3.5,3.9,1.93,3.6,3.8,,,,,,,,,,,,,2.0,3.6,4.1,1.92,3.51,3.82,1.9,1.95,,,1.91,1.95,1.85,1.89,-0.5,1.98,1.88,,,1.98,1.9,1.89,1.84,1.95,3.4,3.9,1.98,3.5,3.75,,,,,,,,,,,,,2.0,3.5,4.0,1.95,3.46,3.81,1.95,1.9,,,1.95,1.91,1.87,1.86,-0.5,2.0,1.85,,,2.0,1.9,1.9,1.83,Unknown,1,2,3,,,,,,,2.06,3.65,4.0,1.95,1.99,2.06,1.93,,,,,,,2.06,3.7,4.0,2.0,1.97,2.04,1.94,1.95,3.5,3.75,1.9,3.6,4.1,1.93,3.4,3.6,1.91,3.6,3.8,1.91,3.6,3.75,1.95,3.5,3.75,1.97,3.5,3.85,1.95,3.5,3.75,2.0,3.5,3.75,1.95,3.5,3.7,,,,,,,,,,,,,,,toulouse,nice
F1,17/01/2026,20:05,Angers,Marseille,2,5,A,1,4,A,7,23,3,11,9,8,6,2,1,1,0,0,5.75,4.0,1.6,5.25,4.1,1.61,,,,,,,,,,,,,5.75,4.1,1.62,5.5,3.93,1.59,1.9,1.95,,,1.91,1.95,1.84,1.89,1.0,1.8,2.05,,,1.8,2.05,1.78,1.99,5.5,4.2,1.57,5.5,3.9,1.61,,,,,,,,,,,,,6.0,4.2,1.61,5.62,4.05,1.57,1.73,2.1,,,1.8,2.1,1.74,2.01,1.0,1.85,2.0,,,1.89,2.0,1.84,1.93,Unknown,1,1,2,,,,,,,6.0,4.2,1.65,1.96,1.97,1.85,2.12,,,,,,,6.0,4.2,1.65,1.84,2.16,1.88,2.11,5.5,4.0,1.6,5.75,3.9,1.61,5.5,3.8,1.55,5.25,4.0,1.6,5.25,4.0,1.6,5.5,4.0,1.57,6.0,4.1,1.55,5.75,4.2,1.55,5.5,3.9,1.61,5.5,3.9,1.61,,,,,,,,,,,,,,,angers,marseille
F1,18/01/2026,14:00,Strasbourg,Metz,2,1,H,2,1,H,14,9,6,2,12,12,4,1,2,3,0,0,1.53,4.33,5.75,1.55,4.5,5.25,,,,,,,,,,,,,1.55,4.5,6.0,1.52,4.34,5.58,1.62,2.3,,,1.62,2.3,1.59,2.26,-1.0,1.85,2.0,,,1.9,2.0,1.84,1.95,1.42,4.75,7.5,1.44,4.8,6.5,,,,,,,,,,,,,1.44,4.8,7.5,1.42,4.7,7.02,1.67,2.2,,,1.68,2.25,1.62,2.2,-1.25,1.93,1.93,,,1.93,1.93,1.91,1.87,Unknown,2,3,5,,,,,,,1.56,4.8,6.2,1.67,2.4,1.9,2.04,,,,,,,1.46,5.0,8.4,1.72,2.34,2.0,1.96,1.5,4.33,6.0,1.52,4.4,6.0,1.5,4.1,5.5,1.55,4.5,5.25,1.53,4.5,5.25,1.4,4.6,7.5,1.44,4.8,6.75,1.4,4.75,7.5,1.44,4.8,6.5,1.44,4.8,6.5,,,,,,,,,,,,,,,strasbourg,metz
F1,18/01/2026,16:15,Nantes,Paris FC,1,2,A,0,1,A,5,10,1,3,16,14,1,2,1,3,0,0,3.0,3.2,2.45,3.0,3.25,2.37,,,,,,,,,,,,,3.15,3.25,2.5,2.98,3.21,2.38,2.03,1.83,,,2.03,1.83,1.98,1.77,0.25,1.78,2.1,,,1.82,2.1,1.76,2.02,2.5,2.9,2.7,2.6,3.25,2.7,,,,,,,,,,,,,2.75,3.25,2.85,2.62,3.15,2.73,2.1,1.73,,,2.1,1.83,2.02,1.74,0.0,1.85,2.0,,,1.91,2.0,1.85,1.92,Unknown,1,3,4,,,,,,,3.15,3.35,2.54,2.06,1.86,1.82,2.16,,,,,,,2.82,3.25,2.92,2.2,1.81,1.96,2.02,3.0,3.25,2.38,3.15,3.25,2.35,2.8,3.25,2.38,3.0,3.25,2.37,3.0,3.25,2.37,2.75,3.2,2.63,2.6,3.2,2.85,2.63,3.13,2.75,2.62,3.25,2.7,2.6,3.2,2.7,,,,,,,,,,,,,,,nantes,paris
F1,18/01/2026,16:15,Rennes,Le Havre,1,1,D,0,0,D,19,7,7,4,18,14,10,6,1,4,0,0,1.67,3.9,5.25,1.68,4.0,4.8,,,,,,,,,,,,,1.68,4.0,5.4,1.64,3.9,4.98,1.83,2.03,,,1.83,2.03,1.79,1.96,-0.75,1.85,2.0,,,1.85,2.05,1.79,1.99,1.62,4.2,5.0,1.61,4.33,4.8,,,,,,,,,,,,,1.62,4.33,5.5,1.59,4.22,5.14,1.62,2.3,,,1.62,2.3,1.6,2.25,-1.0,2.05,1.8,,,2.05,1.87,1.96,1.82,Unknown,1,4,5,,,,,,,1.69,4.2,5.3,1.81,2.12,1.89,2.05,,,,,,,1.65,4.4,5.9,1.68,2.44,2.08,1.9,1.67,3.75,5.0,1.61,4.0,5.4,1.62,3.8,4.8,1.67,4.0,4.8,1.67,3.9,4.8,1.57,4.2,5.5,1.58,4.25,5.5,1.57,4.2,5.25,1.61,4.33,4.8,1.6,4.33,4.8,,,,,,,,,,,,,,,rennes,le havre
F1,18/01/2026,19:45,Lyon,Brest,2,1,H,2,0,H,19,5,6,2,18,9,5,0,2,0,0,1,1.67,4.0,5.0,1.63,4.2,4.8,,,,,,,,,,,,,1.67,4.2,5.5,1.62,4.02,5.02,1.73,2.1,,,1.8,2.1,1.72,2.04,-0.75,1.83,2.03,,,1.83,2.07,1.77,2.01,1.67,3.9,5.25,1.66,4.0,4.8,,,,,,,,,,,,,1.7,4.0,5.5,1.64,3.87,5.16,1.9,1.95,,,1.91,1.96,1.84,1.9,-0.75,1.83,2.03,,,1.85,2.03,1.8,1.99,Unknown,2,2,4,,,,,,,1.67,4.3,5.5,1.83,2.14,1.85,2.1,,,,,,,1.72,4.0,5.7,1.98,2.0,1.92,2.05,1.6,4.0,5.5,1.61,4.1,5.4,1.6,3.8,4.8,1.65,4.2,4.8,1.61,4.2,4.8,1.62,3.75,5.5,1.64,3.95,5.3,1.62,3.9,5.5,1.67,4.0,4.8,1.65,4.0,4.8,,,,,,,,,,,,,,,lyon,brest
F1,23/01/2026,19:00,Auxerre,Paris SG,0,1,A,0,0,D,8,16,0,8,10,12,2,7,0,1,0,0,11.0,5.5,1.29,9.0,5.75,1.31,,,,,,,,,,,,,11.0,6.0,1.31,9.62,5.6,1.29,1.57,2.38,,,1.57,2.5,1.53,2.42,1.5,2.03,1.83,,,2.03,1.85,1.95,1.79,8.0,5.0,1.38,7.5,5.0,1.38,,,,,,,,,,,,,9.5,5.25,1.38,8.24,5.01,1.35,1.62,2.3,,,1.62,2.38,1.58,2.28,1.5,1.75,2.05,,,1.86,2.05,1.79,1.95,Unknown,0,1,1,,,,,,,11.5,6.0,1.32,1.62,2.56,2.05,1.89,,,,,,,10.0,5.5,1.39,1.65,2.52,1.86,2.13,10.0,5.5,1.29,9.5,5.8,1.29,10.0,5.5,1.29,,,,,,,8.5,5.0,1.33,8.5,5.2,1.34,8.5,5.25,1.33,7.5,5.0,1.36,7.5,5.0,1.36,,,,,,,,,,,,,,,auxerre,paris sg
F1,24/01/2026,16:00,Rennes,Lorient,0,2,A,0,1,A,22,6,5,4,18,7,9,3,2,0,0,0,1.85,3.7,4.1,1.9,3.6,3.8,,,,,,,,,,,,,1.91,3.75,4.1,1.86,3.59,3.97,1.8,2.0,,,1.83,2.0,1.8,1.94,-0.5,1.85,2.0,,,1.86,2.0,1.82,1.92,1.8,3.7,4.33,1.77,3.75,4.4,,,,,,,,,,,,,1.81,3.85,4.6,1.76,3.7,4.42,1.88,1.98,,,1.88,2.0,1.8,1.96,-0.75,2.05,1.8,,,2.05,1.86,1.96,1.82,Unknown,2,0,2,,,,,,,1.89,3.9,4.4,1.87,2.06,1.89,2.09,,,,,,,1.87,3.75,4.9,1.92,2.04,2.13,1.87,1.9,3.6,4.0,1.91,3.7,3.85,1.8,3.5,4.0,,,,,,,1.8,3.6,4.33,1.75,3.85,4.5,1.73,3.8,4.6,,,,,,,,,,,,,,,,,,,,,rennes,lorient
F1,24/01/2026,18:00,Le Havre,Monaco,0,0,D,0,0,D,7,10,1,2,9,20,5,6,0,3,0,0,3.4,3.8,2.0,3.3,3.8,2.05,,,,,,,,,,,,,3.5,3.8,2.05,3.38,3.71,1.99,1.67,2.2,,,1.67,2.2,1.65,2.16,0.5,1.83,2.03,,,1.85,2.03,1.79,1.94,4.0,3.9,1.8,3.9,3.9,1.83,,,,,,,,,,,,,4.4,4.0,1.83,4.1,3.89,1.78,1.57,2.38,,,1.62,2.38,1.58,2.28,0.75,1.83,2.03,,,1.9,2.03,1.82,1.96,Unknown,0,3,3,,,,,,,3.6,4.1,2.04,1.71,2.32,1.94,2.04,,,,,,,4.5,4.0,1.85,1.65,2.5,1.9,2.07,3.5,3.6,2.0,3.4,3.8,2.02,3.3,3.6,1.95,,,,,,,4.2,3.75,1.8,4.4,3.95,1.74,4.1,3.9,1.8,,,,,,,,,,,,,,,,,,,,,le havre,monaco
F1,24/01/2026,20:05,Marseille,Lens,3,1,H,2,0,H,10,7,5,2,18,16,2,2,0,3,0,0,2.0,3.75,3.4,2.05,3.75,3.3,,,,,,,,,,,,,2.05,3.75,3.6,1.99,3.65,3.43,1.62,2.3,,,1.62,2.3,1.61,2.24,-0.5,2.03,1.83,,,2.03,1.85,1.94,1.79,2.05,3.8,3.25,2.05,3.8,3.2,,,,,,,,,,,,,2.16,3.8,3.4,2.07,3.72,3.22,1.53,2.5,,,1.53,2.5,1.5,2.48,-0.25,1.83,2.03,,,1.87,2.03,1.81,1.97,Unknown,0,3,3,,,,,,,2.14,3.85,3.6,1.67,2.4,2.14,1.86,,,,,,,2.12,3.95,3.5,1.57,2.7,1.87,2.13,2.0,3.6,3.5,1.98,3.75,3.55,1.95,3.6,3.3,,,,,,,2.05,3.75,3.25,2.16,3.75,3.1,2.05,3.8,3.25,,,,,,,,,,,,,,,,,,,,,marseille,lens
F1,25/01/2026,14:00,Nantes,Nice,1,4,A,1,3,A,20,7,5,4,11,15,4,2,2,3,0,0,2.9,3.5,2.38,2.95,3.6,2.25,,,,,,,,,,,,,2.95,3.6,2.42,2.88,3.4,2.34,1.8,2.0,,,1.8,2.05,1.75,2.0,0.25,1.8,2.05,,,1.83,2.05,1.77,2.0,2.7,3.3,2.63,2.7,3.4,2.5,,,,,,,,,,,,,2.8,3.4,2.63,2.7,3.34,2.55,1.88,1.98,,,1.88,2.0,1.82,1.92,0.0,1.93,1.93,,,2.0,1.93,1.92,1.85,Unknown,2,3,5,,,,,,,3.1,3.55,2.46,1.83,2.1,1.85,2.12,,,,,,,2.82,3.45,2.74,1.94,2.04,2.0,1.96,2.88,3.4,2.38,2.95,3.5,2.33,2.75,3.4,2.3,,,,,,,2.75,3.3,2.5,2.7,3.35,2.55,2.63,3.4,2.6,,,,,,,,,,,,,,,,,,,,,nantes,nice
F1,25/01/2026,16:15,Brest,Toulouse,0,2,A,0,2,A,13,8,5,5,16,16,3,2,2,3,0,0,2.8,3.1,2.7,2.7,3.1,2.7,,,,,,,,,,,,,2.9,3.2,2.8,2.73,3.03,2.69,2.1,1.73,,,2.15,1.73,2.09,1.69,0.0,1.95,1.9,,,1.95,1.91,1.91,1.86,2.9,2.9,2.63,2.95,2.9,2.65,,,,,,,,,,,,,3.14,3.0,2.66,2.98,2.89,2.62,2.38,1.57,,,2.5,1.57,2.44,1.52,0.0,2.0,1.85,,,2.08,1.85,1.98,1.78,Unknown,2,3,5,,,,,,,2.94,3.15,2.86,2.18,1.76,2.0,1.96,,,,,,,3.25,3.0,2.74,2.66,1.59,2.17,1.83,2.75,3.1,2.63,2.7,3.2,2.7,2.63,3.13,2.55,,,,,,,2.88,3.0,2.63,3.05,2.9,2.6,3.0,2.9,2.63,,,,,,,,,,,,,,,,,,,,,brest,toulouse
F1,25/01/2026,16:15,Metz,Lyon,2,5,A,1,4,A,15,13,6,10,10,5,6,4,1,0,0,0,4.75,3.9,1.7,4.5,4.0,1.7,,,,,,,,,,,,,4.75,4.0,1.74,4.54,3.85,1.7,1.73,2.1,,,1.74,2.1,1.69,2.08,0.75,1.93,1.93,,,1.93,1.95,1.88,1.9,5.25,3.75,1.67,5.25,3.75,1.68,,,,,,,,,,,,,5.33,3.8,1.69,5.18,3.72,1.66,1.88,1.98,,,2.0,1.98,1.92,1.83,0.75,1.98,1.88,,,1.98,1.9,1.94,1.85,Unknown,1,0,1,,,,,,,5.1,4.0,1.76,1.78,2.18,1.98,1.96,,,,,,,6.0,3.95,1.71,2.02,1.95,2.07,1.9,4.6,4.0,1.7,4.6,3.85,1.74,4.5,3.75,1.67,,,,,,,5.0,3.75,1.67,5.2,3.75,1.66,5.25,3.8,1.65,,,,,,,,,,,,,,,,,,,,,metz,lyon
F1,25/01/2026,16:15,Paris FC,Angers,0,0,D,0,0,D,8,7,1,1,14,7,2,1,1,1,0,0,1.83,3.4,4.75,1.87,3.5,4.2,,,,,,,,,,,,,1.87,3.5,5.0,1.82,3.39,4.5,2.0,1.8,,,2.1,1.8,2.03,1.73,-0.5,1.85,2.0,,,1.85,2.0,1.8,1.94,1.9,3.3,4.75,1.85,3.3,4.5,,,,,,,,,,,,,1.91,3.4,4.75,1.87,3.32,4.41,2.2,1.67,,,2.23,1.68,2.18,1.64,-0.5,1.88,1.98,,,1.91,1.98,1.83,1.9,Unknown,1,1,2,,,,,,,1.88,3.55,4.9,2.14,1.82,1.88,2.07,,,,,,,1.95,3.45,4.9,2.34,1.74,1.96,2.03,1.83,3.4,4.5,1.81,3.45,4.7,1.8,3.4,4.2,,,,,,,1.9,3.3,4.33,1.88,3.35,4.5,1.87,3.4,4.33,,,,,,,,,,,,,,,,,,,,,paris,angers
F1,25/01/2026,19:45,Lille,Strasbourg,1,4,A,0,2,A,20,15,6,6,11,13,8,1,2,2,0,0,2.0,3.5,3.6,2.0,3.6,3.5,,,,,,,,,,,,,2.05,3.6,3.65,2.0,3.52,3.51,1.8,2.0,,,1.8,2.0,1.77,1.98,-0.5,2.03,1.83,,,2.03,1.85,1.95,1.78,2.5,3.2,2.9,2.4,3.3,2.95,,,,,,,,,,,,,2.54,3.3,2.95,2.46,3.21,2.89,2.1,1.73,,,2.14,1.8,2.05,1.72,-0.25,2.1,1.7,,,2.12,1.75,2.08,1.71,Unknown,2,2,4,,,,,,,2.14,3.6,3.65,1.84,2.08,2.14,1.82,,,,,,,2.66,3.3,3.05,2.24,1.79,2.25,1.78,2.0,3.5,3.6,2.04,3.55,3.6,1.95,3.5,3.4,,,,,,,2.5,3.2,2.88,2.5,3.2,2.9,2.45,3.3,2.88,,,,,,,,,,,,,,,,,,,,,lille,strasbourg
F1,30/01/2026,19:45,Lens,Le Havre,1,0,H,1,0,H,15,8,3,2,20,10,4,3,1,2,0,0,1.4,5.0,7.0,1.41,5.0,6.75,,,,,,,,,,,,,1.41,5.0,8.0,1.38,4.9,7.25,1.57,2.38,,,1.6,2.4,1.56,2.33,-1.5,2.08,1.73,,,2.1,1.77,2.05,1.71,1.45,4.5,6.5,1.43,4.8,6.75,,,,,,,,,,,,,1.46,4.8,7.5,1.42,4.58,7.1,1.73,2.1,,,1.77,2.2,1.68,2.11,-1.25,2.0,1.85,,,2.0,1.91,1.93,1.85,Unknown,1,2,3,,,,,,,1.44,5.2,8.6,1.63,2.54,2.24,1.79,,,,,,,1.45,4.9,8.6,1.78,2.26,2.01,1.95,1.4,4.6,7.5,1.38,4.9,8.0,1.36,5.0,7.5,1.4,5.0,6.5,1.4,5.0,6.5,1.4,4.6,7.5,1.41,4.8,7.5,1.4,4.6,7.5,,,,,,,,,,,,,,,,,,,,,lens,le havre
F1,31/01/2026,16:00,Paris FC,Marseille,2,2,D,0,1,A,9,18,4,4,12,15,4,4,1,4,0,0,3.8,3.8,1.9,3.75,3.8,1.88,,,,,,,,,,,,,4.0,3.8,1.92,3.78,3.68,1.88,1.73,2.1,,,1.74,2.1,1.7,2.08,0.5,1.95,1.9,,,1.95,1.9,1.89,1.84,4.33,3.9,1.75,4.2,3.8,1.78,,,,,,,,,,,,,4.5,4.0,1.81,4.28,3.81,1.77,1.73,2.1,,,1.73,2.2,1.69,2.1,0.75,1.88,1.98,,,1.88,2.05,1.81,1.97,Unknown,1,4,5,,,,,,,4.1,3.95,1.95,1.77,2.24,2.03,1.95,,,,,,,4.8,4.0,1.82,1.78,2.24,1.93,2.04,4.0,3.6,1.9,3.8,3.75,1.91,3.7,3.6,1.85,,,,,,,4.33,3.75,1.8,4.3,3.8,1.79,4.5,3.9,1.73,4.2,3.8,1.8,4.2,3.8,1.8,,,,,,,,,,,,,,,paris,marseille
F1,31/01/2026,18:00,Lorient,Nantes,2,1,H,1,0,H,5,10,4,2,12,18,1,4,4,5,0,0,1.83,3.5,4.5,1.83,3.6,4.2,,,,,,,,,,,,,1.86,3.65,4.5,1.82,3.48,4.31,2.0,1.8,,,2.1,1.8,2.02,1.74,-0.5,1.85,2.0,,,1.85,2.0,1.8,1.94,1.9,3.4,4.33,1.85,3.5,4.33,,,,,,,,,,,,,1.91,3.6,4.5,1.86,3.45,4.25,2.1,1.73,,,2.1,1.77,2.04,1.72,-0.5,1.93,1.93,,,1.93,1.96,1.83,1.9,Unknown,4,5,9,,,,,,,1.93,3.6,4.7,2.12,1.84,1.93,2.04,,,,,,,1.97,3.6,4.6,2.2,1.82,1.97,2.02,1.83,3.4,4.5,1.82,3.65,4.4,1.8,3.4,4.2,,,,,,,1.9,3.4,4.2,1.81,3.6,4.5,1.87,3.5,4.2,,,,,,,,,,,,,,,,,,,,,lorient,nantes
F1,31/01/2026,20:05,Monaco,Rennes,4,0,H,1,0,H,14,8,6,4,15,9,5,2,1,2,0,0,2.0,3.9,3.3,2.05,3.9,3.2,,,,,,,,,,,,,2.05,4.0,3.5,1.98,3.83,3.31,1.5,2.63,,,1.5,2.63,1.47,2.57,-0.5,2.03,1.83,,,2.03,1.86,1.94,1.8,1.95,4.0,3.5,1.93,3.9,3.5,,,,,,,,,,,,,2.0,4.0,3.65,1.93,3.87,3.51,1.5,2.63,,,1.5,2.7,1.46,2.61,-0.5,1.95,1.9,,,1.95,1.91,1.88,1.84,Unknown,1,2,3,,,,,,,2.12,3.95,3.5,1.54,2.74,2.12,1.86,,,,,,,2.02,4.1,3.75,1.52,2.86,2.01,1.98,2.0,3.75,3.4,1.96,3.95,3.45,1.95,3.75,3.2,,,,,,,1.95,3.75,3.5,1.89,4.0,3.65,1.95,4.0,3.4,,,,,,,,,,,,,,,,,,,,,monaco,rennes
F1,01/02/2026,14:00,Lyon,Lille,1,0,H,1,0,H,4,11,2,4,15,11,2,7,1,4,0,0,1.91,3.7,3.8,1.88,3.7,3.9,,,,,,,,,,,,,1.95,3.75,4.1,1.89,3.63,3.83,1.8,2.0,,,1.8,2.0,1.76,1.99,-0.5,1.95,1.9,,,1.95,1.95,1.85,1.87,2.25,3.5,3.1,2.2,3.4,3.2,,,,,,,,,,,,,2.28,3.5,3.3,2.23,3.38,3.15,1.9,1.95,,,1.91,1.98,1.83,1.91,-0.25,1.95,1.9,,,1.95,1.94,1.89,1.88,Unknown,1,4,5,,,,,,,2.02,3.75,4.1,1.9,2.04,2.02,1.96,,,,,,,2.3,3.55,3.45,1.96,2.02,1.98,2.0,1.95,3.6,3.75,1.87,3.65,4.1,1.87,3.6,3.7,,,,,,,2.25,3.4,3.1,2.18,3.45,3.3,2.2,3.5,3.13,,,,,,,,,,,,,,,,,,,,,lyon,lille
F1,01/02/2026,16:15,Angers,Metz,1,0,H,1,0,H,17,5,7,0,11,11,4,3,2,2,0,1,2.1,3.3,3.6,2.1,3.4,3.5,,,,,,,,,,,,,2.12,3.4,3.6,2.09,3.32,3.48,2.1,1.73,,,2.1,1.75,2.04,1.72,-0.25,1.83,2.03,,,1.83,2.03,1.8,1.98,2.15,3.25,3.5,2.15,3.25,3.5,,,,,,,,,,,,,2.2,3.3,3.75,2.14,3.24,3.49,2.1,1.73,,,2.12,1.73,2.08,1.7,-0.25,1.85,2.0,,,1.85,2.0,1.82,1.95,Unknown,2,4,6,,,,,,,2.18,3.5,3.75,2.16,1.8,1.87,2.11,,,,,,,2.24,3.4,3.75,2.28,1.76,1.92,2.07,2.1,3.3,3.5,2.12,3.4,3.5,2.05,3.25,3.4,2.1,3.4,3.5,2.1,3.4,3.4,2.15,3.25,3.5,2.14,3.3,3.55,2.15,3.3,3.4,,,,,,,,,,,,,,,,,,,,,angers,metz
F1,01/02/2026,16:15,Nice,Brest,2,2,D,0,2,A,15,12,7,2,15,21,6,5,5,3,0,0,2.1,3.3,3.7,2.1,3.5,3.4,,,,,,,,,,,,,2.15,3.5,3.75,2.09,3.35,3.45,1.83,2.03,,,1.83,2.03,1.78,1.96,-0.25,1.8,2.05,,,1.83,2.05,1.78,1.99,2.25,3.3,3.3,2.25,3.4,3.1,,,,,,,,,,,,,2.33,3.4,3.3,2.26,3.34,3.13,1.8,2.0,,,1.8,2.05,1.76,1.99,-0.25,1.93,1.93,,,1.96,1.93,1.91,1.86,Unknown,5,3,8,,,,,,,2.18,3.5,3.75,1.87,2.04,1.87,2.11,,,,,,,2.38,3.55,3.3,1.88,2.12,2.06,1.94,2.1,3.4,3.4,2.1,3.35,3.55,2.05,3.4,3.25,2.1,3.5,3.4,2.1,3.5,3.3,2.25,3.4,3.1,2.28,3.3,3.25,2.2,3.4,3.2,,,,,,,,,,,,,,,,,,,,,nice,brest
F1,01/02/2026,16:15,Toulouse,Auxerre,0,0,D,0,0,D,12,8,4,2,12,13,5,4,1,2,0,0,1.75,3.6,5.0,1.75,3.5,5.0,,,,,,,,,,,,,1.78,3.6,5.2,1.73,3.49,4.93,2.2,1.67,,,2.25,1.67,2.19,1.63,-0.75,1.98,1.88,,,1.98,1.88,1.94,1.84,1.75,3.5,5.0,1.77,3.5,4.8,,,,,,,,,,,,,1.8,3.55,5.1,1.76,3.43,4.91,2.3,1.62,,,2.3,1.65,2.22,1.62,-0.75,2.03,1.83,,,2.05,1.84,1.98,1.8,Unknown,1,2,3,,,,,,,1.78,3.7,5.5,2.3,1.72,2.04,1.91,,,,,,,1.85,3.65,5.3,2.4,1.7,2.14,1.86,1.73,3.5,5.0,1.73,3.55,5.2,1.7,3.4,4.8,1.75,3.5,5.0,1.75,3.5,4.8,1.73,3.4,5.0,1.74,3.55,5.1,1.75,3.5,5.0,,,,,,,,,,,,,,,,,,,,,toulouse,auxerre
F1,01/02/2026,19:45,Strasbourg,Paris SG,1,2,A,1,1,D,9,13,4,4,8,6,5,6,1,0,0,1,4.75,4.5,1.62,5.0,4.4,1.6,,,,,,,,,,,,,5.5,4.5,1.62,5.02,4.27,1.58,1.53,2.5,,,1.55,2.5,1.52,2.43,1.0,1.85,2.0,,,1.89,2.0,1.84,1.93,5.0,4.33,1.62,4.8,4.2,1.63,,,,,,,,,,,,,5.25,4.35,1.66,4.93,4.15,1.6,1.57,2.38,,,1.6,2.6,1.54,2.39,1.0,1.83,2.03,,,1.86,2.1,1.81,1.98,Unknown,1,2,3,,,,,,,5.5,4.5,1.64,1.58,2.58,1.9,2.04,,,,,,,5.4,4.4,1.68,1.63,2.56,1.87,2.1,5.5,4.2,1.57,5.4,4.35,1.57,5.0,4.1,1.55,,,,,,,5.0,4.2,1.62,5.1,4.35,1.6,5.25,4.33,1.57,4.4,3.9,1.57,4.4,3.9,1.57,,,,,,,,,,,,,,,strasbourg,paris sg
F1,06/02/2026,19:45,Metz,Lille,0,0,D,0,0,D,6,16,2,1,12,9,1,6,1,1,0,0,6.0,4.2,1.55,5.5,4.1,1.58,,,,,,,,,,,,,6.0,4.3,1.58,5.71,4.16,1.55,1.73,2.1,,,1.77,2.1,1.73,2.04,1.0,1.93,1.93,,,1.93,1.93,1.88,1.9,6.5,4.33,1.5,6.25,4.1,1.55,,,,,,,,,,,,,6.5,4.4,1.55,6.18,4.23,1.51,1.88,1.98,,,1.88,2.05,1.79,1.97,1.0,2.03,1.83,,,2.03,1.91,1.95,1.83,Unknown,1,1,2,,,,,,,6.4,4.4,1.6,1.82,2.2,1.94,2.01,,,,,,,6.6,4.6,1.57,1.92,2.06,2.03,1.94,5.5,4.2,1.57,5.75,4.3,1.55,6.0,4.2,1.53,,,,,,,6.0,4.2,1.53,6.4,4.4,1.5,6.5,4.2,1.5,,,,,,,,,,,,,,,,,,,,,metz,lille
F1,07/02/2026,16:00,Lens,Rennes,3,1,H,1,1,D,10,14,3,1,13,17,4,4,4,2,1,0,1.75,3.8,4.5,1.78,3.9,4.1,,,,,,,,,,,,,1.8,4.0,4.5,1.76,3.81,4.19,1.62,2.3,,,1.62,2.38,1.58,2.29,-0.75,2.03,1.83,,,2.03,1.83,1.97,1.81,1.62,4.2,5.0,1.57,4.5,5.0,,,,,,,,,,,,,1.62,4.5,5.8,1.56,4.31,5.23,1.5,2.63,,,1.53,2.63,1.5,2.51,-1.0,2.03,1.83,,,2.03,1.94,1.9,1.87,Unknown,6,2,8,,,,,,,1.82,4.0,4.6,1.69,2.36,2.04,1.9,,,,,,,1.63,4.5,5.9,1.57,2.74,2.02,1.96,1.8,4.0,4.0,1.78,3.95,4.2,1.73,3.8,4.0,,,,,,,1.57,4.33,5.0,1.54,4.35,5.8,1.55,4.4,5.25,,,,,,,,,,,,,,,,,,,,,lens,rennes
F1,07/02/2026,18:00,Brest,Lorient,2,0,H,0,0,D,11,13,5,2,11,10,7,7,2,0,0,0,2.2,3.1,3.5,2.25,3.2,3.3,,,,,,,,,,,,,2.28,3.25,3.6,2.22,3.13,3.35,2.1,1.73,,,2.1,1.75,2.05,1.72,-0.25,1.9,1.95,,,1.92,1.95,1.89,1.89,2.3,3.0,3.5,2.35,3.1,3.2,,,,,,,,,,,,,2.38,3.2,3.5,2.31,3.1,3.26,2.2,1.67,,,2.2,1.7,2.14,1.67,-0.25,1.98,1.88,,,1.98,1.88,1.94,1.83,Unknown,2,0,2,,,,,,,2.3,3.3,3.7,2.16,1.8,1.95,2.01,,,,,,,2.46,3.25,3.4,2.32,1.74,2.09,1.9,2.25,3.25,3.25,2.25,3.25,3.3,2.15,3.2,3.2,,,,,,,2.3,3.2,3.2,2.3,3.2,3.3,2.3,3.1,3.3,,,,,,,,,,,,,,,,,,,,,brest,lorient
F1,07/02/2026,20:05,Nantes,Lyon,0,1,A,0,1,A,13,10,2,3,13,11,5,4,4,2,0,1,4.75,3.75,1.73,4.8,3.7,1.72,,,,,,,,,,,,,5.1,4.0,1.73,4.87,3.72,1.69,1.91,1.91,,,1.91,1.91,1.87,1.86,0.75,1.93,1.93,,,1.95,1.93,1.91,1.86,4.75,3.75,1.75,4.75,3.7,1.75,,,,,,,,,,,,,5.2,3.8,1.75,4.81,3.74,1.71,1.9,1.95,,,1.92,1.95,1.87,1.88,0.75,1.88,1.98,,,1.94,1.98,1.88,1.89,Unknown,4,4,8,,,,,,,5.4,3.95,1.76,1.99,1.93,1.99,1.97,,,,,,,5.2,3.85,1.8,1.99,2.0,1.94,2.04,5.0,3.75,1.7,5.1,3.85,1.68,4.75,3.6,1.67,,,,,,,5.0,3.75,1.67,5.2,3.75,1.68,4.75,3.8,1.7,,,,,,,,,,,,,,,,,,,,,nantes,lyon
F1,08/02/2026,14:00,Nice,Monaco,0,0,D,0,0,D,13,10,3,2,10,11,8,6,2,2,0,0,3.1,3.75,2.15,3.0,3.75,2.15,,,,,,,,,,,,,3.1,4.0,2.16,3.01,3.76,2.13,1.5,2.63,,,1.5,2.63,1.48,2.55,0.25,1.98,1.88,,,1.98,1.9,1.92,1.85,3.4,3.8,2.0,3.1,3.8,2.1,,,,,,,,,,,,,3.4,4.0,2.12,3.24,3.82,2.03,1.53,2.5,,,1.53,2.63,1.49,2.51,0.5,1.83,2.03,,,1.83,2.08,1.76,1.99,Unknown,2,2,4,,,,,,,3.3,3.9,2.2,1.56,2.68,2.02,1.92,,,,,,,3.45,4.0,2.14,1.6,2.64,1.86,2.14,3.0,4.0,2.1,3.0,3.9,2.15,2.9,3.7,2.1,,,,,,,3.25,4.0,2.0,3.1,3.9,2.1,3.3,3.9,2.0,,,,,,,,,,,,,,,,,,,,,nice,monaco
F1,08/02/2026,16:15,Angers,Toulouse,1,0,H,0,0,D,12,12,4,5,11,16,3,5,3,2,0,0,3.4,3.2,2.25,3.4,3.2,2.2,,,,,,,,,,,,,3.65,3.2,2.28,3.43,3.1,2.21,2.38,1.57,,,2.38,1.57,2.34,1.55,0.25,1.93,1.93,,,1.98,1.93,1.91,1.86,3.5,3.1,2.2,3.75,3.1,2.1,,,,,,,,,,,,,4.0,3.25,2.2,3.72,3.15,2.1,2.3,1.62,,,2.38,1.62,2.31,1.57,0.25,1.98,1.88,,,2.12,1.88,2.02,1.77,Unknown,3,2,5,,,,,,,3.7,3.15,2.32,2.5,1.63,1.97,1.96,,,,,,,3.95,3.3,2.22,2.44,1.67,2.11,1.88,3.4,3.2,2.2,3.65,3.2,2.15,3.3,3.0,2.2,,,,,,,3.6,3.2,2.1,4.0,3.25,2.02,3.5,3.2,2.15,,,,,,,,,,,,,,,,,,,,,angers,toulouse
F1,08/02/2026,16:15,Auxerre,Paris FC,0,0,D,0,0,D,12,8,2,4,8,12,7,4,1,4,0,0,2.45,3.3,2.9,2.55,3.2,2.85,,,,,,,,,,,,,2.55,3.3,2.9,2.46,3.18,2.87,2.2,1.67,,,2.2,1.73,2.11,1.68,0.0,1.78,2.1,,,1.78,2.1,1.73,2.03,2.45,3.3,2.9,2.45,3.25,2.9,,,,,,,,,,,,,2.55,3.3,3.0,2.48,3.18,2.9,2.2,1.67,,,2.22,1.73,2.14,1.66,-0.25,2.1,1.7,,,2.14,1.75,2.09,1.7,Unknown,1,4,5,,,,,,,2.58,3.35,3.05,2.24,1.76,1.82,2.15,,,,,,,2.62,3.35,3.05,2.32,1.74,2.24,1.78,2.4,3.3,2.88,2.55,3.15,2.88,2.4,3.13,2.8,,,,,,,2.4,3.3,2.88,2.5,3.15,2.95,2.5,3.2,2.88,,,,,,,,,,,,,,,,,,,,,auxerre,paris
F1,08/02/2026,16:15,Le Havre,Strasbourg,2,1,H,1,1,D,15,10,7,3,15,12,9,3,2,1,0,1,4.0,3.5,1.91,4.1,3.5,1.9,,,,,,,,,,,,,4.1,3.6,1.97,3.91,3.47,1.91,2.0,1.85,,,2.0,1.91,1.93,1.82,0.5,1.93,1.93,,,1.93,1.93,1.87,1.86,4.1,3.6,1.85,4.2,3.6,1.85,,,,,,,,,,,,,4.3,3.75,1.86,4.2,3.62,1.82,1.93,1.93,,,1.93,2.0,1.83,1.92,0.5,1.95,1.9,,,2.0,1.9,1.96,1.79,Unknown,2,3,5,,,,,,,4.4,3.6,1.94,2.02,1.92,2.0,1.94,,,,,,,4.5,3.85,1.9,1.9,2.08,2.08,1.91,3.75,3.5,1.95,3.95,3.4,1.97,3.9,3.4,1.85,,,,,,,4.2,3.75,1.8,4.3,3.55,1.86,4.2,3.6,1.83,,,,,,,,,,,,,,,,,,,,,le havre,strasbourg
F1,08/02/2026,19:45,Paris SG,Marseille,5,0,H,2,0,H,22,9,7,3,11,18,5,2,2,2,0,0,1.42,5.25,6.0,1.42,5.25,6.25,,,,,,,,,,,,,1.43,5.33,7.0,1.39,5.02,6.54,1.44,2.75,,,1.44,2.88,1.41,2.76,-1.25,1.88,1.98,,,1.88,2.02,1.82,1.95,1.44,5.0,6.0,1.46,5.0,6.0,,,,,,,,,,,,,1.48,5.0,6.5,1.44,4.92,6.05,1.4,3.0,,,1.44,3.0,1.4,2.83,-1.25,1.93,1.93,,,1.93,1.93,1.88,1.89,Unknown,2,2,4,,,,,,,1.45,5.6,7.2,1.48,2.94,1.9,2.03,,,,,,,1.47,5.5,7.0,1.45,3.15,1.98,2.0,1.4,5.0,7.0,1.38,5.3,7.0,1.36,4.75,6.5,,,,,,,1.44,5.0,6.0,1.45,4.9,6.25,1.4,5.0,6.5,,,,,,,,,,,,,,,,,,,,,paris sg,marseille
F1,13/02/2026,18:00,Rennes,Paris SG,3,1,H,1,0,H,13,22,4,7,10,9,5,8,0,0,0,0,7.0,5.0,1.4,6.5,5.25,1.4,,,,,,,,,,,,,7.0,5.25,1.43,6.51,5.05,1.4,1.4,3.0,,,1.4,3.0,1.38,2.91,1.25,2.03,1.83,,,2.03,1.85,1.96,1.81,7.5,5.25,1.36,6.75,5.5,1.37,,,,,,,,,,,,,8.0,5.75,1.38,7.47,5.47,1.34,1.33,3.4,,,1.35,3.4,1.32,3.2,1.5,1.93,1.93,,,1.93,1.93,1.87,1.86,Unknown,0,0,0,,,,,,,7.8,5.8,1.42,1.43,3.15,2.13,1.85,,,,,,,7.0,5.4,1.48,1.42,3.25,1.78,2.24,7.0,5.0,1.4,6.4,5.25,1.42,6.5,5.0,1.36,,,,,,,7.5,5.5,1.33,7.5,5.6,1.35,8.0,5.75,1.3,,,,,,,,,,,,,,,,,,,,,rennes,paris sg
F1,13/02/2026,20:05,Monaco,Nantes,3,1,H,3,1,H,12,13,6,2,15,8,9,3,5,2,1,0,1.48,4.33,7.0,1.46,4.8,6.0,,,,,,,,,,,,,1.5,4.8,7.0,1.45,4.59,6.18,1.53,2.5,,,1.55,2.55,1.51,2.45,-1.25,2.03,1.83,,,2.03,1.85,1.96,1.8,1.42,4.75,7.0,1.44,5.0,6.25,,,,,,,,,,,,,1.46,5.0,7.0,1.43,4.78,6.56,1.53,2.5,,,1.54,2.6,1.5,2.48,-1.25,1.95,1.9,,,1.95,1.9,1.91,1.87,Unknown,7,2,9,,,,,,,1.5,5.0,7.0,1.58,2.6,2.06,1.88,,,,,,,1.51,4.9,7.2,1.6,2.64,2.05,1.93,1.44,4.6,6.5,1.44,4.8,6.5,1.44,4.4,6.0,,,,,,,1.44,4.6,7.0,1.42,4.9,6.75,1.4,4.8,7.0,1.44,5.0,6.0,1.44,5.0,6.0,,,,,,,,,,,,,,,monaco,nantes
F1,14/02/2026,16:00,Marseille,Strasbourg,2,2,D,1,0,H,10,12,6,4,11,10,5,5,4,2,0,0,1.67,4.2,4.5,1.7,4.0,4.5,,,,,,,,,,,,,1.7,4.2,4.75,1.66,4.06,4.54,1.62,2.3,,,1.62,2.32,1.59,2.26,-0.75,1.85,2.0,,,1.85,2.0,1.82,1.95,2.05,3.75,3.3,1.85,3.8,3.8,,,,,,,,,,,,,2.05,4.0,4.0,1.9,3.8,3.65,1.67,2.2,,,1.68,2.3,1.62,2.21,-0.5,2.03,1.83,,,2.03,1.95,1.87,1.86,Unknown,4,2,6,,,,,,,1.74,4.3,4.9,1.63,2.44,1.92,2.04,,,,,,,2.06,3.9,3.8,1.7,2.38,2.06,1.93,1.67,4.0,4.6,1.66,4.2,4.7,1.65,3.9,4.5,1.7,4.0,4.5,1.7,4.0,4.5,1.9,3.75,3.75,1.86,4.0,3.8,1.95,3.8,3.5,1.95,3.8,3.5,1.95,3.75,3.5,,,,,,,,,,,,,,,marseille,strasbourg
F1,14/02/2026,18:00,Lille,Brest,1,1,D,0,0,D,20,11,5,4,6,12,13,1,0,1,0,0,1.73,3.6,5.0,1.73,3.8,4.5,,,,,,,,,,,,,1.78,4.0,5.0,1.73,3.77,4.48,1.91,1.91,,,1.91,1.95,1.84,1.9,-0.75,1.98,1.88,,,1.98,1.88,1.94,1.84,1.6,3.9,6.0,1.62,4.0,5.25,,,,,,,,,,,,,1.62,4.25,6.0,1.58,3.99,5.65,1.91,1.91,,,1.91,2.02,1.83,1.91,-1.0,2.05,1.8,,,2.05,1.91,1.96,1.81,Unknown,0,1,1,,,,,,,1.8,4.0,4.9,1.92,2.0,2.03,1.93,,,,,,,1.63,4.3,6.2,1.96,2.0,2.12,1.86,1.73,3.75,4.6,1.75,3.9,4.4,1.7,3.6,4.5,,,,,,,1.6,4.0,5.5,1.54,4.25,6.0,1.57,4.0,5.75,,,,,,,,,,,,,,,,,,,,,lille,brest
F1,14/02/2026,20:05,Paris FC,Lens,0,5,A,0,2,A,11,17,6,6,13,9,3,5,2,1,0,0,4.0,3.6,1.85,3.9,3.6,1.9,,,,,,,,,,,,,4.2,3.66,1.91,3.97,3.57,1.87,1.85,2.0,,,1.85,2.0,1.8,1.94,0.5,1.98,1.88,,,1.98,1.9,1.91,1.82,3.8,3.5,1.95,3.8,3.5,1.95,,,,,,,,,,,,,4.1,3.6,2.0,3.83,3.52,1.93,1.9,1.95,,,1.91,1.95,1.85,1.89,0.5,1.9,1.95,,,1.9,1.95,1.83,1.89,Unknown,2,1,3,,,,,,,4.3,3.75,1.95,1.91,2.04,2.03,1.95,,,,,,,4.2,3.7,2.0,1.91,2.06,1.96,2.01,4.0,3.6,1.9,4.0,3.65,1.89,3.9,3.5,1.83,,,,,,,3.75,3.5,1.95,4.1,3.6,1.88,3.75,3.6,1.95,,,,,,,,,,,,,,,,,,,,,paris,lens
F1,15/02/2026,14:00,Le Havre,Toulouse,2,1,H,1,1,D,5,25,2,9,7,16,1,10,1,4,1,0,3.4,3.1,2.3,3.3,3.2,2.25,,,,,,,,,,,,,3.4,3.25,2.3,3.28,3.15,2.25,2.2,1.67,,,2.2,1.67,2.19,1.64,0.25,1.88,1.98,,,1.93,1.98,1.87,1.9,3.5,3.1,2.3,3.25,3.1,2.3,,,,,,,,,,,,,3.5,3.25,2.32,3.33,3.11,2.27,2.3,1.62,,,2.3,1.62,2.25,1.6,0.25,1.9,1.95,,,1.91,1.98,1.86,1.91,Unknown,3,4,7,,,,,,,3.4,3.25,2.42,2.3,1.71,1.9,2.06,,,,,,,3.7,3.25,2.34,2.46,1.66,2.01,1.96,3.3,3.2,2.25,3.4,3.25,2.2,3.1,3.1,2.25,,,,,,,3.3,3.1,2.3,3.2,3.25,2.32,3.3,3.2,2.25,,,,,,,,,,,,,,,,,,,,,le havre,toulouse
F1,15/02/2026,16:15,Lorient,Angers,2,0,H,1,0,H,8,10,2,3,7,8,3,2,0,0,0,0,1.91,3.2,4.5,1.95,3.2,4.33,,,,,,,,,,,,,1.96,3.2,5.0,1.93,3.11,4.41,2.3,1.62,,,2.3,1.62,2.25,1.59,-0.5,1.93,1.93,,,1.95,1.93,1.9,1.83,1.95,3.1,4.5,1.95,3.1,4.4,,,,,,,,,,,,,2.05,3.2,4.5,1.96,3.12,4.28,2.3,1.62,,,2.33,1.62,2.27,1.59,-0.5,1.95,1.9,,,2.0,1.9,1.91,1.82,Unknown,0,0,0,,,,,,,2.02,3.2,4.8,2.34,1.69,2.02,1.94,,,,,,,2.08,3.3,4.5,2.5,1.66,2.06,1.92,1.95,3.2,4.2,1.91,3.2,4.6,1.9,3.2,4.0,1.95,3.2,4.33,1.95,3.2,4.2,1.95,3.2,4.2,1.94,3.2,4.5,1.95,3.13,4.4,,,,,,,,,,,,,,,,,,,,,lorient,angers
F1,15/02/2026,16:15,Metz,Auxerre,1,3,A,0,1,A,13,14,4,3,13,12,4,3,2,3,0,0,2.88,3.0,2.63,2.75,3.1,2.7,,,,,,,,,,,,,2.9,3.1,2.83,2.78,2.96,2.71,2.2,1.67,,,2.2,1.67,2.17,1.64,0.0,1.95,1.9,,,1.95,1.91,1.9,1.86,3.0,3.0,2.55,3.0,3.1,2.5,,,,,,,,,,,,,3.2,3.1,2.55,3.04,3.01,2.48,2.2,1.67,,,2.2,1.73,2.14,1.67,0.25,1.68,2.15,,,1.77,2.16,1.71,2.08,Unknown,2,3,5,,,,,,,3.0,3.1,2.82,2.28,1.74,2.04,1.92,,,,,,,3.25,3.15,2.62,2.32,1.74,1.81,2.2,2.75,3.0,2.75,2.85,2.9,2.8,2.7,3.1,2.55,2.75,3.1,2.75,2.7,3.0,2.7,3.0,3.1,2.5,3.2,2.9,2.5,3.0,3.1,2.45,,,,,,,,,,,,,,,,,,,,,metz,auxerre
F1,15/02/2026,19:45,Lyon,Nice,2,0,H,1,0,H,9,10,2,3,16,12,8,5,3,1,0,0,1.62,3.9,5.5,1.62,4.2,5.0,,,,,,,,,,,,,1.65,4.2,5.8,1.59,4.05,5.26,1.73,2.1,,,1.73,2.15,1.68,2.1,-1.0,2.05,1.75,,,2.1,1.88,1.98,1.8,1.8,3.75,4.33,1.83,3.75,4.1,,,,,,,,,,,,,1.91,3.85,4.33,1.83,3.68,4.09,1.73,2.1,,,1.75,2.1,1.71,2.07,-0.5,1.78,2.03,,,1.9,2.33,1.77,2.0,Unknown,3,1,4,,,,,,,1.63,4.2,5.7,1.74,2.2,2.09,1.83,,,,,,,1.98,3.8,4.2,1.84,2.16,1.99,2.0,1.6,4.0,5.5,1.56,4.2,5.8,1.57,3.9,5.0,1.61,4.2,5.0,1.61,4.2,5.0,1.83,3.75,4.0,1.78,3.8,4.3,1.83,3.6,4.2,,,,,,,,,,,,,,,,,,,,,lyon,nice
F1,20/02/2026,19:45,Brest,Marseille,2,0,H,2,0,H,12,17,4,4,10,17,3,2,1,4,0,0,3.8,3.6,1.9,3.7,3.6,1.95,,,,,,,,,,,,,3.85,3.8,1.95,3.71,3.66,1.91,1.67,2.2,,,1.71,2.2,1.68,2.11,0.5,1.93,1.93,,,1.93,1.93,1.86,1.86,3.9,3.75,1.85,3.75,3.7,1.9,,,,,,,,,,,,,3.9,3.85,1.9,3.8,3.75,1.87,1.67,2.2,,,1.67,2.22,1.65,2.17,0.5,1.98,1.88,,,1.98,1.9,1.89,1.84,Unknown,1,4,5,,,,,,,4.1,3.9,1.98,1.76,2.26,2.01,1.98,,,,,,,4.2,3.95,1.94,1.77,2.28,2.05,1.94,3.75,3.6,1.95,3.85,3.8,1.88,3.7,3.75,1.91,3.5,3.4,1.91,3.6,3.6,1.95,3.75,3.75,1.9,3.9,3.85,1.86,3.8,3.8,1.87,,,,,,,,,,,,,,,,,,,,,brest,marseille
F1,21/02/2026,16:00,Lens,Monaco,2,3,A,1,0,H,18,10,7,5,13,12,7,2,2,1,0,0,1.65,4.33,4.75,1.66,4.2,4.6,,,,,,,,,,,,,1.67,4.33,5.0,1.63,4.21,4.63,1.5,2.63,,,1.5,2.7,1.46,2.59,-0.75,1.8,2.05,,,1.82,2.05,1.78,1.99,1.73,4.2,4.2,1.75,4.1,4.1,,,,,,,,,,,,,1.78,4.2,4.75,1.72,4.02,4.29,1.57,2.38,,,1.62,2.45,1.55,2.36,-0.75,1.93,1.93,,,1.95,1.96,1.87,1.89,Unknown,2,1,3,,,,,,,1.68,4.6,5.0,1.53,2.78,1.83,2.16,,,,,,,1.85,4.0,4.6,1.65,2.48,2.06,1.93,1.67,4.2,4.6,1.67,4.25,4.6,1.6,4.1,4.5,1.67,4.2,4.6,1.65,4.2,4.6,1.73,4.0,4.0,1.77,4.1,4.1,1.67,4.2,4.6,,,,,,,,,,,,,,,,,,,,,lens,monaco
F1,21/02/2026,18:00,Toulouse,Paris FC,1,1,D,0,1,A,23,5,10,2,13,7,12,3,1,5,0,0,1.85,3.4,4.5,1.93,3.4,4.1,,,,,,,,,,,,,1.96,3.4,4.5,1.9,3.28,4.21,2.2,1.67,,,2.25,1.67,2.19,1.63,-0.5,1.9,1.95,,,1.95,1.95,1.86,1.86,2.0,3.3,3.9,2.0,3.3,3.8,,,,,,,,,,,,,2.05,3.4,4.1,1.99,3.26,3.92,2.1,1.73,,,2.25,1.73,2.16,1.65,-0.5,2.0,1.85,,,2.0,1.85,1.92,1.81,Unknown,1,5,6,,,,,,,1.99,3.45,4.7,2.3,1.72,1.99,1.98,,,,,,,2.06,3.4,4.3,2.28,1.76,2.08,1.91,1.9,3.3,4.33,1.96,3.2,4.35,1.85,3.25,4.1,1.95,3.4,4.0,1.91,3.4,4.0,2.0,3.25,4.0,2.04,3.2,4.0,1.91,3.4,4.1,2.0,3.3,3.8,2.0,3.3,3.8,,,,,,,,,,,,,,,toulouse,paris
F1,21/02/2026,20:05,Paris SG,Metz,3,0,H,2,0,H,17,3,7,0,9,15,4,1,0,2,0,0,1.14,9.0,13.0,1.14,9.25,12.0,,,,,,,,,,,,,1.15,10.0,19.0,1.13,8.92,15.03,1.25,4.0,,,1.26,4.0,1.24,3.76,-2.5,2.0,1.8,,,2.0,1.83,1.95,1.77,1.13,9.0,15.0,1.13,9.25,13.0,,,,,,,,,,,,,1.15,9.5,18.0,1.13,8.78,16.16,1.3,3.5,,,1.33,3.6,1.3,3.35,-2.25,1.85,2.0,,,1.85,2.0,1.81,1.96,Unknown,0,2,2,,,,,,,1.14,12.0,21.0,1.27,4.2,2.04,1.91,,,,,,,1.15,10.5,25.0,1.34,3.8,1.87,2.07,1.13,8.5,17.0,1.11,10.0,19.0,1.11,8.0,15.0,1.15,9.5,12.0,1.15,9.0,12.0,1.13,8.5,17.0,1.13,9.0,18.0,1.12,9.0,18.0,1.15,9.5,13.0,1.15,9.0,13.0,,,,,,,,,,,,,,,paris sg,metz
F1,22/02/2026,14:00,Auxerre,Rennes,0,3,A,0,3,A,11,12,2,7,17,22,4,5,1,4,0,0,2.9,3.4,2.35,2.9,3.4,2.35,,,,,,,,,,,,,3.0,3.4,2.4,2.91,3.33,2.36,1.91,1.91,,,1.91,1.91,1.85,1.88,0.25,1.8,2.05,,,1.8,2.05,1.77,2.01,2.88,3.4,2.45,2.8,3.4,2.45,,,,,,,,,,,,,3.0,3.4,2.5,2.85,3.34,2.43,1.91,1.91,,,1.91,1.93,1.86,1.88,0.0,2.1,1.78,,,2.1,1.8,2.02,1.75,Unknown,1,4,5,,,,,,,3.15,3.45,2.48,1.93,1.99,1.84,2.12,,,,,,,3.1,3.45,2.56,1.98,1.99,2.2,1.81,3.0,3.3,2.38,3.0,3.35,2.4,2.8,3.4,2.3,2.9,3.4,2.37,2.9,3.4,2.37,2.88,3.3,2.4,2.95,3.4,2.38,2.8,3.4,2.45,2.8,3.4,2.45,2.8,3.4,2.4,,,,,,,,,,,,,,,auxerre,rennes
F1,22/02/2026,16:15,Angers,Lille,0,1,A,0,1,A,6,14,2,5,14,11,1,7,3,1,0,0,4.2,3.5,1.85,4.1,3.5,1.9,,,,,,,,,,,,,4.33,3.6,1.92,4.12,3.44,1.87,2.0,1.8,,,2.1,1.8,2.01,1.75,0.5,1.98,1.88,,,1.98,1.88,1.89,1.83,4.75,3.6,1.75,4.6,3.5,1.78,,,,,,,,,,,,,4.75,3.6,1.85,4.54,3.52,1.79,2.1,1.73,,,2.14,1.73,2.07,1.7,0.75,1.83,2.03,,,1.83,2.1,1.75,2.04,Unknown,3,1,4,,,,,,,4.5,3.75,1.91,2.1,1.83,2.07,1.91,,,,,,,5.0,3.85,1.84,2.24,1.8,1.89,2.1,4.2,3.4,1.9,4.2,3.45,1.92,3.9,3.3,1.87,,,,,,,4.6,3.5,1.8,4.4,3.5,1.85,4.5,3.5,1.8,,,,,,,,,,,,,,,,,,,,,angers,lille
F1,22/02/2026,16:15,Nantes,Le Havre,2,0,H,2,0,H,9,6,2,1,17,13,5,6,4,3,0,0,2.4,3.3,2.9,2.4,3.3,2.95,,,,,,,,,,,,,2.48,3.3,3.05,2.4,3.2,2.95,2.1,1.73,,,2.1,1.73,2.08,1.7,-0.25,2.1,1.78,,,2.1,1.8,2.03,1.74,2.38,3.3,3.0,2.45,3.2,3.0,,,,,,,,,,,,,2.5,3.4,3.05,2.4,3.22,2.98,2.1,1.73,,,2.2,1.73,2.11,1.68,-0.25,2.03,1.83,,,2.05,1.83,2.01,1.77,Unknown,4,3,7,,,,,,,2.62,3.35,3.05,2.2,1.78,2.22,1.8,,,,,,,2.54,3.45,3.1,2.26,1.77,2.17,1.84,2.4,3.2,3.0,2.48,3.2,3.0,2.38,3.13,2.88,,,,,,,2.5,3.1,3.0,2.43,3.2,3.05,2.38,3.25,3.0,,,,,,,,,,,,,,,,,,,,,nantes,le havre
F1,22/02/2026,16:15,Nice,Lorient,3,3,D,2,1,H,8,17,4,5,15,4,3,7,2,3,0,0,2.05,3.6,3.4,2.1,3.6,3.3,,,,,,,,,,,,,2.12,3.6,3.55,2.07,3.46,3.39,1.85,2.0,,,1.86,2.0,1.8,1.94,-0.25,1.8,2.05,,,1.8,2.07,1.77,2.0,2.15,3.4,3.4,2.15,3.4,3.4,,,,,,,,,,,,,2.2,3.5,3.4,2.15,3.37,3.33,2.05,1.8,,,2.05,1.91,1.92,1.83,-0.25,1.85,2.0,,,1.87,2.0,1.84,1.93,Unknown,2,3,5,,,,,,,2.18,3.55,3.6,1.87,2.04,1.87,2.08,,,,,,,2.24,3.65,3.5,2.06,1.92,1.94,2.04,2.1,3.4,3.4,2.06,3.6,3.55,2.05,3.4,3.25,,,,,,,2.2,3.3,3.3,2.18,3.5,3.25,2.1,3.5,3.4,,,,,,,,,,,,,,,,,,,,,nice,lorient
F1,22/02/2026,19:45,Strasbourg,Lyon,3,1,H,1,0,H,13,4,7,2,11,12,4,2,1,2,0,0,2.3,3.6,2.9,2.37,3.5,2.8,,,,,,,,,,,,,2.4,3.6,2.9,2.34,3.47,2.85,1.8,2.0,,,1.8,2.05,1.76,1.99,-0.25,2.03,1.83,,,2.06,1.83,2.0,1.77,2.2,3.5,3.2,2.3,3.4,3.0,,,,,,,,,,,,,2.35,3.55,3.2,2.27,3.45,3.01,1.8,2.0,,,1.83,2.08,1.75,2.0,-0.25,1.93,1.93,,,2.0,1.93,1.94,1.83,Unknown,1,2,3,,,,,,,2.46,3.6,3.05,1.81,2.1,2.12,1.86,,,,,,,2.3,3.7,3.3,1.86,2.12,2.06,1.93,2.38,3.4,2.88,2.4,3.55,2.85,2.25,3.4,2.88,,,,,,,2.3,3.4,3.0,2.35,3.55,2.9,2.25,3.5,3.0,2.3,3.4,3.0,2.3,3.4,3.0,,,,,,,,,,,,,,,strasbourg,lyon
F1,27/02/2026,19:45,Strasbourg,Lens,1,1,D,1,0,H,8,25,5,5,9,8,2,8,2,2,0,0,2.2,3.6,3.1,2.2,3.6,3.0,,,,,,,,,,,,,2.32,3.66,3.1,2.23,3.54,2.99,1.62,2.3,,,1.68,2.4,1.62,2.22,-0.25,1.93,1.93,,,1.98,1.93,1.94,1.83,2.2,3.6,3.1,2.2,3.5,3.1,,,,,,,,,,,,,2.28,3.65,3.1,2.23,3.5,3.04,1.73,2.1,,,1.75,2.1,1.7,2.08,-0.25,1.95,1.9,,,1.97,1.9,1.93,1.83,Unknown,2,2,4,,,,,,,2.36,3.75,3.2,1.66,2.46,2.04,1.94,,,,,,,2.32,3.8,3.2,1.8,2.22,2.01,1.96,2.2,3.5,3.0,2.32,3.6,2.95,2.25,3.5,3.0,,,,,,,2.25,3.4,3.0,2.28,3.65,2.95,2.25,3.4,3.1,,,,,,,,,,,,,,,,,,,,,strasbourg,lens
F1,28/02/2026,16:00,Rennes,Toulouse,1,0,H,1,0,H,10,9,2,2,9,13,6,1,1,3,0,0,1.95,3.5,3.7,2.0,3.5,3.6,,,,,,,,,,,,,2.02,3.6,3.8,1.98,3.45,3.64,1.88,1.98,,,1.91,1.98,1.83,1.9,-0.5,1.98,1.88,,,1.98,1.88,1.92,1.8,1.95,3.6,3.7,1.95,3.6,3.75,,,,,,,,,,,,,2.02,3.7,3.8,1.97,3.51,3.67,1.83,2.03,,,1.83,2.03,1.78,1.97,-0.5,1.95,1.9,,,1.96,1.9,1.92,1.81,Unknown,1,3,4,,,,,,,2.04,3.65,3.9,1.92,2.0,2.05,1.9,,,,,,,2.06,3.65,4.0,1.92,2.06,2.08,1.92,2.0,3.4,3.6,2.02,3.6,3.6,1.93,3.4,3.6,,,,,,,2.0,3.5,3.5,2.02,3.5,3.65,2.0,3.6,3.6,1.95,3.6,3.75,1.95,3.5,3.7,,,,,,,,,,,,,,,rennes,toulouse
F1,28/02/2026,18:00,Monaco,Angers,2,0,H,0,0,D,10,6,4,2,9,10,5,2,0,3,0,0,1.5,4.33,6.5,1.52,4.6,5.75,,,,,,,,,,,,,1.52,4.7,6.5,1.49,4.38,5.96,1.73,2.1,,,1.73,2.23,1.66,2.13,-1.0,1.83,2.03,,,1.83,2.04,1.79,1.98,1.42,4.75,7.0,1.44,4.8,6.25,,,,,,,,,,,,,1.44,4.8,7.5,1.41,4.71,7.02,1.57,2.38,,,1.62,2.4,1.58,2.28,-1.25,1.95,1.9,,,1.95,1.94,1.89,1.88,Unknown,0,3,3,,,,,,,1.54,4.7,6.8,1.75,2.26,1.86,2.08,,,,,,,1.47,5.0,8.0,1.65,2.5,1.99,1.98,1.5,4.2,6.0,1.48,4.7,6.1,1.45,4.33,6.0,,,,,,,1.4,4.6,7.0,1.41,4.8,7.5,1.4,4.75,7.5,1.44,4.8,6.5,1.44,4.8,6.5,,,,,,,,,,,,,,,monaco,angers
F1,28/02/2026,20:05,Le Havre,Paris SG,0,1,A,0,1,A,10,22,2,9,12,10,3,3,3,0,0,0,8.0,6.25,1.3,8.5,5.75,1.31,,,,,,,,,,,,,10.0,6.25,1.31,9.19,5.79,1.27,1.44,2.75,,,1.45,2.8,1.41,2.73,1.75,1.83,2.03,,,1.88,2.03,1.83,1.94,8.5,5.75,1.3,8.5,5.5,1.33,,,,,,,,,,,,,10.0,6.0,1.33,9.38,5.61,1.28,1.57,2.38,,,1.57,2.55,1.51,2.45,1.5,2.0,1.85,,,2.0,1.85,1.93,1.81,Unknown,3,0,3,,,,,,,10.5,6.8,1.3,1.48,2.9,1.88,2.04,,,,,,,11.0,6.2,1.32,1.59,2.62,2.07,1.89,9.5,5.5,1.29,10.0,6.1,1.27,9.5,5.5,1.25,,,,,,,10.0,5.5,1.25,10.0,6.0,1.28,10.0,5.5,1.29,,,,,,,,,,,,,,,,,,,,,le havre,paris sg
F1,01/03/2026,14:00,Paris FC,Nice,1,0,H,1,0,H,16,11,6,3,7,8,8,6,6,3,1,0,2.4,3.4,2.9,2.37,3.4,2.9,,,,,,,,,,,,,2.4,3.45,3.0,2.36,3.34,2.89,1.93,1.93,,,1.93,1.95,1.86,1.87,-0.25,2.05,1.8,,,2.05,1.8,2.02,1.76,2.4,3.5,2.88,2.45,3.3,2.85,,,,,,,,,,,,,2.5,3.5,3.0,2.43,3.35,2.83,1.8,2.0,,,1.85,2.0,1.8,1.94,0.0,1.73,2.08,,,1.8,2.1,1.73,2.03,Unknown,8,3,11,,,,,,,2.54,3.4,3.0,1.99,1.96,2.18,1.8,,,,,,,2.56,3.5,3.05,1.9,2.08,1.82,2.18,2.38,3.3,2.88,2.4,3.45,2.9,2.3,3.3,2.88,2.37,3.4,2.9,2.37,3.4,2.87,2.4,3.3,2.8,2.5,3.3,2.8,2.4,3.5,2.8,,,,,,,,,,,,,,,,,,,,,paris,nice
F1,01/03/2026,16:15,Lille,Nantes,1,0,H,0,0,D,9,3,3,1,11,15,4,1,3,1,0,0,1.45,4.5,7.0,1.47,4.5,6.5,,,,,,,,,,,,,1.48,4.75,7.5,1.45,4.34,6.79,1.8,2.0,,,1.8,2.05,1.74,2.01,-1.25,2.05,1.8,,,2.05,1.8,2.0,1.78,1.5,4.2,6.5,1.5,4.33,6.25,,,,,,,,,,,,,1.52,4.33,7.0,1.49,4.16,6.58,1.93,1.93,,,1.93,1.98,1.84,1.9,-1.0,1.83,2.03,,,1.85,2.03,1.8,1.97,Unknown,3,1,4,,,,,,,1.53,4.5,7.2,1.81,2.1,2.12,1.8,,,,,,,1.56,4.4,7.2,2.0,1.98,1.93,2.04,1.44,4.2,7.0,1.46,4.25,7.5,1.44,4.2,6.5,1.48,4.5,6.5,1.48,4.5,6.5,1.5,4.0,6.5,1.5,4.3,6.5,1.45,4.33,7.0,,,,,,,,,,,,,,,,,,,,,lille,nantes
F1,01/03/2026,16:15,Lorient,Auxerre,2,2,D,2,2,D,15,10,5,3,11,10,3,7,1,3,0,0,2.05,3.25,3.9,2.05,3.3,3.8,,,,,,,,,,,,,2.1,3.3,3.9,2.03,3.22,3.73,2.2,1.67,,,2.25,1.67,2.19,1.63,-0.5,2.03,1.83,,,2.03,1.83,1.97,1.76,2.1,3.25,3.75,2.1,3.25,3.6,,,,,,,,,,,,,2.1,3.3,4.0,2.07,3.22,3.71,2.2,1.67,,,2.3,1.67,2.22,1.63,-0.25,1.8,2.05,,,1.8,2.05,1.76,2.02,Unknown,1,3,4,,,,,,,2.08,3.4,4.1,2.36,1.69,2.08,1.87,,,,,,,2.18,3.3,4.1,2.38,1.7,1.84,2.16,2.05,3.2,3.6,2.08,3.3,3.75,1.95,3.2,3.7,2.05,3.3,3.8,2.0,3.25,3.8,2.05,3.2,3.6,2.1,3.2,3.85,2.05,3.3,3.7,,,,,,,,,,,,,,,,,,,,,lorient,auxerre
F1,01/03/2026,16:15,Metz,Brest,0,1,A,0,0,D,24,6,6,1,14,11,12,4,2,1,0,1,3.6,3.4,2.1,3.4,3.4,2.1,,,,,,,,,,,,,3.6,3.45,2.15,3.38,3.35,2.09,1.98,1.88,,,1.98,1.91,1.9,1.84,0.25,2.03,1.83,,,2.03,1.84,1.95,1.82,3.8,3.4,2.0,3.5,3.3,2.1,,,,,,,,,,,,,3.8,3.4,2.14,3.57,3.34,2.07,2.05,1.8,,,2.05,1.8,1.97,1.79,0.25,2.05,1.75,,,2.08,1.83,2.01,1.76,Unknown,2,3,5,,,,,,,3.8,3.45,2.18,2.02,1.91,2.1,1.87,,,,,,,3.9,3.5,2.16,2.14,1.84,2.15,1.85,3.4,3.3,2.1,3.3,3.45,2.15,3.3,3.3,2.05,3.4,3.4,2.1,3.4,3.4,2.1,3.5,3.3,2.05,3.6,3.35,2.1,3.6,3.4,2.05,,,,,,,,,,,,,,,,,,,,,metz,brest
F1,01/03/2026,19:45,Marseille,Lyon,3,2,H,0,1,A,18,12,7,6,16,8,8,1,3,2,0,0,1.95,3.6,3.8,1.98,3.75,3.5,,,,,,,,,,,,,2.0,3.8,3.85,1.93,3.65,3.61,1.67,2.2,,,1.67,2.2,1.66,2.13,-0.5,1.95,1.9,,,1.95,1.9,1.89,1.83,1.91,3.75,3.75,1.95,3.6,3.75,,,,,,,,,,,,,1.95,3.75,3.8,1.92,3.62,3.74,1.8,2.0,,,1.83,2.1,1.75,2.01,-0.5,1.93,1.93,,,1.93,1.93,1.86,1.86,Unknown,3,2,5,,,,,,,2.0,3.8,3.9,1.72,2.24,2.0,1.96,,,,,,,2.02,3.85,4.0,1.86,2.14,2.0,1.98,1.91,3.6,3.75,1.92,3.7,3.85,1.9,3.6,3.5,1.95,3.75,3.5,1.95,3.7,3.5,1.91,3.5,3.75,1.94,3.65,3.75,1.91,3.7,3.75,,,,,,,,,,,,,,,,,,,,,marseille,lyon
F1,06/03/2026,19:45,Paris SG,Monaco,1,3,A,0,1,A,20,11,6,6,12,6,7,3,1,3,0,0,1.36,5.5,7.0,1.36,5.75,6.75,,,,,,,,,,,,,1.38,5.75,8.0,1.34,5.55,7.27,1.33,3.4,,,1.35,3.6,1.32,3.26,-1.5,1.93,1.93,,,1.93,1.93,1.85,1.87,1.38,5.25,7.0,1.39,5.75,6.5,,,,,,,,,,,,,1.4,5.75,8.0,1.35,5.42,7.15,1.36,3.2,,,1.36,3.4,1.33,3.17,-1.5,2.0,1.85,,,2.0,1.9,1.89,1.83,Unknown,1,3,4,,,,,,,1.38,6.0,8.4,1.37,3.6,1.98,1.96,,,,,,,1.4,6.0,8.2,1.37,3.6,2.01,1.96,1.33,5.5,7.0,1.34,5.6,8.0,1.33,5.75,7.5,,,,,,,1.33,5.5,7.0,1.34,5.6,8.0,1.36,5.25,7.5,1.4,5.75,6.5,1.4,5.5,6.5,,,,,,,,,,,,,,,paris sg,monaco
F1,07/03/2026,16:00,Nantes,Angers,0,1,A,0,0,D,13,11,3,4,14,19,3,4,1,1,0,0,2.2,3.0,3.6,2.2,3.2,3.4,,,,,,,,,,,,,2.25,3.25,3.6,2.17,3.15,3.42,2.38,1.57,,,2.38,1.62,2.27,1.58,-0.25,1.88,1.98,,,1.92,1.98,1.85,1.91,2.2,2.9,3.75,2.2,3.0,3.7,,,,,,,,,,,,,2.28,3.1,3.75,2.2,2.99,3.63,2.75,1.44,,,2.75,1.5,2.58,1.47,-0.25,1.85,2.0,,,1.9,2.0,1.85,1.92,Unknown,1,1,2,,,,,,,2.26,3.3,3.8,2.46,1.63,1.92,2.04,,,,,,,2.32,3.15,3.9,2.82,1.53,1.95,2.03,2.15,3.1,3.5,2.25,3.25,3.3,2.15,3.1,3.3,,,,,,,2.2,3.0,3.5,2.28,2.95,3.65,2.15,3.1,3.7,2.2,3.0,3.7,2.2,3.0,3.6,,,,,,,,,,,,,,,nantes,angers
F1,07/03/2026,18:00,Auxerre,Strasbourg,0,0,D,0,0,D,10,13,4,5,10,11,5,4,1,2,0,0,3.6,3.3,2.1,3.4,3.4,2.1,,,,,,,,,,,,,3.75,3.45,2.14,3.51,3.32,2.07,2.0,1.8,,,2.0,1.83,1.94,1.8,0.25,2.05,1.8,,,2.05,1.82,1.99,1.78,3.4,3.2,2.25,3.25,3.4,2.2,,,,,,,,,,,,,3.6,3.4,2.28,3.37,3.3,2.16,2.0,1.8,,,2.05,1.83,1.98,1.77,0.25,1.95,1.9,,,2.02,1.9,1.94,1.84,Unknown,1,2,3,,,,,,,3.9,3.55,2.14,2.06,1.9,2.16,1.84,,,,,,,3.65,3.5,2.22,2.1,1.89,2.06,1.92,3.5,3.4,2.05,3.4,3.45,2.12,3.4,3.3,2.05,,,,,,,3.3,3.4,2.1,3.6,3.35,2.1,3.3,3.4,2.15,,,,,,,,,,,,,,,,,,,,,auxerre,strasbourg
F1,07/03/2026,20:05,Toulouse,Marseille,0,1,A,0,1,A,12,10,2,3,15,14,4,2,2,3,0,0,2.9,3.5,2.35,2.9,3.5,2.3,,,,,,,,,,,,,3.15,3.6,2.38,2.93,3.46,2.28,1.91,1.91,,,1.91,1.97,1.81,1.93,0.25,1.83,2.03,,,1.9,2.03,1.83,1.94,2.9,3.4,2.1,3.1,3.5,2.2,,,,,,,,,,,,,3.3,3.7,2.2,3.13,3.53,2.15,1.73,2.1,,,1.75,2.14,1.7,2.07,0.25,1.93,1.93,,,1.98,1.93,1.91,1.85,Unknown,2,3,5,,,,,,,3.15,3.6,2.38,1.89,2.08,1.9,2.05,,,,,,,3.45,3.65,2.24,1.81,2.2,2.04,1.95,2.88,3.4,2.3,3.15,3.55,2.2,2.88,3.4,2.25,,,,,,,3.0,3.6,2.15,3.3,3.7,2.1,3.13,3.6,2.15,,,,,,,,,,,,,,,,,,,,,toulouse,marseille
F1,08/03/2026,14:00,Lens,Metz,3,0,H,1,0,H,24,5,7,0,12,17,6,4,0,3,0,0,1.27,5.75,11.0,1.27,6.0,9.75,,,,,,,,,,,,,1.29,6.0,11.0,1.26,5.74,9.96,1.5,2.63,,,1.5,2.63,1.47,2.58,-1.75,1.98,1.88,,,2.02,1.88,1.94,1.82,1.27,5.75,10.0,1.28,6.5,9.0,,,,,,,,,,,,,1.29,6.5,11.0,1.26,6.0,10.0,1.44,2.75,,,1.45,3.0,1.42,2.74,-1.75,1.98,1.88,,,1.98,1.9,1.9,1.86,Unknown,0,3,3,,,,,,,1.29,6.6,12.5,1.47,2.72,1.99,1.92,,,,,,,1.29,6.8,12.0,1.48,3.0,2.04,1.94,1.25,5.5,10.0,1.29,5.6,10.0,1.22,5.75,10.0,,,,,,,1.25,6.0,10.0,1.25,6.1,11.0,1.25,6.0,10.5,,,,,,,,,,,,,,,,,,,,,lens,metz
F1,08/03/2026,16:15,Brest,Le Havre,2,0,H,1,0,H,11,14,2,0,15,17,1,3,3,1,0,0,1.91,3.5,4.1,1.93,3.5,4.0,,,,,,,,,,,,,1.93,3.65,4.2,1.86,3.46,3.97,2.0,1.8,,,2.0,1.83,1.97,1.77,-0.5,1.93,1.93,,,1.93,1.95,1.84,1.89,1.9,3.4,4.33,1.88,3.4,4.33,,,,,,,,,,,,,1.95,3.4,4.33,1.9,3.36,4.18,2.3,1.62,,,2.3,1.72,2.16,1.66,-0.5,1.88,1.98,,,1.93,1.98,1.85,1.87,Unknown,3,1,4,,,,,,,1.94,3.6,4.4,2.1,1.84,1.94,1.98,,,,,,,1.95,3.6,4.6,2.34,1.71,1.94,2.05,1.83,3.5,4.0,1.86,3.65,4.1,1.87,3.3,3.9,1.83,3.3,3.7,1.85,3.25,3.7,1.9,3.3,4.2,1.93,3.4,4.1,1.9,3.4,4.2,,,,,,,,,,,,,,,,,,,,,brest,le havre
F1,08/03/2026,16:15,Lille,Lorient,1,1,D,0,0,D,12,9,2,5,14,13,5,1,4,1,0,0,1.55,4.1,6.0,1.6,4.0,5.5,,,,,,,,,,,,,1.6,4.2,6.33,1.55,4.0,5.74,1.9,1.95,,,1.91,2.0,1.82,1.91,-1.0,1.98,1.88,,,1.98,1.88,1.93,1.84,1.53,4.1,6.0,1.53,4.2,6.0,,,,,,,,,,,,,1.6,4.35,6.5,1.52,4.12,6.15,1.93,1.93,,,1.93,1.94,1.85,1.89,-1.0,1.93,1.93,,,2.0,1.97,1.88,1.88,Unknown,4,1,5,,,,,,,1.62,4.2,6.4,1.92,2.0,2.04,1.9,,,,,,,1.59,4.3,6.8,2.02,1.98,2.02,1.96,1.57,4.0,5.5,1.56,4.2,5.8,1.5,3.9,5.75,1.6,4.0,5.5,1.6,4.0,5.5,1.5,4.0,6.5,1.5,4.35,6.4,1.5,4.1,6.5,,,,,,,,,,,,,,,,,,,,,lille,lorient
F1,08/03/2026,16:15,Nice,Rennes,0,4,A,0,2,A,14,12,2,6,9,8,7,1,2,1,0,0,2.88,3.5,2.35,2.75,3.6,2.4,,,,,,,,,,,,,2.95,3.75,2.45,2.74,3.56,2.36,1.67,2.2,,,1.67,2.25,1.63,2.18,0.25,1.8,2.05,,,1.8,2.1,1.73,2.04,2.7,3.4,2.55,2.6,3.6,2.55,,,,,,,,,,,,,2.7,3.6,2.62,2.61,3.46,2.56,1.73,2.1,,,1.73,2.2,1.66,2.14,0.0,1.95,1.9,,,1.95,1.9,1.89,1.86,Unknown,2,1,3,,,,,,,2.9,3.65,2.54,1.68,2.34,1.8,2.2,,,,,,,2.8,3.65,2.68,1.75,2.28,2.03,1.95,2.75,3.75,2.3,2.75,3.6,2.45,2.7,3.5,2.3,2.75,3.6,2.4,2.75,3.5,2.4,2.5,3.5,2.6,2.65,3.6,2.5,2.63,3.4,2.6,,,,,,,,,,,,,,,,,,,,,nice,rennes
F1,08/03/2026,19:45,Lyon,Paris FC,1,1,D,0,0,D,14,14,4,4,7,9,8,2,2,0,0,0,1.67,3.8,5.25,1.66,4.0,4.8,,,,,,,,,,,,,1.7,4.0,5.4,1.64,3.86,4.97,1.8,2.0,,,1.83,2.0,1.79,1.95,-0.75,1.88,1.98,,,1.88,2.05,1.8,1.96,1.9,3.4,4.5,1.83,3.5,4.33,,,,,,,,,,,,,1.91,4.0,5.6,1.82,3.48,4.45,2.2,1.67,,,2.2,1.86,2.03,1.73,-0.5,1.88,1.98,,,1.88,2.15,1.77,1.99,Unknown,2,0,2,,,,,,,1.71,4.0,5.4,1.87,2.06,1.9,2.04,,,,,,,1.98,3.55,4.6,2.22,1.79,1.98,2.01,1.67,3.75,5.0,1.62,4.0,5.4,1.65,3.7,4.75,1.67,4.0,4.8,1.67,3.9,4.8,1.8,3.5,4.33,1.85,3.45,4.5,1.87,3.5,4.2,,,,,,,,,,,,,,,,,,,,,lyon,paris
F1,13/03/2026,19:45,Marseille,Auxerre,1,0,H,0,0,D,16,8,3,3,12,17,9,2,4,2,0,0,1.42,5.0,6.5,1.44,4.8,6.25,,,,,,,,,,,,,1.45,5.0,7.5,1.41,4.76,6.79,1.57,2.38,,,1.6,2.4,1.56,2.33,-1.25,1.93,1.93,,,1.93,1.93,1.89,1.88,1.44,4.5,7.0,1.44,4.75,6.5,,,,,,,,,,,,,1.45,4.75,7.5,1.42,4.53,7.11,1.73,2.1,,,1.8,2.12,1.72,2.06,-1.25,2.0,1.85,,,2.0,1.89,1.94,1.83,Unknown,4,2,6,,,,,,,1.46,5.2,8.0,1.65,2.5,1.98,1.98,,,,,,,1.46,4.9,8.8,1.8,2.22,2.04,1.94,1.4,4.5,7.0,1.38,4.8,7.0,1.4,4.8,7.5,1.44,4.8,6.5,1.44,4.8,6.0,1.4,4.5,7.5,1.4,4.5,7.5,1.4,4.6,7.5,,,,,,,,,,,,,,,,,,,,,marseille,auxerre
F1,14/03/2026,16:00,Lorient,Lens,2,1,H,1,0,H,6,20,3,6,6,11,1,10,2,3,0,0,4.2,3.7,1.85,3.9,3.7,1.9,,,,,,,,,,,,,4.25,3.7,1.9,4.04,3.6,1.84,1.8,2.0,,,1.83,2.0,1.79,1.96,0.5,2.0,1.85,,,2.0,1.85,1.92,1.79,5.25,3.9,1.65,5.0,3.8,1.68,,,,,,,,,,,,,5.33,4.2,1.7,4.98,3.92,1.65,1.73,2.1,,,1.75,2.1,1.73,2.04,0.75,2.0,1.85,,,2.05,2.08,1.9,1.88,Unknown,2,3,5,,,,,,,4.5,3.8,1.89,1.86,2.02,2.09,1.89,,,,,,,5.5,4.1,1.73,1.82,2.2,2.05,1.93,4.0,3.6,1.83,4.1,3.6,1.81,4.0,3.5,1.8,,,,,,,4.6,4.0,1.67,5.2,3.95,1.6,5.0,3.9,1.65,,,,,,,,,,,,,,,,,,,,,lorient,lens
F1,14/03/2026,18:00,Angers,Nice,0,2,A,0,0,D,11,12,1,8,10,13,7,6,1,3,0,0,2.9,3.3,2.5,2.95,3.3,2.4,,,,,,,,,,,,,3.14,3.3,2.5,2.98,3.16,2.39,2.0,1.8,,,2.05,1.8,2.0,1.75,0.25,1.73,2.08,,,1.84,2.08,1.76,2.0,3.25,3.1,2.38,3.2,3.0,2.4,,,,,,,,,,,,,3.33,3.13,2.4,3.19,3.07,2.35,2.3,1.62,,,2.33,1.67,2.25,1.61,0.25,1.83,2.03,,,1.84,2.03,1.81,1.97,Unknown,1,3,4,,,,,,,3.15,3.3,2.6,2.12,1.84,1.81,2.2,,,,,,,3.45,3.2,2.48,2.42,1.68,1.9,2.09,3.0,3.2,2.38,3.1,3.2,2.28,2.8,3.2,2.38,,,,,,,3.0,3.1,2.38,3.25,3.1,2.28,3.2,3.13,2.38,,,,,,,,,,,,,,,,,,,,,angers,nice
F1,14/03/2026,20:05,Monaco,Brest,2,0,H,1,0,H,10,13,4,1,9,8,3,8,2,1,0,0,1.67,4.2,4.5,1.68,4.1,4.6,,,,,,,,,,,,,1.7,4.2,5.0,1.64,4.03,4.67,1.62,2.3,,,1.65,2.3,1.61,2.22,-0.75,1.85,2.0,,,1.85,2.02,1.79,1.98,1.57,4.1,5.5,1.62,4.2,5.0,,,,,,,,,,,,,1.62,4.2,5.5,1.58,4.14,5.23,1.67,2.2,,,1.67,2.3,1.62,2.2,-1.0,2.0,1.85,,,2.07,1.85,1.99,1.79,Unknown,2,1,3,,,,,,,1.72,4.3,5.1,1.68,2.38,1.9,2.08,,,,,,,1.64,4.3,6.2,1.73,2.34,2.11,1.89,1.67,4.0,4.6,1.61,4.1,4.8,1.62,3.9,4.6,1.67,4.2,4.6,1.67,4.0,4.6,1.57,4.2,5.0,1.56,4.1,5.2,1.57,4.2,5.5,1.61,4.2,5.0,1.61,4.2,5.0,,,,,,,,,,,,,,,monaco,brest
F1,15/03/2026,14:00,Strasbourg,Paris FC,0,0,D,0,0,D,12,11,3,2,11,17,12,4,1,0,0,0,1.75,3.7,4.75,1.75,3.9,4.4,,,,,,,,,,,,,1.78,4.0,4.75,1.73,3.75,4.39,1.83,2.03,,,1.83,2.03,1.77,1.98,-0.75,2.0,1.85,,,2.0,1.9,1.94,1.83,1.7,3.9,5.0,1.66,4.0,4.8,,,,,,,,,,,,,1.7,4.2,5.0,1.65,3.93,4.88,1.73,2.1,,,1.73,2.2,1.71,2.07,-0.75,1.88,1.98,,,1.95,2.05,1.85,1.92,Unknown,1,0,1,,,,,,,1.79,3.95,4.8,1.81,2.06,2.03,1.89,,,,,,,1.72,4.2,5.4,1.79,2.24,1.9,2.07,1.73,3.75,4.2,1.71,3.7,4.5,1.73,3.6,4.33,,,,,,,1.67,3.75,5.0,1.63,3.9,4.9,1.67,4.0,4.8,,,,,,,,,,,,,,,,,,,,,strasbourg,paris
F1,15/03/2026,16:15,Le Havre,Lyon,0,0,D,0,0,D,12,13,4,4,7,16,2,2,1,3,1,0,3.75,3.4,2.0,3.6,3.4,2.05,,,,,,,,,,,,,3.85,3.5,2.05,3.67,3.37,1.99,2.1,1.73,,,2.1,1.75,2.04,1.72,0.5,1.8,2.05,,,1.8,2.05,1.77,1.94,3.4,3.3,2.15,3.4,3.3,2.15,,,,,,,,,,,,,3.6,3.4,2.2,3.44,3.33,2.11,2.1,1.73,,,2.1,1.8,2.02,1.74,0.25,2.0,1.85,,,2.18,1.85,2.01,1.78,Unknown,3,3,6,,,,,,,3.95,3.45,2.14,2.18,1.79,1.84,2.14,,,,,,,3.75,3.45,2.22,2.14,1.83,2.09,1.9,3.6,3.4,2.0,3.85,3.35,1.93,3.5,3.25,2.0,3.6,3.4,2.05,3.6,3.4,2.05,3.3,3.4,2.1,3.6,3.3,2.02,3.5,3.4,2.1,,,,,,,,,,,,,,,,,,,,,le havre,lyon
F1,15/03/2026,16:15,Metz,Toulouse,3,4,A,2,3,A,17,19,8,6,10,13,4,4,0,3,0,0,4.0,3.4,1.95,3.9,3.3,2.0,,,,,,,,,,,,,4.0,3.4,2.0,3.84,3.3,1.97,2.2,1.67,,,2.2,1.67,2.13,1.66,0.5,1.88,1.98,,,1.88,1.98,1.79,1.92,4.0,3.4,1.95,3.9,3.4,1.98,,,,,,,,,,,,,4.0,3.4,2.0,3.92,3.36,1.96,2.2,1.67,,,2.2,1.73,2.14,1.67,0.5,1.88,1.98,,,1.88,1.98,1.81,1.91,Unknown,0,3,3,,,,,,,4.3,3.5,2.02,2.24,1.73,1.92,2.02,,,,,,,4.3,3.55,2.04,2.26,1.76,1.94,2.04,3.75,3.3,2.0,3.8,3.3,1.96,3.8,3.25,1.93,3.9,3.3,2.0,3.9,3.25,2.0,3.75,3.4,1.95,3.95,3.25,1.94,3.9,3.4,1.95,,,,,,,,,,,,,,,,,,,,,metz,toulouse
F1,15/03/2026,19:45,Rennes,Lille,1,2,A,0,1,A,12,8,4,3,16,7,5,2,2,5,0,0,2.2,3.4,3.25,2.25,3.4,3.2,,,,,,,,,,,,,2.25,3.4,3.33,2.22,3.34,3.12,1.8,2.0,,,1.86,2.0,1.79,1.95,-0.25,1.93,1.93,,,1.93,1.93,1.88,1.88,2.2,3.3,3.4,2.2,3.25,3.3,,,,,,,,,,,,,2.25,3.4,3.4,2.19,3.26,3.3,1.91,1.91,,,2.05,1.91,1.95,1.8,-0.25,1.93,1.93,,,1.93,1.93,1.88,1.88,Unknown,2,5,7,,,,,,,2.3,3.45,3.45,1.9,2.02,1.97,1.98,,,,,,,2.32,3.55,3.4,2.06,1.92,2.01,1.98,2.25,3.4,3.0,2.25,3.3,3.05,2.15,3.4,3.0,,,,,,,2.2,3.3,3.2,2.15,3.2,3.35,2.2,3.2,3.4,2.2,3.25,3.3,2.2,3.25,3.3,,,,,,,,,,,,,,,rennes,lille
F1,20/03/2026,19:45,Lens,Angers,5,1,H,3,0,H,26,16,9,5,7,5,7,3,0,0,0,0,1.22,6.5,12.0,1.25,6.25,11.0,,,,,,,,,,,,,1.25,6.5,13.0,1.22,6.29,12.02,1.53,2.5,,,1.55,2.6,1.51,2.45,-1.75,1.83,2.03,,,2.14,2.03,1.9,1.89,1.2,6.5,12.0,1.22,7.0,12.0,,,,,,,,,,,,,1.23,7.0,15.0,1.2,6.54,13.04,1.5,2.63,,,1.5,2.7,1.46,2.6,-2.0,2.0,1.85,,,2.6,1.85,2.15,1.71,Unknown,0,0,0,,,,,,,1.26,7.0,14.5,1.58,2.68,1.88,2.05,,,,,,,1.24,7.4,15.5,1.54,2.8,2.1,1.87,1.22,6.0,12.0,1.2,6.25,13.0,1.2,6.5,13.0,,,,,,,1.2,6.0,13.0,1.17,6.5,14.0,1.18,7.0,15.0,,,,,,,,,,,,,,,,,,,,,lens,angers
F1,21/03/2026,16:00,Toulouse,Lorient,1,0,H,0,0,D,12,7,4,2,9,10,1,4,2,3,0,0,1.95,3.1,4.5,2.0,3.1,4.1,,,,,,,,,,,,,2.05,3.3,4.5,1.95,3.15,4.16,2.1,1.73,,,2.2,1.73,2.12,1.67,-0.5,1.98,1.88,,,1.98,1.88,1.91,1.81,1.85,3.25,4.75,1.82,3.4,4.6,,,,,,,,,,,,,1.85,3.5,5.1,1.8,3.35,4.71,2.1,1.73,,,2.1,1.83,2.02,1.73,-0.5,1.85,2.0,,,1.85,2.0,1.76,1.96,Unknown,2,3,5,,,,,,,2.04,3.3,4.7,2.18,1.77,2.04,1.93,,,,,,,1.89,3.55,5.2,2.14,1.86,1.9,2.09,1.95,3.2,4.0,1.9,3.15,4.3,1.93,3.3,3.8,,,,,,,1.83,3.4,4.33,1.76,3.25,5.1,1.8,3.5,4.5,1.83,3.4,4.6,1.83,3.4,4.6,,,,,,,,,,,,,,,toulouse,lorient
F1,21/03/2026,18:00,Auxerre,Brest,3,0,H,1,0,H,11,9,7,2,10,14,6,3,0,4,1,0,2.38,3.1,3.25,2.35,3.25,3.1,,,,,,,,,,,,,2.38,3.25,3.25,2.3,3.18,3.13,2.2,1.67,,,2.25,1.7,2.16,1.65,-0.25,2.0,1.85,,,2.0,1.85,1.96,1.81,2.25,3.1,3.5,2.25,3.2,3.3,,,,,,,,,,,,,2.33,3.2,3.5,2.27,3.1,3.33,2.38,1.57,,,2.38,1.62,2.3,1.57,-0.25,1.93,1.93,,,1.98,1.93,1.91,1.85,Unknown,2,4,6,,,,,,,2.44,3.35,3.35,2.34,1.71,2.08,1.91,,,,,,,2.4,3.15,3.65,2.48,1.65,2.0,1.97,2.3,3.2,3.1,2.28,3.2,3.1,2.25,3.1,3.1,,,,,,,2.3,3.1,3.2,2.25,3.1,3.25,2.25,3.13,3.4,,,,,,,,,,,,,,,,,,,,,auxerre,brest
F1,21/03/2026,20:05,Nice,Paris SG,0,4,A,0,1,A,6,17,1,10,12,5,2,5,0,1,1,0,8.0,5.5,1.36,7.25,5.5,1.36,,,,,,,,,,,,,8.0,5.66,1.36,7.55,5.37,1.33,1.4,3.0,,,1.4,3.1,1.37,2.94,1.5,1.93,1.93,,,1.93,1.93,1.85,1.86,6.5,4.75,1.44,5.75,4.8,1.47,,,,,,,,,,,,,6.6,5.0,1.48,6.41,4.73,1.44,1.57,2.38,,,1.57,2.6,1.51,2.47,1.25,1.88,1.98,,,2.1,1.98,1.92,1.84,Unknown,2,1,3,,,,,,,8.8,6.0,1.36,1.44,3.05,1.95,1.94,,,,,,,7.4,5.0,1.48,1.6,2.62,1.92,2.04,8.0,5.5,1.3,7.0,5.3,1.34,7.5,5.25,1.3,,,,,,,6.5,4.6,1.44,6.5,4.7,1.42,6.5,4.75,1.44,,,,,,,,,,,,,,,,,,,,,nice,paris sg
F1,22/03/2026,14:00,Lyon,Monaco,1,2,A,1,0,H,15,21,4,7,11,19,2,6,1,3,1,0,2.75,3.5,2.5,2.65,3.6,2.5,,,,,,,,,,,,,2.8,3.6,2.5,2.7,3.49,2.42,1.73,2.1,,,1.73,2.12,1.69,2.09,0.0,2.05,1.8,,,2.05,1.8,1.98,1.77,2.63,3.5,2.55,2.65,3.5,2.5,,,,,,,,,,,,,2.71,3.6,2.6,2.62,3.52,2.51,1.67,2.2,,,1.67,2.3,1.64,2.19,0.0,1.93,1.93,,,1.96,1.93,1.9,1.85,Unknown,3,3,6,,,,,,,2.92,3.6,2.52,1.77,2.2,2.12,1.84,,,,,,,2.78,3.6,2.74,1.71,2.34,2.01,1.97,2.63,3.6,2.38,2.7,3.5,2.38,2.7,3.4,2.38,,,,,,,2.6,3.6,2.4,2.63,3.45,2.48,2.55,3.6,2.55,,,,,,,,,,,,,,,,,,,,,lyon,monaco
F1,22/03/2026,16:15,Marseille,Lille,1,2,A,1,0,H,14,11,3,4,8,6,6,4,1,3,0,0,1.91,3.75,3.8,1.9,3.7,3.8,,,,,,,,,,,,,1.95,3.75,3.8,1.91,3.64,3.69,1.8,2.0,,,1.8,2.1,1.74,2.01,-0.5,1.9,1.95,,,1.9,1.95,1.86,1.85,1.85,3.75,4.0,1.87,3.7,4.0,,,,,,,,,,,,,1.9,3.75,4.2,1.86,3.64,3.99,1.8,2.0,,,1.85,2.0,1.78,1.97,-0.5,1.88,1.98,,,1.88,1.98,1.81,1.9,Unknown,1,3,4,,,,,,,1.97,3.8,4.0,1.85,2.1,1.97,1.96,,,,,,,1.95,3.75,4.4,1.88,2.1,1.95,2.04,1.95,3.6,3.6,1.93,3.65,3.55,1.85,3.6,3.7,,,,,,,1.9,3.6,3.75,1.82,3.6,4.1,1.85,3.7,4.0,,,,,,,,,,,,,,,,,,,,,marseille,lille
F1,22/03/2026,16:15,Paris FC,Le Havre,3,2,H,2,0,H,15,20,4,6,9,13,9,5,0,1,1,0,2.0,3.3,4.0,2.0,3.2,4.1,,,,,,,,,,,,,2.05,3.3,4.33,1.99,3.19,3.94,2.1,1.73,,,2.15,1.75,2.06,1.7,-0.5,2.03,1.83,,,2.03,1.83,1.95,1.77,2.1,3.1,3.7,2.1,3.2,3.7,,,,,,,,,,,,,2.2,3.4,4.0,2.1,3.17,3.67,2.1,1.73,,,2.1,1.77,2.07,1.71,-0.25,1.83,2.03,,,1.83,2.17,1.76,2.02,Unknown,2,1,3,,,,,,,2.08,3.35,4.3,2.22,1.8,2.08,1.89,,,,,,,2.24,3.25,4.0,2.24,1.79,1.9,2.08,2.0,3.3,3.75,1.95,3.25,3.95,1.95,3.25,3.7,,,,,,,2.1,3.2,3.5,2.02,3.05,4.0,2.1,3.4,3.5,,,,,,,,,,,,,,,,,,,,,paris,le havre
F1,22/03/2026,16:15,Rennes,Metz,0,0,D,0,0,D,25,7,8,2,13,13,8,2,1,3,0,0,1.33,5.5,8.5,1.38,5.25,7.25,,,,,,,,,,,,,1.38,5.5,9.2,1.34,5.05,8.03,1.57,2.38,,,1.57,2.4,1.54,2.36,-1.5,2.0,1.85,,,2.0,1.85,1.94,1.78,1.3,5.75,9.5,1.3,5.75,9.0,,,,,,,,,,,,,1.32,6.0,10.0,1.29,5.58,9.16,1.53,2.5,,,1.57,2.5,1.52,2.43,-1.5,1.85,2.0,,,1.85,2.0,1.8,1.92,Unknown,1,3,4,,,,,,,1.37,5.8,9.4,1.6,2.52,2.03,1.89,,,,,,,1.32,6.2,11.0,1.59,2.64,1.93,2.05,1.33,5.0,8.0,1.33,5.1,8.0,1.3,5.0,8.0,,,,,,,1.29,5.5,9.5,1.28,5.5,8.5,1.29,5.5,10.0,,,,,,,,,,,,,,,,,,,,,rennes,metz
F1,22/03/2026,19:45,Nantes,Strasbourg,2,3,A,1,1,D,14,13,9,9,15,17,3,6,3,3,0,0,3.6,3.6,2.0,3.5,3.5,2.05,,,,,,,,,,,,,3.6,3.66,2.05,3.48,3.51,2.01,2.0,1.8,,,2.0,1.91,1.9,1.84,0.5,1.83,2.03,,,1.83,2.03,1.77,1.96,3.5,3.4,2.1,3.3,3.5,2.1,,,,,,,,,,,,,3.66,3.5,2.15,3.43,3.42,2.08,1.91,1.91,,,1.96,1.91,1.88,1.86,0.25,2.03,1.83,,,2.12,1.83,2.03,1.76,Unknown,3,3,6,,,,,,,3.8,3.7,2.1,2.04,1.89,1.88,2.1,,,,,,,3.8,3.6,2.16,2.02,1.95,2.13,1.86,3.4,3.5,2.05,3.5,3.6,1.96,3.5,3.3,2.0,,,,,,,3.25,3.5,2.1,3.4,3.45,2.02,3.4,3.5,2.1,,,,,,,,,,,,,,,,,,,,,nantes,strasbourg
F1,03/04/2026,19:45,Paris SG,Toulouse,3,1,H,2,1,H,17,5,7,1,4,13,5,2,0,1,0,0,1.25,6.25,11.0,1.26,6.75,9.5,,,,,,,,,,,,,1.26,6.75,11.5,1.24,6.17,10.65,1.44,2.75,,,1.45,2.88,1.42,2.74,-1.75,1.88,1.98,,,1.88,1.98,1.84,1.91,1.3,5.75,9.0,1.31,5.75,8.5,,,,,,,,,,,,,1.31,6.1,10.5,1.27,5.82,9.61,1.44,2.75,,,1.48,2.95,1.42,2.73,-1.5,1.83,2.03,,,1.83,2.1,1.72,2.03,Unknown,0,1,1,,,,,,,1.28,6.8,13.0,1.48,3.0,1.94,2.0,,,,,,,1.32,6.2,11.5,1.48,3.0,1.87,2.13,1.25,6.0,11.0,1.23,5.8,10.5,1.22,6.5,11.5,,,,,,,1.29,5.5,10.0,1.23,6.0,10.5,1.29,5.75,10.5,1.3,5.75,8.5,1.3,5.75,8.5,,,,,,,,,,,,,,,paris sg,toulouse
F1,04/04/2026,16:00,Strasbourg,Nice,3,1,H,3,0,H,16,8,6,3,7,15,4,10,0,2,0,0,1.85,3.7,4.1,1.85,3.75,4.0,,,,,,,,,,,,,1.85,3.75,4.5,1.81,3.67,4.1,1.73,2.1,,,1.73,2.15,1.69,2.09,-0.5,1.83,2.03,,,1.83,2.03,1.77,1.95,1.91,3.75,3.75,1.9,3.8,3.7,,,,,,,,,,,,,1.96,3.8,3.75,1.93,3.68,3.67,1.62,2.3,,,1.66,2.4,1.6,2.25,-0.5,1.93,1.93,,,1.96,1.93,1.88,1.84,Unknown,0,2,2,,,,,,,1.88,3.85,4.6,1.75,2.24,1.88,2.09,,,,,,,2.0,3.9,3.95,1.66,2.46,2.01,1.97,1.83,3.75,4.0,1.77,3.6,4.35,1.8,3.7,3.9,,,,,,,1.95,3.75,3.5,1.92,3.55,3.65,1.91,3.8,3.7,,,,,,,,,,,,,,,,,,,,,strasbourg,nice
F1,04/04/2026,18:00,Brest,Rennes,3,4,A,1,2,A,10,15,4,7,13,11,3,7,2,4,0,0,3.1,3.5,2.25,3.1,3.5,2.2,,,,,,,,,,,,,3.15,3.6,2.25,3.07,3.42,2.21,1.91,1.91,,,1.91,1.95,1.83,1.9,0.25,1.88,1.98,,,1.88,1.98,1.83,1.92,3.3,3.4,2.2,3.2,3.4,2.2,,,,,,,,,,,,,3.3,3.5,2.38,3.17,3.39,2.21,2.0,1.8,,,2.0,1.91,1.91,1.82,0.25,1.98,1.88,,,1.98,1.95,1.9,1.85,Unknown,2,4,6,,,,,,,3.2,3.6,2.38,1.92,2.02,1.93,2.06,,,,,,,3.5,3.55,2.3,2.04,1.94,1.98,1.98,3.1,3.5,2.2,3.05,3.4,2.2,3.0,3.3,2.2,,,,,,,3.1,3.5,2.2,3.05,3.35,2.23,3.3,3.4,2.15,,,,,,,,,,,,,,,,,,,,,brest,rennes
F1,04/04/2026,20:05,Lille,Lens,3,0,H,1,0,H,13,5,7,1,9,13,3,3,3,2,0,0,2.63,3.4,2.63,2.6,3.4,2.65,,,,,,,,,,,,,2.66,3.4,2.7,2.58,3.32,2.63,1.85,2.0,,,1.85,2.0,1.8,1.94,0.0,1.93,1.93,,,1.93,1.93,1.87,1.88,2.9,3.4,2.4,2.9,3.3,2.4,,,,,,,,,,,,,2.9,3.5,2.48,2.82,3.38,2.4,1.85,2.0,,,1.85,2.05,1.78,1.96,0.0,2.08,1.73,,,2.08,1.8,2.02,1.74,Unknown,3,2,5,,,,,,,2.76,3.5,2.76,1.87,2.06,1.97,1.97,,,,,,,3.0,3.5,2.58,1.87,2.12,2.15,1.84,2.6,3.4,2.63,2.55,3.25,2.65,2.55,3.3,2.55,,,,,,,2.75,3.5,2.4,2.88,3.3,2.35,2.8,3.5,2.4,2.9,3.4,2.4,2.87,3.3,2.4,,,,,,,,,,,,,,,lille,lens
F1,05/04/2026,14:00,Angers,Lyon,0,0,D,0,0,D,7,11,1,2,14,13,3,7,3,0,0,0,4.5,3.6,1.8,4.5,3.5,1.82,,,,,,,,,,,,,5.0,3.6,1.83,4.59,3.45,1.78,2.2,1.67,,,2.2,1.73,2.12,1.67,0.5,2.03,1.78,,,2.03,1.8,1.98,1.74,5.25,4.2,1.57,5.5,3.9,1.62,,,,,,,,,,,,,5.75,4.2,1.63,5.4,4.01,1.59,1.8,2.0,,,1.83,2.0,1.77,1.97,1.0,1.88,1.98,,,1.88,2.05,1.8,1.96,Unknown,3,0,3,,,,,,,5.2,3.6,1.83,2.18,1.8,2.15,1.83,,,,,,,6.0,4.3,1.65,1.87,2.12,1.89,2.08,4.6,3.5,1.8,4.7,3.45,1.75,4.5,3.4,1.75,,,,,,,5.5,4.0,1.6,5.3,3.95,1.58,5.75,4.1,1.55,,,,,,,,,,,,,,,,,,,,,angers,lyon
F1,05/04/2026,16:15,Le Havre,Auxerre,1,1,D,1,1,D,10,12,3,2,16,21,5,5,2,2,0,0,2.6,3.1,3.0,2.5,3.2,2.9,,,,,,,,,,,,,2.6,3.2,3.0,2.49,3.1,2.9,2.3,1.62,,,2.3,1.67,2.22,1.61,0.0,1.8,2.05,,,1.8,2.05,1.75,2.0,2.45,3.0,3.25,2.4,3.0,3.2,,,,,,,,,,,,,2.45,3.13,3.33,2.41,3.04,3.12,2.5,1.53,,,2.5,1.58,2.36,1.55,-0.25,2.1,1.78,,,2.1,1.81,2.01,1.76,Unknown,2,2,4,,,,,,,2.62,3.2,3.15,2.32,1.67,1.81,2.16,,,,,,,2.58,3.15,3.3,2.58,1.61,2.17,1.83,2.5,3.2,2.88,2.4,3.15,2.95,2.45,3.1,2.8,,,,,,,2.4,3.1,3.1,2.45,3.0,3.0,2.4,3.1,3.1,,,,,,,,,,,,,,,,,,,,,le havre,auxerre
F1,05/04/2026,16:15,Lorient,Paris FC,1,1,D,0,0,D,10,7,3,5,8,6,5,6,1,2,0,0,2.25,3.3,3.3,2.2,3.4,3.2,,,,,,,,,,,,,2.28,3.4,3.33,2.22,3.24,3.21,2.1,1.73,,,2.1,1.73,2.08,1.69,-0.25,1.95,1.9,,,1.95,1.9,1.89,1.85,2.38,3.3,3.0,2.37,3.3,3.0,,,,,,,,,,,,,2.4,3.3,3.2,2.36,3.21,3.05,2.1,1.73,,,2.1,1.8,2.05,1.72,-0.25,2.05,1.8,,,2.05,1.81,2.0,1.77,Unknown,1,2,3,,,,,,,2.32,3.45,3.35,2.16,1.79,1.99,1.94,,,,,,,2.54,3.35,3.2,2.16,1.84,2.16,1.85,2.25,3.3,3.2,2.23,3.15,3.25,2.2,3.2,3.1,,,,,,,2.38,3.3,3.0,2.35,3.1,3.05,2.4,3.13,3.1,,,,,,,,,,,,,,,,,,,,,lorient,paris
F1,05/04/2026,16:15,Metz,Nantes,0,0,D,0,0,D,19,6,5,2,14,10,6,3,2,1,0,1,2.8,3.3,2.55,2.9,3.3,2.4,,,,,,,,,,,,,3.0,3.3,2.55,2.87,3.22,2.43,2.2,1.67,,,2.2,1.73,2.13,1.67,0.0,2.03,1.83,,,2.03,1.83,1.99,1.75,2.8,3.4,2.55,2.85,3.25,2.5,,,,,,,,,,,,,2.88,3.4,2.55,2.81,3.27,2.48,2.1,1.73,,,2.1,1.75,2.04,1.72,0.0,2.03,1.83,,,2.05,1.83,1.99,1.78,Unknown,2,3,5,,,,,,,2.84,3.35,2.66,2.2,1.78,2.02,1.89,,,,,,,3.0,3.45,2.64,2.2,1.81,2.11,1.87,2.88,3.3,2.4,2.95,3.2,2.35,2.75,3.13,2.45,,,,,,,2.75,3.3,2.5,2.85,3.2,2.43,2.8,3.3,2.5,,,,,,,,,,,,,,,,,,,,,metz,nantes
F1,05/04/2026,19:45,Monaco,Marseille,2,1,H,0,0,D,7,19,3,9,14,9,0,8,2,2,0,0,2.15,3.75,3.1,2.15,3.7,3.1,,,,,,,,,,,,,2.18,3.75,3.2,2.14,3.62,3.06,1.57,2.38,,,1.57,2.5,1.53,2.41,-0.25,1.88,1.98,,,1.88,1.98,1.84,1.91,2.1,3.7,3.25,2.05,3.8,3.3,,,,,,,,,,,,,2.1,3.8,3.5,2.05,3.7,3.29,1.57,2.38,,,1.57,2.5,1.52,2.42,-0.25,1.83,2.03,,,1.83,2.08,1.78,1.99,Unknown,2,2,4,,,,,,,2.24,3.85,3.3,1.6,2.52,1.95,2.02,,,,,,,2.18,3.8,3.55,1.59,2.64,1.89,2.1,2.15,3.75,3.0,2.14,3.55,3.05,2.1,3.6,3.0,,,,,,,2.05,3.75,3.3,2.0,3.65,3.3,2.1,3.6,3.25,,,,,,,,,,,,,,,,,,,,,monaco,marseille
F1,10/04/2026,18:00,Paris FC,Monaco,4,1,H,3,1,H,12,19,6,5,5,6,1,11,1,0,0,0,3.9,3.8,1.9,3.7,3.75,1.9,,,,,,,,,,,,,3.9,3.9,1.95,3.7,3.75,1.9,1.62,2.3,,,1.65,2.3,1.61,2.25,0.5,1.95,1.9,,,1.95,1.93,1.87,1.85,3.8,3.75,1.91,3.7,3.75,1.9,,,,,,,,,,,,,4.0,3.75,1.95,3.75,3.7,1.89,1.67,2.2,,,1.67,2.3,1.62,2.21,0.5,1.95,1.9,,,1.95,1.9,1.88,1.83,Unknown,1,0,1,,,,,,,4.0,3.95,1.98,1.7,2.4,2.01,1.98,,,,,,,4.0,3.95,2.0,1.7,2.36,1.99,2.0,3.75,3.75,1.9,3.7,3.7,1.87,3.75,3.9,1.87,,,,,,,3.75,3.75,1.9,3.85,3.65,1.85,3.75,3.75,1.9,3.7,3.75,1.91,3.7,3.75,1.91,,,,,,,,,,,,,,,paris,monaco
F1,10/04/2026,20:05,Marseille,Metz,3,1,H,1,0,H,18,6,9,2,12,8,7,4,1,2,0,0,1.22,6.25,12.0,1.25,6.75,9.75,,,,,,,,,,,,,1.25,7.0,12.5,1.22,6.39,11.4,1.4,3.0,,,1.41,3.1,1.38,2.9,-1.75,1.78,2.03,,,1.81,2.03,1.78,1.96,1.25,6.5,9.5,1.28,6.75,8.5,,,,,,,,,,,,,1.28,7.0,11.5,1.23,6.48,10.0,1.3,3.5,,,1.33,3.6,1.3,3.37,-2.0,2.03,1.78,,,2.05,1.8,2.01,1.74,Unknown,1,2,3,,,,,,,1.24,7.6,14.0,1.43,3.25,1.89,2.08,,,,,,,1.27,7.2,12.5,1.34,3.8,2.19,1.81,1.22,6.5,11.0,1.18,6.5,12.5,1.22,6.5,11.5,,,,,,,1.25,6.0,10.0,1.18,7.0,11.5,1.22,6.5,11.0,1.28,6.5,8.5,1.28,6.5,8.5,,,,,,,,,,,,,,,marseille,metz
F1,11/04/2026,18:00,Auxerre,Nantes,0,0,D,0,0,D,5,13,0,4,20,15,3,2,0,4,0,0,2.0,3.3,4.0,2.1,3.2,3.75,,,,,,,,,,,,,2.1,3.33,4.1,1.99,3.25,3.86,2.3,1.62,,,2.35,1.62,2.26,1.6,-0.5,2.0,1.85,,,2.0,1.86,1.94,1.78,1.91,3.4,4.2,1.93,3.3,4.2,,,,,,,,,,,,,2.0,3.4,4.33,1.91,3.33,4.15,2.2,1.67,,,2.32,1.67,2.23,1.61,-0.5,1.93,1.93,,,1.93,1.93,1.85,1.86,Unknown,0,4,4,,,,,,,2.1,3.4,4.2,2.38,1.68,2.1,1.87,,,,,,,1.98,3.5,4.6,2.34,1.73,1.98,2.01,2.05,3.25,3.75,1.96,3.25,3.85,1.95,3.2,3.8,,,,,,,1.95,3.4,4.0,1.89,3.35,4.0,1.87,3.4,4.33,1.95,3.3,4.2,1.91,3.3,4.2,,,,,,,,,,,,,,,auxerre,nantes
F1,11/04/2026,20:05,Rennes,Angers,2,1,H,2,0,H,15,6,7,4,9,15,11,3,0,2,0,0,1.36,4.75,8.5,1.42,4.8,7.0,,,,,,,,,,,,,1.42,5.0,8.5,1.37,4.72,7.99,1.67,2.2,,,1.67,2.2,1.64,2.17,-1.25,1.85,2.0,,,1.85,2.0,1.74,1.93,1.36,4.75,8.5,1.36,5.25,8.0,,,,,,,,,,,,,1.4,5.25,9.5,1.34,5.01,8.65,1.62,2.3,,,1.66,2.3,1.61,2.22,-1.5,2.03,1.83,,,2.03,1.84,1.92,1.79,Unknown,0,2,2,,,,,,,1.42,5.1,9.6,1.72,2.3,1.91,2.03,,,,,,,1.38,5.5,10.0,1.68,2.44,2.06,1.9,1.36,5.0,8.0,1.34,4.8,8.5,1.36,4.6,7.5,,,,,,,1.33,5.0,9.0,1.3,5.1,9.5,1.33,5.0,9.0,1.36,5.25,8.0,1.36,5.25,8.0,,,,,,,,,,,,,,,rennes,angers
F1,12/04/2026,16:15,Nice,Le Havre,1,1,D,0,1,A,15,11,5,6,20,14,5,2,1,1,0,0,1.91,3.3,4.33,1.9,3.4,4.2,,,,,,,,,,,,,1.95,3.45,4.75,1.9,3.28,4.2,1.98,1.88,,,2.0,1.88,1.93,1.81,-0.5,1.93,1.93,,,1.93,1.93,1.85,1.86,1.85,3.3,4.5,1.83,3.4,4.6,,,,,,,,,,,,,1.95,3.4,4.6,1.88,3.31,4.35,1.98,1.88,,,2.0,1.88,1.93,1.82,-0.5,1.83,2.03,,,1.9,2.03,1.82,1.89,Unknown,1,1,2,,,,,,,1.96,3.5,4.7,2.02,1.91,1.96,2.0,,,,,,,1.93,3.45,5.0,2.02,1.95,1.93,2.06,1.95,3.4,4.0,1.86,3.15,4.5,1.87,3.4,3.8,,,,,,,1.95,3.4,4.0,1.89,3.2,4.3,1.83,3.4,4.5,,,,,,,,,,,,,,,,,,,,,nice,le havre
F1,12/04/2026,16:15,Toulouse,Lille,0,4,A,0,1,A,9,15,1,9,13,12,4,2,2,0,1,0,3.2,3.3,2.3,3.0,3.3,2.35,,,,,,,,,,,,,3.2,3.3,2.4,3.06,3.18,2.33,2.2,1.67,,,2.2,1.73,2.14,1.66,0.25,1.83,2.03,,,1.83,2.03,1.77,1.97,3.4,3.2,2.25,3.2,3.2,2.3,,,,,,,,,,,,,3.4,3.25,2.3,3.27,3.19,2.25,2.2,1.67,,,2.22,1.73,2.15,1.66,0.25,1.9,1.95,,,1.92,1.95,1.87,1.88,Unknown,4,0,4,,,,,,,3.25,3.3,2.42,2.22,1.76,1.87,2.07,,,,,,,3.7,3.35,2.3,2.3,1.75,2.02,1.95,3.0,3.3,2.38,3.1,3.1,2.32,3.0,3.13,2.3,,,,,,,3.1,3.25,2.3,3.25,3.15,2.23,3.25,3.25,2.25,,,,,,,,,,,,,,,,,,,,,toulouse,lille
F1,12/04/2026,19:45,Lyon,Lorient,2,0,H,0,0,D,11,12,5,6,17,14,4,6,4,1,0,0,1.67,3.8,5.25,1.71,3.8,4.75,,,,,,,,,,,,,1.73,3.8,5.25,1.67,3.74,4.92,1.91,1.91,,,1.91,1.91,1.86,1.87,-0.75,1.88,1.98,,,1.88,1.98,1.84,1.91,1.65,4.0,5.0,1.65,4.0,5.0,,,,,,,,,,,,,1.73,4.2,5.4,1.62,3.97,5.09,1.73,2.1,,,1.73,2.14,1.7,2.08,-0.75,1.83,2.03,,,1.83,2.05,1.77,1.99,Unknown,4,1,5,,,,,,,1.74,3.95,5.4,1.95,1.98,1.94,2.0,,,,,,,1.67,4.3,5.7,1.77,2.24,1.86,2.14,1.67,3.75,5.0,1.62,3.8,5.2,1.65,3.7,4.8,,,,,,,1.62,4.0,5.0,1.56,4.0,5.4,1.62,4.1,5.0,,,,,,,,,,,,,,,,,,,,,lyon,lorient
F1,17/04/2026,19:45,Lens,Toulouse,3,2,H,0,2,A,41,5,13,2,9,15,14,1,1,1,0,1,1.5,4.5,5.75,1.49,4.5,6.25,,,,,,,,,,,,,1.6,4.5,6.5,1.48,4.4,6.18,1.67,2.2,,,1.67,2.22,1.65,2.17,-1.0,1.8,2.05,,,1.8,2.08,1.76,2.0,1.48,4.5,6.25,1.51,4.5,5.75,,,,,,,,,,,,,1.6,4.5,6.33,1.5,4.36,5.94,1.67,2.2,,,1.67,2.3,1.63,2.21,-1.0,1.83,2.03,,,1.83,2.03,1.78,1.98,Unknown,1,3,4,,,,,,,1.52,4.8,7.0,1.72,2.36,1.84,2.13,,,,,,,1.54,4.7,7.0,1.68,2.42,1.85,2.12,1.44,4.5,6.5,1.45,4.35,6.4,1.45,4.5,6.5,,,,,,,1.5,4.33,6.0,1.47,4.3,6.1,1.5,4.4,6.0,,,,,,,,,,,,,,,,,,,,,lens,toulouse
F1,18/04/2026,16:00,Lorient,Marseille,2,0,H,1,0,H,11,16,4,2,6,10,1,7,0,3,0,0,4.5,4.0,1.73,4.2,4.0,1.75,,,,,,,,,,,,,4.5,4.0,1.91,4.26,3.85,1.74,1.67,2.2,,,1.7,2.2,1.65,2.15,0.75,1.88,1.98,,,1.9,1.98,1.84,1.91,4.75,4.5,1.62,4.5,4.4,1.65,,,,,,,,,,,,,4.8,4.5,1.91,4.5,4.28,1.65,1.44,2.75,,,1.52,2.75,1.47,2.59,1.0,1.83,2.03,,,1.83,2.05,1.77,1.99,Unknown,0,3,3,,,,,,,4.7,4.2,1.78,1.74,2.28,1.97,2.0,,,,,,,5.0,4.6,1.69,1.52,2.84,1.86,2.12,4.2,4.0,1.73,4.25,3.8,1.73,4.2,3.8,1.7,,,,,,,4.6,4.33,1.62,4.6,4.2,1.62,4.8,4.33,1.6,,,,,,,,,,,,,,,,,,,,,lorient,marseille
F1,18/04/2026,18:00,Angers,Le Havre,1,1,D,1,1,D,11,16,5,8,15,20,4,3,1,3,0,1,2.88,3.1,2.63,2.8,3.1,2.65,,,,,,,,,,,,,2.9,3.1,2.75,2.78,3.0,2.65,2.38,1.57,,,2.38,1.57,2.3,1.56,0.0,2.0,1.85,,,2.0,1.86,1.93,1.82,3.2,3.0,2.45,3.25,2.95,2.4,,,,,,,,,,,,,3.4,3.1,2.6,3.21,3.01,2.39,2.63,1.5,,,2.63,1.57,2.46,1.51,0.25,1.78,2.1,,,1.81,2.1,1.77,2.0,Unknown,1,5,6,,,,,,,2.94,3.1,2.8,2.48,1.64,2.02,1.92,,,,,,,3.55,3.05,2.5,2.68,1.57,1.87,2.13,2.63,3.1,2.75,2.75,3.0,2.65,2.75,3.0,2.55,,,,,,,3.1,3.1,2.4,3.35,3.0,2.25,3.13,3.1,2.4,,,,,,,,,,,,,,,,,,,,,angers,le havre
F1,18/04/2026,20:05,Lille,Nice,0,0,D,0,0,D,9,5,2,1,9,10,5,3,3,1,0,0,1.5,4.33,6.5,1.52,4.33,6.0,,,,,,,,,,,,,1.6,4.33,6.5,1.5,4.15,6.23,1.8,2.0,,,1.8,2.0,1.76,1.99,-1.0,1.83,2.03,,,1.83,2.03,1.79,1.95,1.5,4.75,5.75,1.49,4.75,6.0,,,,,,,,,,,,,1.6,4.75,6.5,1.49,4.37,6.06,1.62,2.3,,,1.67,2.3,1.63,2.19,-1.0,1.8,2.05,,,1.81,2.05,1.77,1.98,Unknown,3,1,4,,,,,,,1.53,4.7,7.4,1.83,2.12,1.86,2.12,,,,,,,1.54,4.7,7.2,1.72,2.34,1.86,2.14,1.5,4.2,6.5,1.5,4.0,6.25,1.45,4.1,6.5,,,,,,,1.5,4.33,6.0,1.49,4.2,6.0,1.45,4.4,6.5,,,,,,,,,,,,,,,,,,,,,lille,nice
F1,19/04/2026,14:00,Monaco,Auxerre,2,2,D,0,2,A,15,12,6,7,19,8,11,3,2,3,0,0,1.53,4.33,6.0,1.57,4.33,5.25,,,,,,,,,,,,,1.57,4.33,6.25,1.54,4.18,5.59,1.73,2.1,,,1.73,2.1,1.69,2.1,-1.0,1.93,1.93,,,1.95,1.93,1.88,1.87,1.62,4.2,5.0,1.62,4.33,4.8,,,,,,,,,,,,,1.62,4.33,5.75,1.58,4.18,5.27,1.62,2.3,,,1.67,2.3,1.62,2.22,-1.0,2.03,1.83,,,2.03,1.84,1.96,1.79,Unknown,2,3,5,,,,,,,1.56,4.5,6.6,1.75,2.24,1.94,2.0,,,,,,,1.65,4.3,6.0,1.69,2.42,2.09,1.88,1.57,4.2,5.5,1.52,4.2,5.6,1.5,4.1,5.5,,,,,,,1.57,4.2,5.5,1.52,4.1,5.75,1.57,4.2,5.5,,,,,,,,,,,,,,,,,,,,,monaco,auxerre
F1,19/04/2026,16:15,Metz,Paris FC,1,3,A,1,1,D,13,15,6,7,9,8,6,5,2,2,0,0,3.5,3.5,2.05,3.4,3.4,2.15,,,,,,,,,,,,,3.55,3.5,2.2,3.35,3.42,2.08,1.85,2.0,,,1.91,2.0,1.83,1.91,0.25,2.03,1.83,,,2.03,1.83,1.96,1.78,2.9,3.6,2.25,2.95,3.5,2.3,,,,,,,,,,,,,3.2,3.6,2.3,3.06,3.48,2.22,1.67,2.2,,,1.67,2.25,1.66,2.16,0.25,1.85,2.0,,,1.87,2.0,1.83,1.92,Unknown,2,2,4,,,,,,,3.55,3.7,2.1,1.86,2.0,2.07,1.81,,,,,,,3.25,3.7,2.34,1.71,2.38,1.97,2.02,3.3,3.5,2.1,3.55,3.3,2.02,3.25,3.4,2.05,,,,,,,3.0,3.6,2.2,3.05,3.55,2.16,3.1,3.4,2.25,,,,,,,,,,,,,,,,,,,,,metz,paris
F1,19/04/2026,16:15,Nantes,Brest,1,1,D,1,0,H,17,4,4,2,13,17,11,0,2,2,1,0,2.35,3.3,3.1,2.35,3.3,3.0,,,,,,,,,,,,,2.38,3.3,3.14,2.34,3.23,3.01,2.1,1.73,,,2.15,1.73,2.09,1.69,-0.25,2.03,1.83,,,2.03,1.83,1.96,1.78,2.35,3.3,3.1,2.4,3.25,3.0,,,,,,,,,,,,,2.5,3.3,3.1,2.37,3.22,3.02,2.2,1.67,,,2.2,1.68,2.14,1.67,-0.25,2.03,1.83,,,2.08,1.83,1.98,1.78,Unknown,4,2,6,,,,,,,2.44,3.4,3.15,2.2,1.76,2.1,1.86,,,,,,,2.48,3.35,3.25,2.28,1.75,2.1,1.89,2.38,3.3,3.0,2.33,3.25,2.95,2.3,3.13,3.0,,,,,,,2.38,3.3,3.0,2.35,3.2,2.95,2.3,3.25,3.1,,,,,,,,,,,,,,,,,,,,,nantes,brest
F1,19/04/2026,16:15,Strasbourg,Rennes,0,3,A,0,1,A,9,26,1,9,10,12,2,9,0,1,0,0,2.63,3.75,2.5,2.6,3.6,2.5,,,,,,,,,,,,,2.66,3.75,2.6,2.57,3.6,2.49,1.67,2.2,,,1.67,2.2,1.65,2.15,0.0,2.0,1.85,,,2.0,1.86,1.92,1.82,3.9,4.2,1.8,3.75,3.9,1.88,,,,,,,,,,,,,4.0,4.25,2.6,3.73,3.97,1.87,1.53,2.5,,,1.56,2.66,1.51,2.46,0.5,2.03,1.78,,,2.05,1.8,1.95,1.77,Unknown,0,1,1,,,,,,,2.74,3.75,2.6,1.73,2.24,2.02,1.9,,,,,,,4.2,4.2,1.89,1.59,2.66,2.08,1.91,2.6,3.6,2.5,2.45,3.65,2.55,2.6,3.5,2.4,,,,,,,3.75,4.0,1.83,3.85,3.85,1.79,3.9,4.0,1.8,,,,,,,,,,,,,,,,,,,,,strasbourg,rennes
F1,19/04/2026,19:45,Paris SG,Lyon,1,2,A,0,2,A,23,6,6,5,10,8,13,5,5,1,0,0,1.3,6.0,8.5,1.32,5.75,8.5,,,,,,,,,,,,,1.32,6.0,9.5,1.28,5.7,8.85,1.44,2.75,,,1.44,2.85,1.41,2.77,-1.75,2.03,1.83,,,2.03,1.86,1.97,1.79,1.33,5.5,8.0,1.33,5.75,7.75,,,,,,,,,,,,,1.35,5.75,9.0,1.31,5.53,8.34,1.44,2.75,,,1.5,2.88,1.44,2.69,-1.5,1.93,1.93,,,1.93,1.93,1.83,1.88,Unknown,5,1,6,,,,,,,1.32,6.4,10.0,1.47,2.96,2.09,1.84,,,,,,,1.36,6.0,9.6,1.5,2.98,1.95,2.03,1.29,6.0,9.0,1.27,5.6,9.0,1.25,5.5,9.0,,,,,,,1.3,5.5,8.5,1.26,5.75,9.0,1.3,5.5,9.0,,,,,,,,,,,,,,,,,,,,,paris sg,lyon
F1,22/04/2026,18:00,Paris SG,Nantes,3,0,H,2,0,H,14,11,6,4,11,8,7,6,2,1,0,0,1.18,7.0,13.0,1.21,7.75,11.5,,,,,,,,,,,,,1.21,8.0,14.0,1.17,7.28,12.84,1.33,3.4,,,1.33,3.4,1.31,3.23,-2.0,1.83,2.03,,,1.83,2.03,1.77,1.97,1.17,8.0,15.0,1.18,8.25,13.0,,,,,,,,,,,,,1.18,9.5,18.0,1.15,7.93,14.88,1.33,3.4,,,1.35,3.5,1.31,3.25,-2.25,1.93,1.93,,,1.94,1.93,1.88,1.86,Unknown,2,1,3,,,,,,,,,,,,,,,,,,,,,,,,,,,1.18,7.0,13.0,1.15,7.5,14.0,1.15,7.0,13.0,1.2,7.5,11.0,1.2,7.5,11.0,1.17,7.5,15.0,1.14,7.5,15.0,1.13,8.5,18.0,1.18,8.5,13.0,1.17,8.0,12.0,,,,,,,,,,,,,,,paris sg,nantes
F1,24/04/2026,19:45,Brest,Lens,3,3,D,3,0,H,6,25,3,7,7,11,0,6,3,3,0,0,5.5,4.2,1.55,5.25,4.1,1.6,,,,,,,,,,,,,5.75,4.33,1.6,5.43,4.2,1.55,1.67,2.2,,,1.67,2.3,1.62,2.21,1.0,1.93,1.93,,,1.93,1.93,1.87,1.88,6.0,4.2,1.55,5.5,4.2,1.57,,,,,,,,,,,,,6.0,4.3,1.57,5.71,4.18,1.53,1.8,2.0,,,1.8,2.23,1.67,2.12,1.0,1.93,1.93,,,1.94,1.93,1.88,1.87,Unknown,3,3,6,,,,,,,,,,,,,,,,,,,,,,,,,,,5.5,4.2,1.57,5.6,4.25,1.52,5.75,4.33,1.53,5.25,4.2,1.6,5.25,4.0,1.6,5.5,4.2,1.57,6.0,4.3,1.49,6.0,4.2,1.53,5.5,4.2,1.57,5.5,4.2,1.57,,,,,,,,,,,,,,,brest,lens
F1,25/04/2026,14:00,Lyon,Auxerre,3,2,H,1,1,D,12,9,6,2,11,15,6,3,1,2,0,0,1.65,3.9,5.25,1.66,3.9,5.0,,,,,,,,,,,,,1.67,4.0,5.33,1.63,3.83,5.03,1.8,2.0,,,1.91,2.0,1.83,1.91,-0.75,1.8,2.05,,,1.8,2.05,1.77,1.97,1.65,4.0,5.25,1.65,4.1,4.8,,,,,,,,,,,,,1.65,4.1,5.5,1.61,3.95,5.14,1.67,2.2,,,1.78,2.2,1.72,2.03,-0.75,1.8,2.05,,,1.8,2.05,1.77,2.01,Unknown,1,2,3,,,,,,,,,,,,,,,,,,,,,,,,,,,1.67,3.75,5.0,1.62,3.8,5.1,1.6,3.75,5.0,1.67,3.9,5.0,1.67,3.8,5.0,,,,1.58,3.9,5.4,,,,,,,1.65,4.0,4.8,,,,,,,,,,,,,,,lyon,auxerre
F1,25/04/2026,18:00,Angers,Paris SG,0,3,A,0,2,A,6,17,1,10,9,3,5,4,0,2,0,1,10.0,6.0,1.27,10.0,6.25,1.27,,,,,,,,,,,,,13.0,6.25,1.29,10.7,5.96,1.24,1.53,2.5,,,1.53,2.63,1.48,2.52,1.75,1.88,1.98,,,1.88,1.98,1.84,1.92,10.0,6.0,1.25,9.5,6.25,1.28,,,,,,,,,,,,,13.0,6.5,1.28,11.05,6.11,1.23,1.53,2.5,,,1.53,2.7,1.48,2.53,1.75,1.9,1.95,,,1.9,1.95,1.87,1.91,Unknown,0,4,4,,,,,,,,,,,,,,,,,,,,,,,,,,,11.0,6.0,1.25,13.0,6.25,1.19,10.5,5.75,1.22,10.0,6.0,1.28,9.5,6.0,1.25,,,,13.0,6.25,1.19,,,,,,,9.5,6.0,1.28,,,,,,,,,,,,,,,angers,paris sg
F1,25/04/2026,20:05,Toulouse,Monaco,2,2,D,0,2,A,18,8,5,5,17,10,4,2,3,2,0,0,3.3,3.8,2.05,3.25,3.75,2.05,,,,,,,,,,,,,3.55,3.8,2.05,3.32,3.64,2.01,1.67,2.2,,,1.7,2.2,1.66,2.13,0.5,1.8,2.05,,,1.8,2.05,1.73,1.99,4.5,4.1,1.7,4.2,4.0,1.75,,,,,,,,,,,,,4.5,4.2,1.75,4.31,4.01,1.71,1.57,2.38,,,1.58,2.5,1.54,2.36,0.75,1.98,1.88,,,1.98,1.9,1.89,1.86,Unknown,3,2,5,,,,,,,,,,,,,,,,,,,,,,,,,,,3.3,3.75,2.05,3.55,3.5,1.96,3.25,3.6,2.0,3.25,3.75,2.05,3.25,3.7,2.05,4.2,4.2,1.73,4.35,3.95,1.7,4.4,4.1,1.7,4.2,4.0,1.75,4.2,4.0,1.73,,,,,,,,,,,,,,,toulouse,monaco
F1,26/04/2026,14:00,Lorient,Strasbourg,2,3,A,1,0,H,14,11,6,5,9,16,9,7,1,2,0,0,2.1,3.6,3.2,2.15,3.6,3.2,,,,,,,,,,,,,2.15,3.6,3.35,2.09,3.51,3.22,1.8,2.0,,,1.8,2.0,1.76,1.98,-0.25,1.83,2.03,,,1.83,2.03,1.79,1.95,2.1,3.6,3.1,2.1,3.6,3.3,,,,,,,,,,,,,2.15,3.75,3.3,2.08,3.59,3.21,1.67,2.2,,,1.75,2.2,1.68,2.11,-0.25,1.88,1.98,,,1.88,2.0,1.81,1.94,Unknown,1,2,3,,,,,,,,,,,,,,,,,,,,,,,,,,,2.1,3.6,3.3,2.12,3.4,3.2,2.05,3.5,3.2,2.15,3.6,3.2,2.15,3.5,3.2,2.15,3.4,3.1,2.04,3.55,3.3,2.1,3.7,3.2,2.1,3.6,3.3,2.1,3.5,3.3,,,,,,,,,,,,,,,lorient,strasbourg
F1,26/04/2026,16:15,Le Havre,Metz,4,4,D,2,2,D,14,12,5,5,12,12,6,4,3,1,0,0,1.67,4.0,5.0,1.68,3.75,5.25,,,,,,,,,,,,,1.68,4.0,5.6,1.62,3.81,5.18,1.91,1.91,,,1.93,1.91,1.88,1.86,-0.75,1.83,2.03,,,1.83,2.03,1.79,1.95,1.6,4.33,5.0,1.58,4.4,5.0,,,,,,,,,,,,,1.6,4.4,5.6,1.57,4.19,5.21,1.62,2.3,,,1.67,2.3,1.62,2.21,-1.0,2.03,1.83,,,2.03,1.86,1.95,1.8,Unknown,3,1,4,,,,,,,,,,,,,,,,,,,,,,,,,,,1.67,3.75,5.0,1.55,3.95,5.6,1.6,3.7,5.25,,,,,,,1.6,4.2,5.0,1.53,4.1,5.6,1.57,4.2,5.5,1.6,4.4,5.0,1.57,4.33,5.0,,,,,,,,,,,,,,,le havre,metz
F1,26/04/2026,16:15,Paris FC,Lille,0,1,A,0,1,A,7,10,2,4,12,10,7,3,6,3,1,0,4.0,3.6,1.91,3.9,3.6,1.9,,,,,,,,,,,,,4.0,3.6,1.95,3.8,3.53,1.89,1.88,1.98,,,1.91,1.98,1.84,1.9,0.5,1.93,1.93,,,1.93,1.93,1.84,1.87,4.75,4.0,1.7,4.6,3.75,1.73,,,,,,,,,,,,,4.75,4.0,1.75,4.63,3.84,1.7,1.73,2.1,,,1.75,2.2,1.7,2.07,0.75,1.95,1.9,,,1.95,1.9,1.9,1.85,Unknown,8,3,11,,,,,,,,,,,,,,,,,,,,,,,,,,,3.75,3.6,1.95,3.8,3.5,1.9,3.8,3.5,1.85,,,,,,,4.5,3.75,1.73,4.75,3.85,1.65,4.75,3.9,1.7,4.5,3.8,1.75,4.6,3.75,1.73,,,,,,,,,,,,,,,paris,lille
F1,26/04/2026,16:15,Rennes,Nantes,2,1,H,1,1,D,14,24,5,8,15,15,6,8,3,2,0,0,1.42,4.75,7.5,1.44,4.8,6.5,,,,,,,,,,,,,1.44,4.8,7.5,1.4,4.62,7.02,1.62,2.3,,,1.64,2.32,1.6,2.24,-1.25,1.93,1.93,,,1.93,1.93,1.87,1.88,1.48,4.5,6.5,1.47,4.6,6.0,,,,,,,,,,,,,1.48,4.6,7.0,1.45,4.5,6.5,1.62,2.3,,,1.66,2.3,1.62,2.22,-1.25,2.05,1.8,,,2.05,1.84,1.99,1.77,Unknown,3,2,5,,,,,,,,,,,,,,,,,,,,,,,,,,,1.4,4.6,7.5,1.4,4.7,7.0,1.36,4.5,7.0,,,,,,,1.44,4.5,7.0,1.42,4.5,6.5,1.45,4.5,7.0,1.48,4.6,6.0,1.48,4.6,6.0,,,,,,,,,,,,,,,rennes,nantes
F1,26/04/2026,19:45,Marseille,Nice,1,1,D,0,0,D,24,5,6,2,14,7,7,1,4,1,0,0,1.48,4.5,6.5,1.49,4.75,5.75,,,,,,,,,,,,,1.5,5.0,6.5,1.45,4.68,5.9,1.44,2.75,,,1.45,2.75,1.42,2.69,-1.25,2.03,1.83,,,2.03,1.9,1.94,1.81,1.7,3.8,4.75,1.72,4.0,4.4,,,,,,,,,,,,,1.76,4.0,4.75,1.7,3.97,4.43,1.67,2.2,,,1.67,2.25,1.63,2.19,-0.75,1.9,1.95,,,1.93,1.95,1.87,1.88,Unknown,4,1,5,,,,,,,,,,,,,,,,,,,,,,,,,,,1.44,5.0,6.0,1.45,4.7,5.8,1.44,4.5,5.75,1.48,4.8,5.75,1.48,4.8,5.75,1.7,4.0,4.5,1.65,4.0,4.5,1.7,4.0,4.6,1.73,4.0,4.4,1.73,4.0,4.4,,,,,,,,,,,,,,,marseille,nice
F1,02/05/2026,14:00,Nantes,Marseille,3,0,H,0,0,D,17,16,6,8,12,11,7,8,1,3,0,0,4.33,4.1,1.73,4.4,4.0,1.72,,,,,,,,,,,,,4.75,4.1,1.73,4.45,3.95,1.68,1.67,2.2,,,1.67,2.25,1.62,2.19,0.75,1.93,1.93,,,1.95,1.93,1.88,1.86,3.8,3.9,1.9,3.7,3.9,1.88,,,,,,,,,,,,,3.8,4.0,2.0,3.61,3.82,1.89,1.57,2.38,,,1.6,2.4,1.56,2.33,0.5,1.95,1.9,,,2.33,1.95,2.0,1.76,Unknown,1,3,4,,,,,,,,,,,,,,,,,,,,,,,,,,,4.5,4.0,1.7,4.6,3.9,1.66,4.33,3.9,1.67,4.4,4.0,1.73,4.33,4.0,1.73,3.6,4.0,1.9,3.7,3.7,1.87,3.6,3.9,1.9,,,,3.7,3.8,1.91,,,,,,,,,,,,,,,nantes,marseille
F1,02/05/2026,16:00,Paris SG,Lorient,2,2,D,1,1,D,24,5,6,3,9,7,12,2,1,1,0,0,1.3,5.75,8.0,1.32,5.75,8.5,,,,,,,,,,,,,1.32,5.75,9.5,1.29,5.67,8.6,1.4,3.0,,,1.41,3.0,1.39,2.86,-1.5,1.83,2.03,,,1.83,2.03,1.76,1.97,1.36,6.0,7.0,1.36,5.5,7.25,,,,,,,,,,,,,1.36,6.0,8.5,1.33,5.47,7.68,1.4,3.0,,,1.42,3.0,1.4,2.8,-1.5,1.93,1.93,,,1.93,1.93,1.86,1.86,Unknown,1,1,2,,,,,,,,,,,,,,,,,,,,,,,,,,,1.29,5.5,9.5,,,,,,,,,,1.3,5.75,8.5,1.33,5.5,8.0,1.3,5.4,8.5,1.33,5.5,8.0,,,,1.35,5.5,7.0,,,,,,,,,,,,,,,paris sg,lorient
F1,02/05/2026,18:00,Metz,Monaco,1,2,A,0,0,D,13,15,1,3,10,15,5,9,0,2,0,0,6.5,5.5,1.4,6.0,5.0,1.44,,,,,,,,,,,,,7.1,5.5,1.44,6.52,5.06,1.39,1.36,3.2,,,1.38,3.2,1.37,2.95,1.5,1.83,2.03,,,1.83,2.03,1.75,1.98,7.5,5.75,1.33,6.0,5.75,1.4,,,,,,,,,,,,,7.5,6.0,1.4,7.12,5.65,1.33,1.29,3.75,,,1.29,3.75,1.27,3.56,1.5,1.95,1.9,,,2.0,2.28,1.81,1.95,Unknown,0,2,2,,,,,,,,,,,,,,,,,,,,,,,,,,,6.5,5.0,1.4,7.0,5.1,1.35,6.5,5.0,1.36,,,,6.0,5.0,1.44,7.5,5.5,1.33,7.5,5.6,1.3,7.5,5.75,1.33,,,,6.0,5.5,1.4,,,,,,,,,,,,,,,metz,monaco
F1,02/05/2026,20:05,Nice,Lens,1,1,D,0,0,D,9,16,2,4,11,10,7,8,2,3,0,1,4.0,4.2,1.75,4.33,4.1,1.73,,,,,,,,,,,,,4.33,4.2,1.8,4.11,3.96,1.73,1.57,2.38,,,1.6,2.38,1.55,2.34,0.75,1.88,1.98,,,1.88,1.98,1.83,1.92,4.75,4.2,1.65,4.5,4.1,1.68,,,,,,,,,,,,,4.8,4.33,1.71,4.55,4.16,1.65,1.53,2.5,,,1.55,2.6,1.52,2.42,0.75,2.03,1.78,,,2.03,1.81,1.99,1.76,Unknown,2,5,7,,,,,,,,,,,,,,,,,,,,,,,,,,,4.0,4.0,1.8,4.1,3.85,1.75,4.1,3.9,1.7,4.33,4.0,1.73,4.2,4.0,1.73,4.6,4.2,1.67,4.5,4.0,1.65,4.8,4.33,1.62,4.5,4.2,1.7,4.5,4.0,1.67,,,,,,,,,,,,,,,nice,lens
F1,03/05/2026,14:00,Lille,Le Havre,1,1,D,1,1,D,22,2,10,2,9,15,14,5,2,3,0,0,1.42,4.75,7.5,1.43,4.5,7.5,,,,,,,,,,,,,1.44,4.75,8.5,1.39,4.48,7.78,1.91,1.91,,,1.91,2.0,1.82,1.91,-1.25,1.98,1.88,,,1.98,1.95,1.9,1.86,1.38,4.75,8.5,1.39,4.8,7.75,,,,,,,,,,,,,1.4,4.8,9.5,1.35,4.72,8.52,1.83,2.03,,,1.86,2.03,1.8,1.94,-1.25,1.85,2.0,,,1.85,2.05,1.8,1.98,Unknown,2,3,5,,,,,,,,,,,,,,,,,,,,,,,,,,,1.4,4.5,8.0,1.37,4.5,8.0,1.36,4.33,8.0,1.44,4.5,7.5,1.44,4.5,7.5,,,,1.33,4.75,9.0,,,,,,,1.4,4.8,7.5,,,,,,,,,,,,,,,lille,le havre
F1,03/05/2026,16:15,Auxerre,Angers,3,1,H,1,0,H,19,9,10,3,12,2,4,6,2,4,0,1,1.67,3.7,5.5,1.68,3.7,5.25,,,,,,,,,,,,,1.73,3.7,5.6,1.68,3.55,5.16,2.2,1.67,,,2.2,1.67,2.17,1.64,-0.75,1.88,1.98,,,1.88,1.98,1.84,1.91,1.8,3.6,4.5,1.75,3.75,4.5,,,,,,,,,,,,,1.8,3.8,5.1,1.72,3.65,4.77,2.05,1.8,,,2.05,1.83,1.98,1.77,-0.75,2.03,1.83,,,2.03,1.93,1.93,1.82,Unknown,2,6,8,,,,,,,,,,,,,,,,,,,,,,,,,,,1.73,3.5,5.0,1.7,3.45,5.1,1.65,3.5,5.0,1.7,3.7,5.25,1.67,3.7,5.25,1.73,3.6,5.0,1.67,3.6,5.0,1.75,3.6,4.75,1.75,3.8,4.5,1.75,3.75,4.4,,,,,,,,,,,,,,,auxerre,angers
F1,03/05/2026,16:15,Paris FC,Brest,4,0,H,2,0,H,17,10,8,1,10,8,7,3,2,1,0,0,2.0,3.5,3.75,2.0,3.5,3.6,,,,,,,,,,,,,2.05,3.5,3.8,2.01,3.44,3.53,1.91,1.91,,,2.0,1.91,1.89,1.84,-0.5,2.03,1.83,,,2.03,1.83,1.96,1.77,1.9,3.75,3.9,1.87,3.8,3.9,,,,,,,,,,,,,1.9,3.8,4.2,1.84,3.75,3.89,1.67,2.2,,,1.73,2.2,1.67,2.12,-0.5,1.88,1.98,,,2.0,2.0,1.86,1.86,Unknown,2,1,3,,,,,,,,,,,,,,,,,,,,,,,,,,,2.05,3.5,3.5,2.04,3.5,3.35,1.95,3.4,3.5,2.0,3.5,3.6,2.0,3.5,3.6,1.83,3.75,4.0,1.8,3.8,3.95,1.87,3.8,3.8,1.85,3.8,3.9,1.85,3.75,3.8,,,,,,,,,,,,,,,paris,brest
F1,03/05/2026,16:15,Strasbourg,Toulouse,1,2,A,1,1,D,9,16,4,6,7,15,8,3,1,3,0,0,2.63,3.5,2.6,2.6,3.5,2.6,,,,,,,,,,,,,2.66,3.6,2.6,2.56,3.48,2.54,1.83,2.03,,,1.83,2.03,1.78,1.96,0.0,1.95,1.9,,,1.95,1.9,1.9,1.84,3.0,3.5,2.3,3.0,3.5,2.3,,,,,,,,,,,,,3.0,3.6,2.3,2.97,3.48,2.25,1.73,2.1,,,1.83,2.1,1.75,2.0,0.25,1.9,1.95,,,1.9,1.96,1.82,1.93,Unknown,1,3,4,,,,,,,,,,,,,,,,,,,,,,,,,,,2.6,3.5,2.6,2.48,3.55,2.55,2.55,3.4,2.5,2.6,3.5,2.6,2.6,3.5,2.6,3.0,3.6,2.25,2.95,3.4,2.25,3.0,3.5,2.25,3.0,3.5,2.3,3.0,3.5,2.25,,,,,,,,,,,,,,,strasbourg,toulouse
F1,03/05/2026,19:45,Lyon,Rennes,4,2,H,2,1,H,16,8,9,5,10,14,7,5,0,3,0,0,2.1,3.5,2.88,2.2,3.7,3.0,,,,,,,,,,,,,2.2,3.7,3.1,2.16,3.59,2.99,1.67,2.2,,,1.67,2.2,1.65,2.14,-0.25,1.93,1.93,,,1.93,1.93,1.88,1.87,2.1,3.8,3.1,2.05,3.8,3.25,,,,,,,,,,,,,2.1,3.8,3.25,2.05,3.76,3.16,1.57,2.38,,,1.57,2.5,1.51,2.42,-0.25,1.85,2.0,,,1.85,2.0,1.8,1.98,Unknown,0,3,3,,,,,,,,,,,,,,,,,,,,,,,,,,,2.2,3.6,3.0,2.14,3.55,3.1,2.15,3.5,2.9,2.2,3.7,3.0,2.2,3.7,3.0,,,,2.04,3.75,3.15,,,,,,,2.05,3.8,3.2,,,,,,,,,,,,,,,lyon,rennes
F1,08/05/2026,19:45,Lens,Nantes,1,0,H,0,0,D,14,15,5,3,15,15,8,3,2,1,0,0,1.45,4.75,6.5,1.46,5.0,6.0,,,,,,,,,,,,,1.48,5.0,6.75,1.43,4.79,6.18,1.44,2.75,,,1.5,2.8,1.46,2.6,-1.25,1.98,1.88,,,1.98,1.88,1.92,1.83,1.45,5.0,6.0,1.46,4.6,6.0,,,,,,,,,,,,,1.48,5.0,6.5,1.44,4.78,6.17,1.5,2.63,,,1.53,2.63,1.49,2.51,-1.25,1.98,1.88,,,1.98,1.88,1.92,1.82,Unknown,2,1,3,,,,,,,1.51,5.1,7.0,1.51,2.88,2.05,1.9,,,,,,,1.5,5.1,7.0,1.54,2.76,2.03,1.92,1.44,4.6,6.5,1.41,4.6,6.75,1.4,4.75,6.0,1.48,5.0,6.0,1.44,5.0,5.75,1.44,4.6,6.5,1.41,4.75,6.4,1.44,4.75,6.5,1.44,5.0,6.0,1.44,5.0,6.0,,,,,,,,,,,,,,,lens,nantes
F1,10/05/2026,20:00,Angers,Strasbourg,1,1,D,0,1,A,11,15,4,6,16,13,0,2,2,2,0,0,2.9,3.4,2.4,2.95,3.3,2.37,,,,,,,,,,,,,3.0,3.4,2.5,2.83,3.31,2.39,1.98,1.88,,,1.98,1.91,1.9,1.83,0.0,2.08,1.73,,,2.08,1.77,2.02,1.72,2.63,3.5,2.55,2.6,3.4,2.6,,,,,,,,,,,,,2.7,3.5,2.6,2.64,3.45,2.5,1.73,2.1,,,1.8,2.1,1.75,2.01,0.0,2.0,1.85,,,2.0,1.86,1.95,1.8,Unknown,2,2,4,,,,,,,3.0,3.4,2.52,1.96,1.96,2.11,1.8,,,,,,,2.9,3.6,2.64,1.85,2.14,2.09,1.9,2.88,3.4,2.4,2.88,3.35,2.33,2.75,3.25,2.38,3.0,3.3,2.37,2.9,3.3,2.37,2.63,3.5,2.5,2.7,3.4,2.45,2.7,3.5,2.5,2.62,3.4,2.6,2.6,3.4,2.6,,,,,,,,,,,,,,,angers,strasbourg
F1,10/05/2026,20:00,Auxerre,Nice,2,1,H,1,1,D,12,10,4,6,15,9,10,1,1,0,0,0,2.45,3.4,2.88,2.45,3.4,2.85,,,,,,,,,,,,,2.45,3.5,3.0,2.36,3.36,2.85,1.93,1.93,,,1.93,1.93,1.87,1.86,-0.25,2.08,1.73,,,2.08,1.77,2.01,1.73,2.38,3.4,3.0,2.3,3.4,3.0,,,,,,,,,,,,,2.4,3.4,3.14,2.31,3.33,2.97,2.0,1.85,,,2.0,1.9,1.93,1.81,-0.25,2.05,1.8,,,2.05,1.86,1.97,1.78,Unknown,1,0,1,,,,,,,2.46,3.5,2.98,1.98,1.94,2.11,1.8,,,,,,,2.5,3.4,3.2,2.08,1.89,2.14,1.85,2.38,3.5,2.88,2.35,3.4,2.8,2.3,3.3,2.8,2.45,3.4,2.87,2.4,3.3,2.87,2.38,3.4,2.88,2.25,3.3,3.0,2.38,3.3,2.9,2.3,3.4,3.0,2.3,3.4,3.0,,,,,,,,,,,,,,,auxerre,nice
F1,10/05/2026,20:00,Le Havre,Marseille,0,1,A,0,0,D,10,8,2,3,20,22,3,0,4,2,0,0,3.5,3.7,2.0,3.4,3.8,1.98,,,,,,,,,,,,,3.6,3.8,2.0,3.42,3.69,1.96,1.67,2.2,,,1.67,2.25,1.62,2.2,0.5,1.83,2.03,,,1.83,2.03,1.79,1.94,3.75,3.8,1.9,3.6,3.8,1.93,,,,,,,,,,,,,3.8,3.9,1.95,3.61,3.78,1.89,1.62,2.3,,,1.62,2.4,1.57,2.31,0.5,1.95,1.9,,,1.95,1.9,1.87,1.85,Unknown,4,2,6,,,,,,,3.55,3.75,2.08,1.69,2.28,1.86,2.08,,,,,,,4.1,3.95,1.97,1.68,2.4,2.02,1.97,3.4,3.75,2.0,3.5,3.75,1.92,3.3,3.6,1.95,3.4,3.8,2.0,3.4,3.8,1.95,3.6,3.75,1.91,3.5,3.75,1.89,3.75,3.9,1.87,3.6,3.8,1.95,3.5,3.8,1.91,,,,,,,,,,,,,,,le havre,marseille
F1,10/05/2026,20:00,Metz,Lorient,0,4,A,0,1,A,8,14,2,7,8,8,7,4,2,2,0,0,3.2,3.7,2.15,3.1,3.75,2.1,,,,,,,,,,,,,3.2,3.75,2.2,3.07,3.58,2.13,1.67,2.2,,,1.73,2.2,1.68,2.1,0.25,1.98,1.88,,,1.98,1.88,1.92,1.83,2.88,3.75,2.3,2.8,3.6,2.35,,,,,,,,,,,,,2.92,3.75,2.37,2.86,3.58,2.28,1.62,2.3,,,1.67,2.3,1.62,2.21,0.25,1.83,2.03,,,1.83,2.05,1.78,1.98,Unknown,2,2,4,,,,,,,3.25,3.8,2.16,1.74,2.22,2.0,1.88,,,,,,,3.1,3.65,2.42,1.72,2.36,1.89,2.09,3.1,3.6,2.15,3.0,3.5,2.2,3.0,3.5,2.1,3.1,3.75,2.15,3.1,3.75,2.1,2.88,3.6,2.3,2.9,3.6,2.2,2.88,3.6,2.3,2.8,3.6,2.37,2.8,3.6,2.37,,,,,,,,,,,,,,,metz,lorient
F1,10/05/2026,20:00,Monaco,Lille,0,1,A,0,0,D,7,7,3,2,13,10,5,2,1,3,0,0,2.3,3.8,2.75,2.35,3.75,2.75,,,,,,,,,,,,,2.38,3.8,2.83,2.28,3.66,2.75,1.62,2.3,,,1.62,2.3,1.6,2.24,-0.25,2.05,1.8,,,2.05,1.8,1.97,1.77,2.6,3.7,2.5,2.55,3.5,2.6,,,,,,,,,,,,,2.63,3.7,2.6,2.53,3.59,2.53,1.67,2.2,,,1.67,2.3,1.62,2.22,0.0,1.98,1.88,,,1.98,1.9,1.89,1.85,Unknown,1,3,4,,,,,,,2.46,3.85,2.8,1.64,2.36,2.15,1.81,,,,,,,2.72,3.75,2.7,1.74,2.3,2.01,1.97,2.3,3.75,2.8,2.25,3.6,2.8,2.25,3.5,2.75,2.37,3.75,2.75,2.3,3.75,2.7,2.6,3.6,2.5,2.4,3.65,2.6,2.6,3.6,2.5,2.6,3.5,2.6,2.5,3.5,2.6,,,,,,,,,,,,,,,monaco,lille
F1,10/05/2026,20:00,Paris SG,Brest,1,0,H,0,0,D,23,3,6,2,5,12,13,2,0,0,0,0,1.17,7.0,13.0,1.19,8.0,12.5,,,,,,,,,,,,,1.19,8.0,16.0,1.16,7.42,13.44,1.36,3.2,,,1.36,3.3,1.32,3.18,-2.25,2.05,1.8,,,2.05,1.8,1.98,1.76,1.2,7.5,11.0,1.23,7.5,9.75,,,,,,,,,,,,,1.23,7.5,15.0,1.19,7.29,11.47,1.25,4.0,,,1.29,4.0,1.26,3.62,-2.0,1.85,2.0,,,1.9,2.0,1.83,1.92,Unknown,0,0,0,,,,,,,1.2,8.4,16.0,1.38,3.3,2.06,1.81,,,,,,,1.23,8.0,15.0,1.3,4.1,1.9,2.06,1.18,7.5,13.0,1.13,7.5,16.0,1.14,7.5,13.0,1.18,8.0,12.0,1.18,8.0,12.0,1.2,7.0,12.0,1.14,7.5,15.0,1.18,7.5,12.0,1.22,7.5,9.5,1.22,7.5,9.5,,,,,,,,,,,,,,,paris sg,brest
F1,10/05/2026,20:00,Rennes,Paris FC,2,1,H,0,0,D,14,11,5,1,13,11,8,2,0,2,0,0,1.5,4.75,5.75,1.51,4.6,5.75,,,,,,,,,,,,,1.53,4.75,5.75,1.49,4.52,5.57,1.5,2.63,,,1.5,2.63,1.48,2.54,-1.0,1.8,2.05,,,1.8,2.05,1.75,1.99,1.55,4.75,5.0,1.55,4.75,5.0,,,,,,,,,,,,,1.57,4.8,5.33,1.53,4.6,5.04,1.4,3.0,,,1.44,3.1,1.39,2.86,-1.0,1.88,1.98,,,1.88,1.98,1.83,1.92,Unknown,0,2,2,,,,,,,1.53,5.1,6.0,1.51,2.76,1.84,2.11,,,,,,,1.6,5.0,5.6,1.46,3.1,1.95,2.02,1.5,4.6,5.5,1.49,4.35,5.6,1.45,4.5,5.75,1.5,4.6,5.75,1.5,4.6,5.5,1.57,4.6,5.0,1.5,4.5,5.25,1.53,4.6,5.25,1.57,4.8,5.0,1.55,4.6,4.8,,,,,,,,,,,,,,,rennes,paris
F1,10/05/2026,20:00,Toulouse,Lyon,2,1,H,1,0,H,14,18,6,3,20,9,7,8,6,2,1,0,4.33,4.0,1.73,4.4,3.8,1.75,,,,,,,,,,,,,4.5,4.0,1.8,4.29,3.78,1.74,1.8,2.0,,,1.8,2.02,1.75,1.98,0.75,1.85,2.0,,,1.85,2.0,1.79,1.94,3.7,3.9,1.85,3.9,3.75,1.88,,,,,,,,,,,,,4.1,3.9,1.91,3.89,3.74,1.84,1.67,2.2,,,1.71,2.2,1.68,2.12,0.5,1.98,1.88,,,1.98,1.88,1.9,1.82,Unknown,8,2,10,,,,,,,4.8,4.0,1.78,1.79,2.14,1.92,2.0,,,,,,,4.4,3.85,1.94,1.78,2.24,2.05,1.94,4.33,3.75,1.8,4.2,3.8,1.75,4.33,3.7,1.7,4.4,3.8,1.75,4.4,3.8,1.75,4.0,3.75,1.83,4.1,3.75,1.78,3.9,3.75,1.87,3.9,3.75,1.91,3.8,3.7,1.85,,,,,,,,,,,,,,,toulouse,lyon
F1,13/05/2026,18:00,Brest,Strasbourg,1,2,A,1,2,A,21,10,6,5,10,11,5,4,0,1,0,0,2.63,3.6,2.5,2.7,3.6,2.45,,,,,,,,,,,,,2.8,3.6,2.5,2.68,3.47,2.42,1.73,2.1,,,1.76,2.1,1.73,2.02,0.0,2.0,1.85,,,2.0,1.85,1.94,1.79,3.25,3.5,2.15,3.25,3.6,2.1,,,,,,,,,,,,,3.75,3.7,2.15,3.24,3.56,2.09,1.73,2.1,,,1.73,2.2,1.68,2.1,0.5,1.73,2.08,,,1.85,2.32,1.67,2.11,Unknown,0,1,1,,,,,,,2.84,3.75,2.58,1.81,2.18,2.08,1.89,,,,,,,3.45,3.7,2.24,1.75,2.3,1.8,2.22,2.63,3.6,2.5,2.8,3.35,2.38,2.63,3.4,2.4,,,,2.7,3.6,2.4,3.1,3.6,2.15,3.15,3.45,2.14,3.2,3.7,2.1,,,,3.2,3.6,2.1,,,,,,,,,,,,,,,brest,strasbourg
F1,13/05/2026,20:00,Lens,Paris SG,0,2,A,0,1,A,25,10,10,3,9,3,6,3,0,1,0,0,3.4,4.0,1.95,3.3,4.0,1.98,,,,,,,,,,,,,3.5,4.0,2.05,3.3,3.91,1.95,1.5,2.63,,,1.5,2.65,1.46,2.59,0.5,1.88,1.98,,,1.88,1.98,1.8,1.92,3.2,4.1,2.0,3.0,4.1,2.05,,,,,,,,,,,,,3.25,4.2,2.05,3.09,4.01,2.01,1.36,3.2,,,1.4,3.2,1.36,3.0,0.5,1.83,2.03,,,1.83,2.05,1.75,1.98,Unknown,0,1,1,,,,,,,3.55,4.3,2.02,1.53,2.74,1.95,2.02,,,,,,,3.45,4.2,2.1,1.41,3.35,1.89,2.11,3.3,4.0,1.95,3.35,4.0,1.9,3.25,3.8,1.93,3.3,4.0,2.0,3.3,3.9,2.0,3.1,4.0,2.05,3.05,3.95,2.02,3.2,4.1,2.0,,,,3.0,4.0,2.05,,,,,,,,,,,,,,,lens,paris sg
F1,17/05/2026,20:00,Brest,Angers,1,1,D,0,0,D,18,8,5,2,9,8,6,3,1,1,0,0,1.8,3.6,4.0,1.82,3.7,4.2,,,,,,,,,,,,,1.85,3.8,4.35,1.79,3.64,4.16,1.85,2.0,,,1.85,2.0,1.79,1.94,-0.5,1.83,2.03,,,1.83,2.03,1.76,1.97,1.95,3.4,3.9,1.95,3.5,3.8,,,,,,,,,,,,,2.0,3.5,4.0,1.93,3.43,3.79,2.0,1.8,,,2.0,1.91,1.93,1.81,-0.5,2.0,1.85,,,2.0,1.85,1.92,1.8,Unknown,1,1,2,,,,,,,1.86,3.85,4.4,1.91,2.06,1.86,2.07,,,,,,,2.04,3.55,4.1,2.08,1.88,2.04,1.93,1.8,3.75,4.2,1.75,3.65,4.35,1.8,3.5,4.0,1.8,3.7,4.2,1.8,3.7,4.2,1.9,3.5,4.0,1.83,3.4,3.75,2.0,3.4,3.8,1.95,3.5,3.8,1.95,3.5,3.8,,,,,,,,,,,,,,,brest,angers
F1,17/05/2026,20:00,Lille,Auxerre,0,2,A,0,1,A,12,7,3,4,9,16,4,2,3,2,0,0,1.36,4.5,7.5,1.39,5.0,7.5,,,,,,,,,,,,,1.4,5.0,8.5,1.36,4.77,7.87,1.73,2.1,,,1.73,2.15,1.68,2.1,-1.25,1.83,2.03,,,1.83,2.03,1.78,1.96,1.42,4.5,7.5,1.44,4.75,6.5,,,,,,,,,,,,,1.48,4.8,7.5,1.41,4.58,6.95,1.73,2.1,,,1.75,2.1,1.69,2.09,-1.25,1.98,1.88,,,1.98,1.88,1.92,1.82,Unknown,3,2,5,,,,,,,1.41,5.1,9.0,1.75,2.2,1.88,1.99,,,,,,,1.46,5.0,8.2,1.8,2.2,2.04,1.92,1.36,4.6,8.5,1.35,4.75,8.0,1.33,4.6,8.0,1.4,5.0,7.5,1.4,5.0,7.5,1.44,4.6,7.0,1.36,4.4,7.0,1.4,4.75,7.5,1.44,4.8,6.5,1.44,4.6,6.5,,,,,,,,,,,,,,,lille,auxerre
F1,17/05/2026,20:00,Lorient,Le Havre,0,2,A,0,1,A,12,7,2,4,11,11,5,1,2,1,0,0,2.55,3.3,2.5,2.6,3.5,2.6,,,,,,,,,,,,,2.7,3.6,2.63,2.55,3.43,2.56,1.88,1.98,,,1.91,1.98,1.84,1.9,0.0,1.95,1.9,,,1.95,1.95,1.87,1.87,2.3,3.6,3.0,2.3,3.4,3.0,,,,,,,,,,,,,2.38,3.6,3.0,2.29,3.4,2.92,1.83,2.03,,,1.86,2.03,1.8,1.94,-0.25,2.0,1.85,,,2.05,1.85,1.97,1.79,Unknown,2,1,3,,,,,,,2.68,3.7,2.74,1.94,2.0,1.97,2.0,,,,,,,2.4,3.55,3.25,1.9,2.06,2.06,1.93,2.6,3.4,2.63,2.48,3.5,2.55,2.6,3.3,2.5,2.6,3.5,2.6,2.6,3.5,2.6,2.3,3.5,3.0,2.25,3.3,2.75,2.25,3.5,3.0,2.3,3.4,3.0,2.3,3.4,3.0,,,,,,,,,,,,,,,lorient,le havre
F1,17/05/2026,20:00,Lyon,Lens,0,4,A,0,3,A,16,14,4,4,10,11,20,8,1,4,0,0,1.73,4.0,4.1,1.78,4.1,4.0,,,,,,,,,,,,,1.8,4.25,4.45,1.73,4.03,4.04,1.57,2.38,,,1.57,2.4,1.54,2.35,-0.75,1.98,1.88,,,1.98,1.91,1.89,1.86,1.57,4.33,5.0,1.55,4.75,5.0,,,,,,,,,,,,,1.57,4.8,5.5,1.52,4.52,5.16,1.5,2.63,,,1.5,2.8,1.47,2.58,-1.0,1.93,1.93,,,1.93,2.0,1.85,1.91,Unknown,1,4,5,,,,,,,1.84,4.3,4.3,1.59,2.52,2.05,1.91,,,,,,,1.6,5.1,5.5,1.51,2.88,1.99,1.97,1.73,4.0,4.2,1.73,4.0,4.0,1.7,3.9,4.1,1.8,4.0,4.0,1.8,4.0,3.9,1.53,4.5,5.5,1.48,4.3,5.1,1.53,4.5,5.5,1.55,4.8,5.0,1.55,4.8,4.8,,,,,,,,,,,,,,,lyon,lens
F1,17/05/2026,20:00,Marseille,Rennes,3,1,H,2,0,H,27,27,11,6,11,10,4,11,3,1,0,0,1.95,3.7,3.25,2.05,3.8,3.2,,,,,,,,,,,,,2.05,3.8,3.55,1.99,3.69,3.33,1.57,2.38,,,1.57,2.5,1.54,2.36,-0.5,2.03,1.83,,,2.03,1.83,1.97,1.76,1.8,4.2,3.8,1.8,4.1,3.7,,,,,,,,,,,,,1.91,4.33,4.0,1.82,4.11,3.58,1.33,3.4,,,1.35,3.4,1.33,3.19,-0.5,1.78,2.03,,,1.8,2.05,1.76,1.97,Unknown,3,1,4,,,,,,,2.1,3.95,3.55,1.65,2.5,2.1,1.87,,,,,,,1.89,4.3,4.1,1.38,3.5,1.9,2.09,2.05,3.75,3.25,1.93,3.65,3.55,1.95,3.7,3.25,2.05,3.8,3.2,2.05,3.8,3.2,1.91,4.2,3.3,1.87,3.85,3.25,1.8,4.33,3.7,1.8,4.2,3.7,1.8,4.2,3.7,,,,,,,,,,,,,,,marseille,rennes
F1,17/05/2026,20:00,Nantes,Toulouse,0,0,D,0,0,D,2,2,1,1,3,5,2,2,0,0,0,0,2.5,3.5,2.5,2.6,3.6,2.55,,,,,,,,,,,,,2.6,3.66,2.6,2.52,3.51,2.55,1.73,2.1,,,1.75,2.1,1.72,2.03,0.0,1.93,1.93,,,1.93,1.95,1.86,1.88,3.0,3.4,2.35,2.8,3.4,2.4,,,,,,,,,,,,,3.0,3.5,2.5,2.75,3.41,2.4,1.85,2.0,,,1.86,2.02,1.79,1.97,0.25,1.8,2.05,,,1.8,2.1,1.74,2.03,Unknown,0,0,0,,,,,,,2.68,3.65,2.68,1.84,2.16,1.97,1.95,,,,,,,3.05,3.55,2.52,1.92,2.06,1.85,2.17,2.6,3.5,2.6,2.45,3.55,2.6,2.5,3.4,2.55,2.6,3.6,2.6,2.6,3.5,2.5,2.75,3.5,2.4,2.48,3.45,2.43,2.88,3.4,2.38,2.8,3.4,2.45,2.8,3.4,2.4,,,,,,,,,,,,,,,nantes,toulouse
F1,17/05/2026,20:00,Nice,Metz,0,0,D,0,0,D,22,16,4,4,11,15,10,4,2,1,0,0,1.36,5.0,7.0,1.37,5.25,7.75,,,,,,,,,,,,,1.37,5.33,8.5,1.34,5.09,7.75,1.57,2.38,,,1.57,2.4,1.54,2.36,-1.5,2.0,1.85,,,2.0,1.85,1.95,1.78,1.27,5.75,10.0,1.28,6.25,9.25,,,,,,,,,,,,,1.29,6.5,10.5,1.27,5.78,9.47,1.5,2.63,,,1.5,2.8,1.46,2.6,-1.5,1.75,2.05,,,1.78,2.05,1.72,2.02,Unknown,2,1,3,,,,,,,1.38,5.7,8.8,1.65,2.48,2.05,1.89,,,,,,,1.3,6.6,11.5,1.54,2.78,1.82,2.15,1.36,5.0,8.0,1.32,5.1,8.5,1.3,5.0,8.0,1.36,5.25,7.5,1.36,5.0,7.5,1.29,5.5,10.0,1.26,5.25,9.0,1.25,6.0,10.5,1.28,6.5,9.0,1.28,6.0,9.0,,,,,,,,,,,,,,,nice,metz
F1,17/05/2026,20:00,Paris FC,Paris SG,2,1,H,0,0,D,17,9,9,2,8,9,3,3,2,1,0,0,5.5,4.1,1.53,4.75,4.6,1.58,,,,,,,,,,,,,5.75,4.7,1.58,5.15,4.54,1.52,1.4,3.0,,,1.8,3.0,1.39,2.88,1.0,2.03,1.78,,,2.03,1.86,1.94,1.81,5.75,5.0,1.48,5.25,5.0,1.5,,,,,,,,,,,,,6.0,5.0,1.5,5.62,4.81,1.46,1.36,3.2,,,1.38,3.3,1.35,3.01,1.25,1.88,1.98,,,1.88,1.98,1.84,1.9,Unknown,2,1,3,,,,,,,5.8,4.7,1.59,1.43,3.1,1.99,1.92,,,,,,,6.4,5.1,1.53,1.4,3.4,1.97,2.0,5.5,4.6,1.5,5.75,4.7,1.46,5.0,4.5,1.5,4.8,4.6,1.57,4.8,4.6,1.57,6.0,5.0,1.44,5.5,4.4,1.44,6.0,5.0,1.44,5.25,5.0,1.5,5.25,4.8,1.5,,,,,,,,,,,,,,,paris,paris sg
F1,17/05/2026,20:00,Strasbourg,Monaco,5,4,H,1,3,A,15,21,7,8,7,11,4,6,1,2,0,0,2.88,3.8,2.1,2.87,3.8,2.2,,,,,,,,,,,,,2.9,4.0,2.2,2.86,3.83,2.15,1.44,2.75,,,1.44,2.75,1.42,2.71,0.25,1.93,1.93,,,1.93,1.93,1.88,1.87,3.3,4.2,1.95,3.2,4.2,1.98,,,,,,,,,,,,,3.33,4.33,2.0,3.19,4.13,1.93,1.33,3.4,,,1.35,3.4,1.32,3.25,0.5,1.88,1.98,,,1.88,1.98,1.82,1.91,Unknown,1,2,3,,,,,,,3.05,4.0,2.24,1.5,2.88,1.97,1.97,,,,,,,3.5,4.5,2.0,1.37,3.6,1.98,2.0,2.88,4.0,2.15,2.8,3.85,2.2,2.88,3.75,2.1,2.9,3.8,2.2,2.87,3.8,2.2,3.2,4.2,1.95,3.15,3.95,1.87,3.25,4.2,1.95,3.2,4.2,1.95,3.2,4.2,1.95,,,,,,,,,,,,,,,strasbourg,monaco
F1,21/08/2026,19:45,Marseille,Strasbourg,4,0,H,0,0,D,14,5,8,2,6,12,3,4,1,2,0,1,1.73,4.1,4.33,1.73,4.1,4.33,,,,,,,,,,,,,1.75,4.2,4.33,1.72,4.05,4.28,1.57,2.38,,,1.58,2.6,1.51,2.46,-0.75,1.93,1.93,,,1.93,1.93,1.87,1.87,1.75,4.1,4.2,1.72,4.1,4.33,,,,,,,,,,,,,1.75,4.2,4.4,1.73,4.02,4.25,1.57,2.38,,,1.58,2.63,1.51,2.46,-0.75,1.98,1.88,,,1.98,1.9,1.9,1.84,Unknown,1,4,5,,,,,,,1.78,4.3,4.7,1.59,2.66,1.97,2.0,,,,,,,1.79,4.2,4.7,1.57,2.72,1.99,2.0,1.73,4.0,4.33,,,,1.7,4.1,4.33,,,,,,,1.73,4.0,4.33,,,,1.75,4.1,4.1,,,,,,,1.86,0.19,1.7,4.0,4.33,1.7,4.2,4.33,1.73,3.8,4.33,1.67,4.2,4.4,marseille,strasbourg
F1,22/08/2026,16:15,Lens,Auxerre,5,2,H,1,0,H,12,10,9,4,6,21,4,7,1,1,0,1,1.55,4.5,5.25,1.58,4.33,5.25,,,,,,,,,,,,,1.58,4.5,6.0,1.55,4.23,5.37,1.67,2.2,,,1.67,2.25,1.63,2.21,-1.0,1.95,1.9,,,1.95,1.9,1.9,1.84,1.42,4.5,7.5,1.44,4.75,6.75,,,,,,,,,,,,,1.5,4.8,7.5,1.44,4.56,6.9,1.67,2.2,,,1.67,2.25,1.65,2.17,-1.25,1.93,1.93,,,1.93,1.93,1.9,1.84,Unknown,1,3,4,,,,,,,1.59,4.5,6.0,1.7,2.32,1.98,1.96,,,,,,,1.49,4.7,8.0,1.75,2.28,2.05,1.9,1.57,4.33,5.5,,,,1.53,4.0,5.25,,,,,,,1.5,4.5,7.0,,,,1.4,4.75,7.5,,,,,,,4.42,1.85,1.5,4.2,5.5,1.53,4.2,5.5,1.44,4.33,7.0,1.44,4.5,7.0,lens,auxerre
F1,22/08/2026,19:45,Le Mans,Brest,2,2,D,1,1,D,8,26,5,7,14,12,1,10,1,1,0,0,2.55,3.4,2.7,2.55,3.4,2.65,,,,,,,,,,,,,2.58,3.5,2.75,2.51,3.39,2.69,1.88,1.98,,,1.88,1.98,1.84,1.9,0.0,1.88,1.98,,,1.88,1.98,1.8,1.94,2.5,3.3,2.8,2.45,3.3,2.8,,,,,,,,,,,,,2.58,3.4,2.8,2.5,3.32,2.76,1.98,1.88,,,1.98,1.91,1.9,1.84,0.0,1.8,2.05,,,1.8,2.05,1.78,1.97,Unknown,1,1,2,,,,,,,2.64,3.55,2.86,1.96,1.99,1.9,2.06,,,,,,,2.66,3.5,2.94,2.02,1.95,1.9,2.1,2.5,3.5,2.75,,,,2.45,3.3,2.63,,,,,,,2.5,3.4,2.75,,,,2.5,3.4,2.75,,,,,,,0.67,2.73,2.5,3.5,2.63,2.5,3.5,2.63,2.5,3.2,2.75,2.5,3.3,2.75,le mans,brest
F1,22/08/2026,19:45,Nice,Lorient,0,0,D,0,0,D,14,10,1,2,15,8,9,3,1,0,0,0,2.1,3.5,3.4,2.1,3.6,3.3,,,,,,,,,,,,,2.15,3.6,3.4,2.1,3.49,3.29,1.85,2.0,,,1.85,2.0,1.8,1.94,-0.25,1.83,2.03,,,1.83,2.03,1.8,1.95,2.3,3.3,3.2,2.3,3.2,3.2,,,,,,,,,,,,,2.4,3.3,3.2,2.33,3.23,3.1,2.1,1.73,,,2.15,1.73,2.06,1.71,-0.25,2.0,1.85,,,2.0,1.85,1.97,1.78,Unknown,1,0,1,,,,,,,2.2,3.6,3.6,1.91,2.02,1.9,2.08,,,,,,,2.5,3.35,3.25,2.18,1.82,2.12,1.87,2.15,3.6,3.25,,,,2.05,3.4,3.25,,,,,,,2.4,3.3,3.0,,,,2.3,3.3,3.1,,,,,,,1.05,1.27,2.1,3.6,3.3,2.05,3.6,3.25,2.38,3.1,3.0,2.3,3.25,3.1,nice,lorient
F1,22/08/2026,19:45,Toulouse,Lyon,0,2,A,0,0,D,17,11,2,3,15,15,6,5,1,2,0,0,2.8,3.4,2.5,2.7,3.5,2.45,,,,,,,,,,,,,2.98,3.6,2.5,2.78,3.39,2.42,1.83,2.03,,,1.83,2.03,1.77,1.98,0.0,2.03,1.83,,,2.1,1.83,2.01,1.75,2.2,3.5,3.2,2.25,3.4,3.1,,,,,,,,,,,,,2.3,3.5,3.2,2.25,3.42,3.09,1.88,1.98,,,1.88,2.0,1.83,1.91,-0.25,1.93,1.93,,,1.93,1.93,1.88,1.86,Unknown,1,2,3,,,,,,,2.9,3.5,2.64,1.88,2.06,2.09,1.89,,,,,,,2.36,3.5,3.4,1.98,2.0,2.01,1.97,2.8,3.6,2.38,,,,2.7,3.3,2.38,,,,,,,2.3,3.5,3.0,,,,2.2,3.5,3.2,,,,,,,2.76,0.7,2.75,3.3,2.5,2.75,3.25,2.5,2.25,3.25,3.1,2.25,3.4,3.1,toulouse,lyon
F1,22/08/2026,19:45,Troyes,Paris FC,0,0,D,0,0,D,9,10,2,1,8,14,6,2,2,1,0,0,3.1,3.4,2.3,2.9,3.5,2.3,,,,,,,,,,,,,3.1,3.6,2.32,2.96,3.46,2.27,1.73,2.1,,,1.73,2.15,1.68,2.1,0.25,1.88,1.98,,,1.88,1.98,1.82,1.93,3.5,3.4,2.1,3.3,3.5,2.1,,,,,,,,,,,,,3.5,3.6,2.15,3.3,3.52,2.11,1.8,2.0,,,1.8,2.1,1.73,2.03,0.5,1.75,2.05,,,1.75,2.1,1.71,2.05,Unknown,2,1,3,,,,,,,3.25,3.65,2.34,1.78,2.18,1.94,2.03,,,,,,,3.6,3.65,2.2,1.85,2.14,,,2.88,3.6,2.3,,,,2.9,3.5,2.2,,,,,,,3.2,3.6,2.15,,,,3.3,3.6,2.1,,,,,,,0.41,1.8,3.0,3.4,2.25,3.0,3.4,2.25,3.3,3.4,2.1,3.3,3.5,2.1,troyes,paris
F1,23/08/2026,14:00,Angers,Lille,0,2,A,0,2,A,20,11,2,8,11,13,8,3,2,2,0,0,5.0,3.7,1.7,5.0,3.6,1.71,,,,,,,,,,,,,5.1,3.8,1.73,4.88,3.69,1.69,2.03,1.83,,,2.03,1.85,1.94,1.8,0.75,1.93,1.93,,,1.93,1.93,1.87,1.87,5.0,3.6,1.73,4.75,3.6,1.77,,,,,,,,,,,,,5.0,3.6,1.81,4.67,3.58,1.76,2.1,1.73,,,2.1,1.8,2.04,1.73,0.75,1.88,1.98,,,1.88,2.0,1.8,1.96,Unknown,2,2,4,,,,,,,5.1,3.9,1.79,2.04,1.89,1.92,2.03,,,,,,,5.2,3.8,1.83,2.16,1.86,1.92,2.08,5.0,3.75,1.7,,,,4.75,3.6,1.67,,,,,,,4.5,3.6,1.8,,,,4.8,3.6,1.75,,,,,,,1.99,1.24,5.0,3.8,1.67,5.0,3.75,1.67,4.5,3.4,1.75,4.75,3.6,1.75,angers,lille
F1,23/08/2026,16:15,Le Havre,Monaco,0,1,A,0,1,A,15,15,4,7,13,12,7,4,3,2,0,0,3.6,4.0,1.91,3.7,3.9,1.88,,,,,,,,,,,,,3.75,4.0,1.97,3.64,3.82,1.87,1.57,2.38,,,1.58,2.38,1.56,2.3,0.5,1.98,1.88,,,1.98,1.9,1.9,1.83,4.2,3.5,1.9,3.9,3.5,1.93,,,,,,,,,,,,,4.2,3.6,2.0,3.89,3.5,1.92,2.03,1.83,,,2.03,1.95,1.86,1.88,0.5,1.95,1.9,,,1.95,1.91,1.88,1.85,Unknown,3,2,5,,,,,,,3.85,4.0,1.96,1.64,2.44,2.0,1.96,,,,,,,4.3,3.65,2.0,1.99,2.0,,,3.75,3.75,1.9,,,,3.6,3.75,1.83,,,,,,,3.5,3.4,2.0,,,,3.9,3.6,1.9,,,,,,,0.6,1.39,3.6,3.8,1.87,3.6,3.8,1.85,3.8,3.4,1.91,3.8,3.5,1.91,le havre,monaco
F1,23/08/2026,19:45,Rennes,Paris SG,2,2,D,2,0,H,9,19,3,5,7,6,0,10,2,2,0,0,5.75,4.75,1.5,5.5,4.5,1.52,,,,,,,,,,,,,6.0,4.75,1.54,5.44,4.57,1.5,1.44,2.75,,,1.45,3.0,1.41,2.77,1.0,2.05,1.75,,,2.05,1.8,2.01,1.74,6.0,5.0,1.45,5.75,4.75,1.49,,,,,,,,,,,,,6.5,5.0,1.5,5.94,4.84,1.45,1.4,3.0,,,1.45,3.0,1.41,2.78,1.25,1.88,1.98,,,1.88,1.98,1.84,1.9,Unknown,2,2,4,,,,,,,5.8,5.0,1.56,1.47,2.88,2.07,1.86,,,,,,,6.8,5.0,1.52,1.49,3.0,1.92,2.04,6.0,4.6,1.5,,,,5.5,4.5,1.44,,,,,,,5.5,5.0,1.44,,,,6.0,5.0,1.44,,,,,,,0.87,2.17,1.5,1.5,5.0,4.5,4.5,5.25,6.0,4.5,1.44,6.0,5.0,1.44,rennes,paris sg
